/*
SQLyog Professional v12.08 (64 bit)
MySQL - 5.5.53 : Database - yngs
*********************************************************************
*/

/*!40101 SET NAMES utf8 */;

/*!40101 SET SQL_MODE=''*/;

/*!40014 SET @OLD_UNIQUE_CHECKS=@@UNIQUE_CHECKS, UNIQUE_CHECKS=0 */;
/*!40014 SET @OLD_FOREIGN_KEY_CHECKS=@@FOREIGN_KEY_CHECKS, FOREIGN_KEY_CHECKS=0 */;
/*!40101 SET @OLD_SQL_MODE=@@SQL_MODE, SQL_MODE='NO_AUTO_VALUE_ON_ZERO' */;
/*!40111 SET @OLD_SQL_NOTES=@@SQL_NOTES, SQL_NOTES=0 */;
CREATE DATABASE /*!32312 IF NOT EXISTS*/`yngs` /*!40100 DEFAULT CHARACTER SET utf8 */;

USE `yngs`;

/*Table structure for table `xx_ad` */

DROP TABLE IF EXISTS `xx_ad`;

CREATE TABLE `xx_ad` (
  `id` bigint(20) NOT NULL AUTO_INCREMENT,
  `create_date` datetime NOT NULL,
  `modify_date` datetime NOT NULL,
  `version` bigint(20) NOT NULL,
  `orders` int(11) DEFAULT NULL,
  `begin_date` datetime DEFAULT NULL,
  `content` longtext,
  `end_date` datetime DEFAULT NULL,
  `path` varchar(255) DEFAULT NULL,
  `title` varchar(255) NOT NULL,
  `type` int(11) NOT NULL,
  `url` varchar(255) DEFAULT NULL,
  `ad_position` bigint(20) NOT NULL,
  PRIMARY KEY (`id`),
  KEY `ind_ad_ad_position` (`ad_position`),
  CONSTRAINT `fk_ad_ad_position` FOREIGN KEY (`ad_position`) REFERENCES `xx_ad_position` (`id`)
) ENGINE=InnoDB AUTO_INCREMENT=16 DEFAULT CHARSET=utf8;

/*Data for the table `xx_ad` */

insert  into `xx_ad`(`id`,`create_date`,`modify_date`,`version`,`orders`,`begin_date`,`content`,`end_date`,`path`,`title`,`type`,`url`,`ad_position`) values (1,'2017-06-18 00:58:28','2017-06-18 00:58:28',0,1,NULL,NULL,NULL,'http://localhost:8080/yngs/upload/image/201611/0025a92b-d009-4207-a129-362492beb766.jpg','新澳喜农',1,'/yngs/promotion/content/2.jhtml',1),(2,'2017-06-18 00:58:29','2017-06-18 00:58:29',0,2,NULL,NULL,NULL,'http://localhost:8080/yngs/upload/image/201611/e10126f5-62a3-4b10-9d1c-be2297ec11bf.jpg','别等了',1,'#',1),(3,'2017-06-18 00:58:30','2017-06-18 00:58:30',0,3,NULL,NULL,NULL,'http://localhost:8080/yngs/upload/image/201611/ada84b42-3710-4f82-8912-2056a6ee82c5.jpg','麦田',1,'#',1),(4,'2017-06-18 00:58:31','2017-06-18 00:58:31',0,1,NULL,NULL,NULL,'http://localhost:8080/yngs/upload/image/201611/41a12160-fda3-4168-a4de-c348c45a4f00.jpg','五谷568',1,'#',2),(5,'2017-06-18 00:58:32','2017-06-18 00:58:32',0,2,NULL,NULL,NULL,'http://localhost:8080/yngs/upload/image/201611/281861d9-13ee-4e7d-9c3b-5e547d52765c.jpg','敦煌飞天',1,'#',2),(6,'2017-06-18 00:58:33','2017-06-18 00:58:33',0,3,NULL,NULL,NULL,'http://localhost:8080/yngs/upload/image/201611/dd82410e-9cbf-48b7-8bcb-a72fc2f35a75.jpg','锄田',1,'#',2),(7,'2017-06-18 00:58:34','2017-06-18 00:58:34',0,4,NULL,NULL,NULL,'http://localhost:8080/yngs/upload/image/201611/8530049b-9c33-4b27-90e3-a5db3d35224c.jpg','种子',1,'#',2),(8,'2017-06-18 00:58:35','2017-06-18 00:58:35',0,1,NULL,NULL,NULL,'http://localhost:8080/yngs/upload/image/201612/5ba8af18-4152-40a5-9c66-049e340d7f8e.png','云农公社',1,'#',3),(9,'2017-06-18 00:58:36','2017-06-18 00:58:36',0,1,NULL,NULL,NULL,'http://localhost:8080/yngs/upload/image/201612/a1893d40-cc45-4133-b51b-8d0e804d46fe.jpg','好玉来',1,'#',4),(10,'2017-06-18 00:58:37','2017-06-18 00:58:37',0,2,NULL,NULL,NULL,'http://localhost:8080/yngs/upload/image/201612/9d1981b7-2e8f-42e9-af0f-8bb5143648f8.jpg','玉米种',1,'#',4),(11,'2017-06-18 00:58:38','2017-06-18 00:58:38',0,3,NULL,NULL,NULL,'http://localhost:8080/yngs/upload/image/201612/975f78f4-b0c8-4551-9fdf-1af5fa91bd9a.jpg','农玉',1,'#',4),(12,'2017-06-18 00:58:39','2017-06-18 00:58:39',0,1,NULL,NULL,NULL,'http://localhost:8080/yngs/upload/image/201611/919d8f8b-757b-42ad-a7e1-abadb68119c8.jpg','水溶肥',1,'#',5),(13,'2017-06-18 00:58:40','2017-06-18 00:58:40',0,2,NULL,NULL,NULL,'http://localhost:8080/yngs/upload/image/201611/60628328-4fbc-4c01-8c11-2a1aee1342f6.jpg','种子',1,'#',5),(14,'2017-06-18 00:58:41','2017-06-18 00:58:41',0,3,NULL,NULL,NULL,'http://localhost:8080/yngs/upload/image/201611/7765207f-ec60-450e-9662-c1d8bd718f59.jpg','奥科种业',1,'#',5),(15,'2017-06-18 00:58:42','2017-06-18 00:58:42',0,1,NULL,NULL,NULL,'http://localhost:8080/yngs/upload/image/201612/578279fd-8d94-48d2-a79d-6b13ba3c8270.jpg','服务宣传',1,NULL,6);

/*Table structure for table `xx_ad_position` */

DROP TABLE IF EXISTS `xx_ad_position`;

CREATE TABLE `xx_ad_position` (
  `id` bigint(20) NOT NULL AUTO_INCREMENT,
  `create_date` datetime NOT NULL,
  `modify_date` datetime NOT NULL,
  `version` bigint(20) NOT NULL,
  `description` varchar(255) DEFAULT NULL,
  `height` int(11) NOT NULL,
  `name` varchar(255) NOT NULL,
  `template` longtext NOT NULL,
  `width` int(11) NOT NULL,
  PRIMARY KEY (`id`)
) ENGINE=InnoDB AUTO_INCREMENT=10 DEFAULT CHARSET=utf8;

/*Data for the table `xx_ad_position` */

insert  into `xx_ad_position`(`id`,`create_date`,`modify_date`,`version`,`description`,`height`,`name`,`template`,`width`) values (1,'2017-06-18 00:58:19','2017-06-18 00:58:19',0,NULL,366,'首页 - 轮播广告','<div id=\"slider\" class=\"slideBox ncp-lunbo\">\r\n        <ul class=\"items\">\r\n        	[#list adPosition.ads as ad]\r\n	        	[#if ad.type == \"image\" && ad.hasBegun() && !ad.hasEnded()]\r\n		        	[#if ad.url??]\r\n			        	<li><a href=\"${ad.url}\"  title=\"${ad.title}\">\r\n				        	<img src=\"${ad.path}\" alt=\"${ad.title}\" title=\"${ad.title}\" />\r\n        				</a></li>\r\n	        		[#else]\r\n		        		<li><img src=\"${ad.path}\" alt=\"${ad.title}\" title=\"${ad.title}\" /></li>\r\n			        [/#if]\r\n		        [/#if]\r\n	        [/#list]\r\n        </ul>\r\n</div>',1000),(2,'2017-06-18 00:58:20','2017-06-18 00:58:20',0,NULL,240,'首页 - 热点广告','[#list adPosition.ads as ad]\r\n	[#if ad.type == \"image\" && ad.hasBegun() && !ad.hasEnded()]\r\n		<div class=\"ncp-hotFunds\">\r\n			<div style=\"padding: 10px 15px\">\r\n                		<img src=\"${ad.path}\" alt=\"${ad.title}\" title=\"${ad.title}\">\r\n		</div>\r\n		<div class=\"ncp-center\">\r\n			<div class=\"hot-title\">${ad.title}</div>\r\n				[#if ad.url??]\r\n					<div style=\"margin-top: 12px\">\r\n	                    			<a href=\"\" class=\" hot-btn\">去看看</a>\r\n	                    			<div class=\"clearfix\"></div>\r\n	                		</div>\r\n				[/#if]\r\n			</div>\r\n		</div>\r\n	[/#if]\r\n[/#list]',240),(3,'2017-06-18 00:58:21','2017-06-18 00:58:21',0,NULL,110,'首页 - 中部广告','[#list adPosition.ads as ad]\r\n	[#if ad.type == \"image\" && ad.hasBegun() && !ad.hasEnded()]\r\n		[#if ad.url??]\r\n			<a href=\"${ad.url}\">\r\n				<img src=\"${ad.path}\" alt=\"${ad.title}\" title=\"${ad.title}\" />\r\n			</a>\r\n		[#else]\r\n			<img src=\"${ad.path}\" alt=\"${ad.title}\" title=\"${ad.title}\" />\r\n		[/#if]\r\n	[/#if]\r\n[/#list]',1190),(4,'2017-06-18 00:58:22','2017-06-18 00:58:22',0,NULL,350,'首页 - 分栏广告','[#if ad.type == \"image\" && ad.hasBegun() && !ad.hasEnded()]\r\n	[#if ad.url??]\r\n		<a href=\"${ad.url}\">\r\n			<img src=\"${ad.path}\" alt=\"${ad.title}\" title=\"${ad.title}\" />\r\n		</a>\r\n	[#else]\r\n		<img src=\"${ad.path}\" alt=\"${ad.title}\" title=\"${ad.title}\" />\r\n	[/#if]\r\n[/#if]',190),(5,'2017-06-18 00:58:23','2017-06-18 00:58:23',0,NULL,180,'首页 - 底部广告','<div class=\"bottomAd\">\r\n	<ul>\r\n		[#list adPosition.ads as ad]\r\n			[#if ad.type == \"image\" && ad.hasBegun() && !ad.hasEnded()]\r\n				<li>\r\n					[#if ad.url??]\r\n						<a href=\"${ad.url}\">\r\n							<img src=\"${ad.path}\" alt=\"${ad.title}\" title=\"${ad.title}\" />\r\n						</a>\r\n					[#else]\r\n						<img src=\"${ad.path}\" alt=\"${ad.title}\" title=\"${ad.title}\" />\r\n					[/#if]\r\n				</li>\r\n			[/#if]\r\n		[/#list]\r\n	</ul>\r\n</div>',396),(6,'2017-06-18 00:58:24','2017-06-18 00:58:24',0,NULL,300,'会员登录 - 左侧','[#list adPosition.ads as ad]\r\n	[#if ad.type == \"image\" && ad.hasBegun() && !ad.hasEnded()]\r\n		[#if ad.url??]\r\n			<a href=\"${ad.url}\">\r\n				<img src=\"${ad.path}\" width=\"${adPosition.width}\" height=\"${adPosition.height}\" alt=\"${ad.title}\" />\r\n			</a>\r\n		[#else]\r\n			<img src=\"${ad.path}\" width=\"${adPosition.width}\" height=\"${adPosition.height}\" alt=\"${ad.title}\" />\r\n		[/#if]\r\n	[/#if]\r\n[/#list]',500),(7,'2017-06-18 00:58:25','2017-06-18 00:58:25',0,NULL,380,'农资首页 - 轮播广告','<div id=\"slider\" class=\"slideBox\">\r\n        <ul class=\"items\">\r\n        	[#list adPosition.ads as ad]\r\n	        	[#if ad.type == \"image\" && ad.hasBegun() && !ad.hasEnded()]\r\n		        	[#if ad.url??]\r\n			        	<li><a href=\"${ad.url}\"  title=\"${ad.title}\">\r\n				        	<img src=\"${ad.path}\" alt=\"${ad.title}\" title=\"${ad.title}\" />\r\n        				</a></li>\r\n	        		[#else]\r\n		        		<li><img src=\"${ad.path}\" alt=\"${ad.title}\" title=\"${ad.title}\" /></li>\r\n			        [/#if]\r\n		        [/#if]\r\n	        [/#list]\r\n        </ul>\r\n</div>',590),(8,'2017-06-18 00:58:26','2017-06-18 00:58:26',0,NULL,300,'农资首页 - 分栏广告','[#if ad.type == \"image\" && ad.hasBegun() && !ad.hasEnded()]\r\n	[#if ad.url??]\r\n		<a href=\"${ad.url}\">\r\n			<img src=\"${ad.path}\" alt=\"${ad.title}\" title=\"${ad.title}\" />\r\n		</a>\r\n	[#else]\r\n		<img src=\"${ad.path}\" alt=\"${ad.title}\" title=\"${ad.title}\" />\r\n	[/#if]\r\n[/#if]',250),(9,'2017-06-18 00:58:27','2017-06-18 00:58:27',0,NULL,1,'首页 - 顶部广告','[#list adPosition.ads as ad]\r\n	        [#if ad.type == \"image\" && ad.hasBegun() && !ad.hasEnded()]\r\n		        [#if ad.url??]\r\n			        <a href=\"${ad.url}\" id=\"MyMoveAd\" style=\"background-image: url(${ad.path});\"> </a>\r\n			[/#if]\r\n		[/#if]\r\n[/#list]',1);

/*Table structure for table `xx_admin` */

DROP TABLE IF EXISTS `xx_admin`;

CREATE TABLE `xx_admin` (
  `id` bigint(20) NOT NULL AUTO_INCREMENT,
  `create_date` datetime NOT NULL,
  `modify_date` datetime NOT NULL,
  `version` bigint(20) NOT NULL,
  `department` varchar(255) DEFAULT NULL,
  `address` varchar(255) DEFAULT NULL,
  `contacts` varchar(255) DEFAULT NULL,
  `email` varchar(255) NOT NULL,
  `is_enabled` bit(1) NOT NULL,
  `is_locked` bit(1) NOT NULL,
  `lock_key` varchar(255) NOT NULL,
  `locked_date` datetime DEFAULT NULL,
  `login_date` datetime DEFAULT NULL,
  `login_failure_count` int(11) NOT NULL,
  `login_ip` varchar(255) DEFAULT NULL,
  `sn` varchar(100) DEFAULT NULL,
  `name` varchar(255) DEFAULT NULL,
  `password` varchar(255) NOT NULL,
  `username` varchar(255) NOT NULL,
  `area` bigint(20) DEFAULT NULL,
  `admin` bigint(20) DEFAULT NULL,
  `mobile` varchar(255) NOT NULL,
  PRIMARY KEY (`id`),
  UNIQUE KEY `uni_admin_username` (`username`),
  UNIQUE KEY `uni_admin_mobile` (`mobile`),
  KEY `fk_admin_area` (`area`),
  KEY `fk_admin_admin` (`admin`),
  CONSTRAINT `fk_admin_admin` FOREIGN KEY (`admin`) REFERENCES `xx_admin` (`id`),
  CONSTRAINT `fk_admin_area` FOREIGN KEY (`area`) REFERENCES `xx_area` (`id`)
) ENGINE=InnoDB AUTO_INCREMENT=9 DEFAULT CHARSET=utf8;

/*Data for the table `xx_admin` */

insert  into `xx_admin`(`id`,`create_date`,`modify_date`,`version`,`department`,`address`,`contacts`,`email`,`is_enabled`,`is_locked`,`lock_key`,`locked_date`,`login_date`,`login_failure_count`,`login_ip`,`sn`,`name`,`password`,`username`,`area`,`admin`,`mobile`) values (1,'2017-06-18 00:59:38','2017-06-19 17:18:46',2,'技术部',NULL,NULL,'admin@shopxx.net','','\0','1s65d1fas5d1fa2s1fa5ew1fa6s',NULL,'2017-06-19 17:18:45',0,'0:0:0:0:0:0:0:1','001','管理员','b59c67bf196a4758191e42f76670ceba','admin',NULL,NULL,'15169071571'),(2,'2017-06-18 00:59:39','2017-06-18 00:59:39',0,'技术部',NULL,NULL,'admin@shopxx.net','','\0','1s65d1fas5d1fa2s1fa5ew1fa6s',NULL,'2017-06-18 00:59:39',0,'127.0.0.1','002','东平县服务站','b59c67bf196a4758191e42f76670ceba','dongping',1443,NULL,'13355555555'),(3,'2017-06-18 00:59:40','2017-06-18 00:59:40',0,'技术部',NULL,NULL,'admin@shopxx.net','','\0','1s65d1fas5d1fa2s1fa5ew1fa6s',NULL,'2017-06-18 00:59:40',0,'127.0.0.1','003','宁阳县服务站','b59c67bf196a4758191e42f76670ceba','ningyang',1442,NULL,'13311111111'),(4,'2017-06-18 00:59:41','2017-06-18 00:59:41',0,'技术部',NULL,NULL,'admin@shopxx.net','','\0','1s65d1fas5d1fa2s1fa5ew1fa6s',NULL,'2017-06-18 00:59:41',0,'127.0.0.1','004','肥城县服务站','b59c67bf196a4758191e42f76670ceba','feicheng',1445,NULL,'13322222222'),(5,'2017-06-18 00:59:42','2017-06-18 00:59:42',0,'技术部',NULL,NULL,'admin@shopxx.net','','\0','1s65d1fas5d1fa2s1fa5ew1fa6s',NULL,'2017-06-18 00:59:42',0,'127.0.0.1','005','老虎镇服务站','b59c67bf196a4758191e42f76670ceba','laohu',1443,2,'13333333333'),(6,'2017-06-18 00:59:43','2017-06-18 00:59:43',0,'技术部',NULL,NULL,'admin@shopxx.net','','\0','1s65d1fas5d1fa2s1fa5ew1fa6s',NULL,'2017-06-18 00:59:43',0,'127.0.0.1','006','梯门乡服务站','b59c67bf196a4758191e42f76670ceba','timen',1443,2,'13344444444'),(7,'2017-06-18 00:59:44','2017-06-18 00:59:44',0,'技术部',NULL,NULL,'admin@shopxx.net','','\0','1s65d1fas5d1fa2s1fa5ew1fa6s',NULL,'2017-06-18 00:59:44',0,'127.0.0.1','007','企业1','b59c67bf196a4758191e42f76670ceba','qiye1',1443,NULL,'13344444445'),(8,'2017-06-18 00:59:45','2017-06-18 00:59:45',0,'技术部',NULL,NULL,'admin@shopxx.net','','\0','1s65d1fas5d1fa2s1fa5ew1fa6s',NULL,'2017-06-18 00:59:45',0,'127.0.0.1','008','企业2','b59c67bf196a4758191e42f76670ceba','qiye2',1443,NULL,'13344444446');

/*Table structure for table `xx_admin_role` */

DROP TABLE IF EXISTS `xx_admin_role`;

CREATE TABLE `xx_admin_role` (
  `admins` bigint(20) NOT NULL,
  `roles` bigint(20) NOT NULL,
  PRIMARY KEY (`admins`,`roles`),
  KEY `ind_admin_role_roles` (`roles`),
  CONSTRAINT `fk_admin_role_admins` FOREIGN KEY (`admins`) REFERENCES `xx_admin` (`id`),
  CONSTRAINT `fk_admin_role_roles` FOREIGN KEY (`roles`) REFERENCES `xx_role` (`id`)
) ENGINE=InnoDB DEFAULT CHARSET=utf8;

/*Data for the table `xx_admin_role` */

insert  into `xx_admin_role`(`admins`,`roles`) values (1,1),(2,2),(3,2),(4,2),(5,3),(6,3),(7,4),(8,4);

/*Table structure for table `xx_agriculture` */

DROP TABLE IF EXISTS `xx_agriculture`;

CREATE TABLE `xx_agriculture` (
  `id` bigint(20) NOT NULL AUTO_INCREMENT,
  `create_date` datetime NOT NULL,
  `modify_date` datetime NOT NULL,
  `version` bigint(20) NOT NULL,
  `product_category` bigint(20) NOT NULL,
  `purchase_price` decimal(21,6) DEFAULT NULL,
  `sell_price` decimal(21,6) DEFAULT NULL,
  `agricultural_quantity` int(11) DEFAULT NULL,
  `admin` bigint(20) DEFAULT NULL,
  `village_admin` bigint(20) DEFAULT NULL,
  PRIMARY KEY (`id`),
  KEY `FK_mw43smngykrebwx6y6xehk86c` (`admin`),
  KEY `FK_l0xbbrybwdcy85kihhbc0y03` (`product_category`),
  KEY `FK_mpetw95ikkyuwr4ex02o5y889` (`village_admin`),
  CONSTRAINT `FK_l0xbbrybwdcy85kihhbc0y03` FOREIGN KEY (`product_category`) REFERENCES `xx_product_category` (`id`),
  CONSTRAINT `FK_mpetw95ikkyuwr4ex02o5y889` FOREIGN KEY (`village_admin`) REFERENCES `xx_admin` (`id`),
  CONSTRAINT `FK_mw43smngykrebwx6y6xehk86c` FOREIGN KEY (`admin`) REFERENCES `xx_admin` (`id`)
) ENGINE=InnoDB DEFAULT CHARSET=utf8;

/*Data for the table `xx_agriculture` */

/*Table structure for table `xx_apply_withdraw` */

DROP TABLE IF EXISTS `xx_apply_withdraw`;

CREATE TABLE `xx_apply_withdraw` (
  `id` bigint(20) NOT NULL AUTO_INCREMENT,
  `create_date` datetime NOT NULL,
  `modify_date` datetime NOT NULL,
  `version` bigint(20) NOT NULL,
  `sn` varchar(255) DEFAULT NULL,
  `bank` varchar(255) DEFAULT NULL,
  `receiver` varchar(255) DEFAULT NULL,
  `account` varchar(255) DEFAULT NULL,
  `amount` decimal(21,6) DEFAULT NULL,
  `memo` varchar(255) DEFAULT NULL,
  `status` int(11) NOT NULL,
  `operator` bigint(20) DEFAULT NULL,
  `shop` bigint(20) DEFAULT NULL,
  PRIMARY KEY (`id`),
  KEY `FK_dk7s3q2f50bogcxogbgyj3uqy` (`operator`),
  KEY `FK_ift8hq8bkbk2okqhuwipqubul` (`shop`),
  CONSTRAINT `FK_dk7s3q2f50bogcxogbgyj3uqy` FOREIGN KEY (`operator`) REFERENCES `xx_admin` (`id`),
  CONSTRAINT `FK_ift8hq8bkbk2okqhuwipqubul` FOREIGN KEY (`shop`) REFERENCES `xx_shop` (`id`)
) ENGINE=InnoDB DEFAULT CHARSET=utf8;

/*Data for the table `xx_apply_withdraw` */

/*Table structure for table `xx_area` */

DROP TABLE IF EXISTS `xx_area`;

CREATE TABLE `xx_area` (
  `id` bigint(20) NOT NULL AUTO_INCREMENT,
  `create_date` datetime NOT NULL,
  `modify_date` datetime NOT NULL,
  `version` bigint(20) NOT NULL,
  `orders` int(11) DEFAULT NULL,
  `full_name` longtext NOT NULL,
  `grade` int(11) NOT NULL,
  `name` varchar(255) NOT NULL,
  `tree_path` varchar(255) NOT NULL,
  `parent` bigint(20) DEFAULT NULL,
  PRIMARY KEY (`id`),
  KEY `ind_area_parent` (`parent`),
  CONSTRAINT `fk_area_parent` FOREIGN KEY (`parent`) REFERENCES `xx_area` (`id`)
) ENGINE=InnoDB AUTO_INCREMENT=3223 DEFAULT CHARSET=utf8;

/*Data for the table `xx_area` */

insert  into `xx_area`(`id`,`create_date`,`modify_date`,`version`,`orders`,`full_name`,`grade`,`name`,`tree_path`,`parent`) values (1,'2017-06-18 00:04:06','2017-06-18 00:04:06',0,1,'北京市',0,'北京市',',',NULL),(2,'2017-06-18 00:04:07','2017-06-18 00:04:07',0,1,'北京市东城区',1,'东城区',',1,',1),(3,'2017-06-18 00:04:08','2017-06-18 00:04:08',0,2,'北京市西城区',1,'西城区',',1,',1),(4,'2017-06-18 00:04:09','2017-06-18 00:04:09',0,3,'北京市朝阳区',1,'朝阳区',',1,',1),(5,'2017-06-18 00:04:10','2017-06-18 00:04:10',0,4,'北京市丰台区',1,'丰台区',',1,',1),(6,'2017-06-18 00:04:11','2017-06-18 00:04:11',0,5,'北京市石景山区',1,'石景山区',',1,',1),(7,'2017-06-18 00:04:12','2017-06-18 00:04:12',0,6,'北京市海淀区',1,'海淀区',',1,',1),(8,'2017-06-18 00:04:13','2017-06-18 00:04:13',0,7,'北京市门头沟区',1,'门头沟区',',1,',1),(9,'2017-06-18 00:04:14','2017-06-18 00:04:14',0,8,'北京市房山区',1,'房山区',',1,',1),(10,'2017-06-18 00:04:15','2017-06-18 00:04:15',0,9,'北京市通州区',1,'通州区',',1,',1),(11,'2017-06-18 00:04:16','2017-06-18 00:04:16',0,10,'北京市顺义区',1,'顺义区',',1,',1),(12,'2017-06-18 00:04:17','2017-06-18 00:04:17',0,11,'北京市昌平区',1,'昌平区',',1,',1),(13,'2017-06-18 00:04:18','2017-06-18 00:04:18',0,12,'北京市大兴区',1,'大兴区',',1,',1),(14,'2017-06-18 00:04:19','2017-06-18 00:04:19',0,13,'北京市怀柔区',1,'怀柔区',',1,',1),(15,'2017-06-18 00:04:20','2017-06-18 00:04:20',0,14,'北京市平谷区',1,'平谷区',',1,',1),(16,'2017-06-18 00:04:21','2017-06-18 00:04:21',0,15,'北京市密云县',1,'密云县',',1,',1),(17,'2017-06-18 00:04:22','2017-06-18 00:04:22',0,16,'北京市延庆县',1,'延庆县',',1,',1),(18,'2017-06-18 00:04:23','2017-06-18 00:04:23',0,2,'天津市',0,'天津市',',',NULL),(19,'2017-06-18 00:04:24','2017-06-18 00:04:24',0,1,'天津市和平区',1,'和平区',',18,',18),(20,'2017-06-18 00:04:25','2017-06-18 00:04:25',0,2,'天津市河东区',1,'河东区',',18,',18),(21,'2017-06-18 00:04:26','2017-06-18 00:04:26',0,3,'天津市河西区',1,'河西区',',18,',18),(22,'2017-06-18 00:04:27','2017-06-18 00:04:27',0,4,'天津市南开区',1,'南开区',',18,',18),(23,'2017-06-18 00:04:28','2017-06-18 00:04:28',0,5,'天津市河北区',1,'河北区',',18,',18),(24,'2017-06-18 00:04:29','2017-06-18 00:04:29',0,6,'天津市红桥区',1,'红桥区',',18,',18),(25,'2017-06-18 00:04:30','2017-06-18 00:04:30',0,7,'天津市东丽区',1,'东丽区',',18,',18),(26,'2017-06-18 00:04:31','2017-06-18 00:04:31',0,8,'天津市西青区',1,'西青区',',18,',18),(27,'2017-06-18 00:04:32','2017-06-18 00:04:32',0,9,'天津市津南区',1,'津南区',',18,',18),(28,'2017-06-18 00:04:33','2017-06-18 00:04:33',0,10,'天津市北辰区',1,'北辰区',',18,',18),(29,'2017-06-18 00:04:34','2017-06-18 00:04:34',0,11,'天津市武清区',1,'武清区',',18,',18),(30,'2017-06-18 00:04:35','2017-06-18 00:04:35',0,12,'天津市宝坻区',1,'宝坻区',',18,',18),(31,'2017-06-18 00:04:36','2017-06-18 00:04:36',0,13,'天津市滨海新区',1,'滨海新区',',18,',18),(32,'2017-06-18 00:04:37','2017-06-18 00:04:37',0,14,'天津市宁河县',1,'宁河县',',18,',18),(33,'2017-06-18 00:04:38','2017-06-18 00:04:38',0,15,'天津市静海县',1,'静海县',',18,',18),(34,'2017-06-18 00:04:39','2017-06-18 00:04:39',0,16,'天津市蓟县',1,'蓟县',',18,',18),(35,'2017-06-18 00:04:40','2017-06-18 00:04:40',0,3,'河北省',0,'河北省',',',NULL),(36,'2017-06-18 00:04:41','2017-06-18 00:04:41',0,1,'河北省石家庄市',1,'石家庄市',',35,',35),(37,'2017-06-18 00:04:42','2017-06-18 00:04:42',0,1,'河北省石家庄市长安区',2,'长安区',',35,36,',36),(38,'2017-06-18 00:04:43','2017-06-18 00:04:43',0,2,'河北省石家庄市桥东区',2,'桥东区',',35,36,',36),(39,'2017-06-18 00:04:44','2017-06-18 00:04:44',0,3,'河北省石家庄市桥西区',2,'桥西区',',35,36,',36),(40,'2017-06-18 00:04:45','2017-06-18 00:04:45',0,4,'河北省石家庄市新华区',2,'新华区',',35,36,',36),(41,'2017-06-18 00:04:46','2017-06-18 00:04:46',0,5,'河北省石家庄市井陉矿区',2,'井陉矿区',',35,36,',36),(42,'2017-06-18 00:04:47','2017-06-18 00:04:47',0,6,'河北省石家庄市裕华区',2,'裕华区',',35,36,',36),(43,'2017-06-18 00:04:48','2017-06-18 00:04:48',0,7,'河北省石家庄市井陉县',2,'井陉县',',35,36,',36),(44,'2017-06-18 00:04:49','2017-06-18 00:04:49',0,8,'河北省石家庄市正定县',2,'正定县',',35,36,',36),(45,'2017-06-18 00:04:50','2017-06-18 00:04:50',0,9,'河北省石家庄市栾城县',2,'栾城县',',35,36,',36),(46,'2017-06-18 00:04:51','2017-06-18 00:04:51',0,10,'河北省石家庄市行唐县',2,'行唐县',',35,36,',36),(47,'2017-06-18 00:04:52','2017-06-18 00:04:52',0,11,'河北省石家庄市灵寿县',2,'灵寿县',',35,36,',36),(48,'2017-06-18 00:04:53','2017-06-18 00:04:53',0,12,'河北省石家庄市高邑县',2,'高邑县',',35,36,',36),(49,'2017-06-18 00:04:54','2017-06-18 00:04:54',0,13,'河北省石家庄市深泽县',2,'深泽县',',35,36,',36),(50,'2017-06-18 00:04:55','2017-06-18 00:04:55',0,14,'河北省石家庄市赞皇县',2,'赞皇县',',35,36,',36),(51,'2017-06-18 00:04:56','2017-06-18 00:04:56',0,15,'河北省石家庄市无极县',2,'无极县',',35,36,',36),(52,'2017-06-18 00:04:57','2017-06-18 00:04:57',0,16,'河北省石家庄市平山县',2,'平山县',',35,36,',36),(53,'2017-06-18 00:04:58','2017-06-18 00:04:58',0,17,'河北省石家庄市元氏县',2,'元氏县',',35,36,',36),(54,'2017-06-18 00:04:59','2017-06-18 00:04:59',0,18,'河北省石家庄市赵县',2,'赵县',',35,36,',36),(55,'2017-06-18 00:05:00','2017-06-18 00:05:00',0,19,'河北省石家庄市辛集市',2,'辛集市',',35,36,',36),(56,'2017-06-18 00:05:01','2017-06-18 00:05:01',0,20,'河北省石家庄市藁城市',2,'藁城市',',35,36,',36),(57,'2017-06-18 00:05:02','2017-06-18 00:05:02',0,21,'河北省石家庄市晋州市',2,'晋州市',',35,36,',36),(58,'2017-06-18 00:05:03','2017-06-18 00:05:03',0,22,'河北省石家庄市新乐市',2,'新乐市',',35,36,',36),(59,'2017-06-18 00:05:04','2017-06-18 00:05:04',0,23,'河北省石家庄市鹿泉市',2,'鹿泉市',',35,36,',36),(60,'2017-06-18 00:05:05','2017-06-18 00:05:05',0,2,'河北省唐山市',1,'唐山市',',35,',35),(61,'2017-06-18 00:05:06','2017-06-18 00:05:06',0,1,'河北省唐山市路南区',2,'路南区',',35,60,',60),(62,'2017-06-18 00:05:07','2017-06-18 00:05:07',0,2,'河北省唐山市路北区',2,'路北区',',35,60,',60),(63,'2017-06-18 00:05:08','2017-06-18 00:05:08',0,3,'河北省唐山市古冶区',2,'古冶区',',35,60,',60),(64,'2017-06-18 00:05:09','2017-06-18 00:05:09',0,4,'河北省唐山市开平区',2,'开平区',',35,60,',60),(65,'2017-06-18 00:05:10','2017-06-18 00:05:10',0,5,'河北省唐山市丰南区',2,'丰南区',',35,60,',60),(66,'2017-06-18 00:05:11','2017-06-18 00:05:11',0,6,'河北省唐山市丰润区',2,'丰润区',',35,60,',60),(67,'2017-06-18 00:05:12','2017-06-18 00:05:12',0,7,'河北省唐山市曹妃甸区',2,'曹妃甸区',',35,60,',60),(68,'2017-06-18 00:05:13','2017-06-18 00:05:13',0,8,'河北省唐山市滦县',2,'滦县',',35,60,',60),(69,'2017-06-18 00:05:14','2017-06-18 00:05:14',0,9,'河北省唐山市滦南县',2,'滦南县',',35,60,',60),(70,'2017-06-18 00:05:15','2017-06-18 00:05:15',0,10,'河北省唐山市乐亭县',2,'乐亭县',',35,60,',60),(71,'2017-06-18 00:05:16','2017-06-18 00:05:16',0,11,'河北省唐山市迁西县',2,'迁西县',',35,60,',60),(72,'2017-06-18 00:05:17','2017-06-18 00:05:17',0,12,'河北省唐山市玉田县',2,'玉田县',',35,60,',60),(73,'2017-06-18 00:05:18','2017-06-18 00:05:18',0,13,'河北省唐山市遵化市',2,'遵化市',',35,60,',60),(74,'2017-06-18 00:05:19','2017-06-18 00:05:19',0,14,'河北省唐山市迁安市',2,'迁安市',',35,60,',60),(75,'2017-06-18 00:05:20','2017-06-18 00:05:20',0,3,'河北省秦皇岛市',1,'秦皇岛市',',35,',35),(76,'2017-06-18 00:05:21','2017-06-18 00:05:21',0,1,'河北省秦皇岛市海港区',2,'海港区',',35,75,',75),(77,'2017-06-18 00:05:22','2017-06-18 00:05:22',0,2,'河北省秦皇岛市山海关区',2,'山海关区',',35,75,',75),(78,'2017-06-18 00:05:23','2017-06-18 00:05:23',0,3,'河北省秦皇岛市北戴河区',2,'北戴河区',',35,75,',75),(79,'2017-06-18 00:05:24','2017-06-18 00:05:24',0,4,'河北省秦皇岛市青龙满族自治县',2,'青龙满族自治县',',35,75,',75),(80,'2017-06-18 00:05:25','2017-06-18 00:05:25',0,5,'河北省秦皇岛市昌黎县',2,'昌黎县',',35,75,',75),(81,'2017-06-18 00:05:26','2017-06-18 00:05:26',0,6,'河北省秦皇岛市抚宁县',2,'抚宁县',',35,75,',75),(82,'2017-06-18 00:05:27','2017-06-18 00:05:27',0,7,'河北省秦皇岛市卢龙县',2,'卢龙县',',35,75,',75),(83,'2017-06-18 00:05:28','2017-06-18 00:05:28',0,4,'河北省邯郸市',1,'邯郸市',',35,',35),(84,'2017-06-18 00:05:29','2017-06-18 00:05:29',0,1,'河北省邯郸市邯山区',2,'邯山区',',35,83,',83),(85,'2017-06-18 00:05:30','2017-06-18 00:05:30',0,2,'河北省邯郸市丛台区',2,'丛台区',',35,83,',83),(86,'2017-06-18 00:05:31','2017-06-18 00:05:31',0,3,'河北省邯郸市复兴区',2,'复兴区',',35,83,',83),(87,'2017-06-18 00:05:32','2017-06-18 00:05:32',0,4,'河北省邯郸市峰峰矿区',2,'峰峰矿区',',35,83,',83),(88,'2017-06-18 00:05:33','2017-06-18 00:05:33',0,5,'河北省邯郸市邯郸县',2,'邯郸县',',35,83,',83),(89,'2017-06-18 00:05:34','2017-06-18 00:05:34',0,6,'河北省邯郸市临漳县',2,'临漳县',',35,83,',83),(90,'2017-06-18 00:05:35','2017-06-18 00:05:35',0,7,'河北省邯郸市成安县',2,'成安县',',35,83,',83),(91,'2017-06-18 00:05:36','2017-06-18 00:05:36',0,8,'河北省邯郸市大名县',2,'大名县',',35,83,',83),(92,'2017-06-18 00:05:37','2017-06-18 00:05:37',0,9,'河北省邯郸市涉县',2,'涉县',',35,83,',83),(93,'2017-06-18 00:05:38','2017-06-18 00:05:38',0,10,'河北省邯郸市磁县',2,'磁县',',35,83,',83),(94,'2017-06-18 00:05:39','2017-06-18 00:05:39',0,11,'河北省邯郸市肥乡县',2,'肥乡县',',35,83,',83),(95,'2017-06-18 00:05:40','2017-06-18 00:05:40',0,12,'河北省邯郸市永年县',2,'永年县',',35,83,',83),(96,'2017-06-18 00:05:41','2017-06-18 00:05:41',0,13,'河北省邯郸市邱县',2,'邱县',',35,83,',83),(97,'2017-06-18 00:05:42','2017-06-18 00:05:42',0,14,'河北省邯郸市鸡泽县',2,'鸡泽县',',35,83,',83),(98,'2017-06-18 00:05:43','2017-06-18 00:05:43',0,15,'河北省邯郸市广平县',2,'广平县',',35,83,',83),(99,'2017-06-18 00:05:44','2017-06-18 00:05:44',0,16,'河北省邯郸市馆陶县',2,'馆陶县',',35,83,',83),(100,'2017-06-18 00:05:45','2017-06-18 00:05:45',0,17,'河北省邯郸市魏县',2,'魏县',',35,83,',83),(101,'2017-06-18 00:05:46','2017-06-18 00:05:46',0,18,'河北省邯郸市曲周县',2,'曲周县',',35,83,',83),(102,'2017-06-18 00:05:47','2017-06-18 00:05:47',0,19,'河北省邯郸市武安市',2,'武安市',',35,83,',83),(103,'2017-06-18 00:05:48','2017-06-18 00:05:48',0,5,'河北省邢台市',1,'邢台市',',35,',35),(104,'2017-06-18 00:05:49','2017-06-18 00:05:49',0,1,'河北省邢台市桥东区',2,'桥东区',',35,103,',103),(105,'2017-06-18 00:05:50','2017-06-18 00:05:50',0,2,'河北省邢台市桥西区',2,'桥西区',',35,103,',103),(106,'2017-06-18 00:05:51','2017-06-18 00:05:51',0,3,'河北省邢台市邢台县',2,'邢台县',',35,103,',103),(107,'2017-06-18 00:05:52','2017-06-18 00:05:52',0,4,'河北省邢台市临城县',2,'临城县',',35,103,',103),(108,'2017-06-18 00:05:53','2017-06-18 00:05:53',0,5,'河北省邢台市内丘县',2,'内丘县',',35,103,',103),(109,'2017-06-18 00:05:54','2017-06-18 00:05:54',0,6,'河北省邢台市柏乡县',2,'柏乡县',',35,103,',103),(110,'2017-06-18 00:05:55','2017-06-18 00:05:55',0,7,'河北省邢台市隆尧县',2,'隆尧县',',35,103,',103),(111,'2017-06-18 00:05:56','2017-06-18 00:05:56',0,8,'河北省邢台市任县',2,'任县',',35,103,',103),(112,'2017-06-18 00:05:57','2017-06-18 00:05:57',0,9,'河北省邢台市南和县',2,'南和县',',35,103,',103),(113,'2017-06-18 00:05:58','2017-06-18 00:05:58',0,10,'河北省邢台市宁晋县',2,'宁晋县',',35,103,',103),(114,'2017-06-18 00:05:59','2017-06-18 00:05:59',0,11,'河北省邢台市巨鹿县',2,'巨鹿县',',35,103,',103),(115,'2017-06-18 00:06:00','2017-06-18 00:06:00',0,12,'河北省邢台市新河县',2,'新河县',',35,103,',103),(116,'2017-06-18 00:06:01','2017-06-18 00:06:01',0,13,'河北省邢台市广宗县',2,'广宗县',',35,103,',103),(117,'2017-06-18 00:06:02','2017-06-18 00:06:02',0,14,'河北省邢台市平乡县',2,'平乡县',',35,103,',103),(118,'2017-06-18 00:06:03','2017-06-18 00:06:03',0,15,'河北省邢台市威县',2,'威县',',35,103,',103),(119,'2017-06-18 00:06:04','2017-06-18 00:06:04',0,16,'河北省邢台市清河县',2,'清河县',',35,103,',103),(120,'2017-06-18 00:06:05','2017-06-18 00:06:05',0,17,'河北省邢台市临西县',2,'临西县',',35,103,',103),(121,'2017-06-18 00:06:06','2017-06-18 00:06:06',0,18,'河北省邢台市南宫市',2,'南宫市',',35,103,',103),(122,'2017-06-18 00:06:07','2017-06-18 00:06:07',0,19,'河北省邢台市沙河市',2,'沙河市',',35,103,',103),(123,'2017-06-18 00:06:08','2017-06-18 00:06:08',0,6,'河北省保定市',1,'保定市',',35,',35),(124,'2017-06-18 00:06:09','2017-06-18 00:06:09',0,1,'河北省保定市新市区',2,'新市区',',35,123,',123),(125,'2017-06-18 00:06:10','2017-06-18 00:06:10',0,2,'河北省保定市北市区',2,'北市区',',35,123,',123),(126,'2017-06-18 00:06:11','2017-06-18 00:06:11',0,3,'河北省保定市南市区',2,'南市区',',35,123,',123),(127,'2017-06-18 00:06:12','2017-06-18 00:06:12',0,4,'河北省保定市满城县',2,'满城县',',35,123,',123),(128,'2017-06-18 00:06:13','2017-06-18 00:06:13',0,5,'河北省保定市清苑县',2,'清苑县',',35,123,',123),(129,'2017-06-18 00:06:14','2017-06-18 00:06:14',0,6,'河北省保定市涞水县',2,'涞水县',',35,123,',123),(130,'2017-06-18 00:06:15','2017-06-18 00:06:15',0,7,'河北省保定市阜平县',2,'阜平县',',35,123,',123),(131,'2017-06-18 00:06:16','2017-06-18 00:06:16',0,8,'河北省保定市徐水县',2,'徐水县',',35,123,',123),(132,'2017-06-18 00:06:17','2017-06-18 00:06:17',0,9,'河北省保定市定兴县',2,'定兴县',',35,123,',123),(133,'2017-06-18 00:06:18','2017-06-18 00:06:18',0,10,'河北省保定市唐县',2,'唐县',',35,123,',123),(134,'2017-06-18 00:06:19','2017-06-18 00:06:19',0,11,'河北省保定市高阳县',2,'高阳县',',35,123,',123),(135,'2017-06-18 00:06:20','2017-06-18 00:06:20',0,12,'河北省保定市容城县',2,'容城县',',35,123,',123),(136,'2017-06-18 00:06:21','2017-06-18 00:06:21',0,13,'河北省保定市涞源县',2,'涞源县',',35,123,',123),(137,'2017-06-18 00:06:22','2017-06-18 00:06:22',0,14,'河北省保定市望都县',2,'望都县',',35,123,',123),(138,'2017-06-18 00:06:23','2017-06-18 00:06:23',0,15,'河北省保定市安新县',2,'安新县',',35,123,',123),(139,'2017-06-18 00:06:24','2017-06-18 00:06:24',0,16,'河北省保定市易县',2,'易县',',35,123,',123),(140,'2017-06-18 00:06:25','2017-06-18 00:06:25',0,17,'河北省保定市曲阳县',2,'曲阳县',',35,123,',123),(141,'2017-06-18 00:06:26','2017-06-18 00:06:26',0,18,'河北省保定市蠡县',2,'蠡县',',35,123,',123),(142,'2017-06-18 00:06:27','2017-06-18 00:06:27',0,19,'河北省保定市顺平县',2,'顺平县',',35,123,',123),(143,'2017-06-18 00:06:28','2017-06-18 00:06:28',0,20,'河北省保定市博野县',2,'博野县',',35,123,',123),(144,'2017-06-18 00:06:29','2017-06-18 00:06:29',0,21,'河北省保定市雄县',2,'雄县',',35,123,',123),(145,'2017-06-18 00:06:30','2017-06-18 00:06:30',0,22,'河北省保定市涿州市',2,'涿州市',',35,123,',123),(146,'2017-06-18 00:06:31','2017-06-18 00:06:31',0,23,'河北省保定市定州市',2,'定州市',',35,123,',123),(147,'2017-06-18 00:06:32','2017-06-18 00:06:32',0,24,'河北省保定市安国市',2,'安国市',',35,123,',123),(148,'2017-06-18 00:06:33','2017-06-18 00:06:33',0,25,'河北省保定市高碑店市',2,'高碑店市',',35,123,',123),(149,'2017-06-18 00:06:34','2017-06-18 00:06:34',0,7,'河北省张家口市',1,'张家口市',',35,',35),(150,'2017-06-18 00:06:35','2017-06-18 00:06:35',0,1,'河北省张家口市桥东区',2,'桥东区',',35,149,',149),(151,'2017-06-18 00:06:36','2017-06-18 00:06:36',0,2,'河北省张家口市桥西区',2,'桥西区',',35,149,',149),(152,'2017-06-18 00:06:37','2017-06-18 00:06:37',0,3,'河北省张家口市宣化区',2,'宣化区',',35,149,',149),(153,'2017-06-18 00:06:38','2017-06-18 00:06:38',0,4,'河北省张家口市下花园区',2,'下花园区',',35,149,',149),(154,'2017-06-18 00:06:39','2017-06-18 00:06:39',0,5,'河北省张家口市宣化县',2,'宣化县',',35,149,',149),(155,'2017-06-18 00:06:40','2017-06-18 00:06:40',0,6,'河北省张家口市张北县',2,'张北县',',35,149,',149),(156,'2017-06-18 00:06:41','2017-06-18 00:06:41',0,7,'河北省张家口市康保县',2,'康保县',',35,149,',149),(157,'2017-06-18 00:06:42','2017-06-18 00:06:42',0,8,'河北省张家口市沽源县',2,'沽源县',',35,149,',149),(158,'2017-06-18 00:06:43','2017-06-18 00:06:43',0,9,'河北省张家口市尚义县',2,'尚义县',',35,149,',149),(159,'2017-06-18 00:06:44','2017-06-18 00:06:44',0,10,'河北省张家口市蔚县',2,'蔚县',',35,149,',149),(160,'2017-06-18 00:06:45','2017-06-18 00:06:45',0,11,'河北省张家口市阳原县',2,'阳原县',',35,149,',149),(161,'2017-06-18 00:06:46','2017-06-18 00:06:46',0,12,'河北省张家口市怀安县',2,'怀安县',',35,149,',149),(162,'2017-06-18 00:06:47','2017-06-18 00:06:47',0,13,'河北省张家口市万全县',2,'万全县',',35,149,',149),(163,'2017-06-18 00:06:48','2017-06-18 00:06:48',0,14,'河北省张家口市怀来县',2,'怀来县',',35,149,',149),(164,'2017-06-18 00:06:49','2017-06-18 00:06:49',0,15,'河北省张家口市涿鹿县',2,'涿鹿县',',35,149,',149),(165,'2017-06-18 00:06:50','2017-06-18 00:06:50',0,16,'河北省张家口市赤城县',2,'赤城县',',35,149,',149),(166,'2017-06-18 00:06:51','2017-06-18 00:06:51',0,17,'河北省张家口市崇礼县',2,'崇礼县',',35,149,',149),(167,'2017-06-18 00:06:52','2017-06-18 00:06:52',0,8,'河北省承德市',1,'承德市',',35,',35),(168,'2017-06-18 00:06:53','2017-06-18 00:06:53',0,1,'河北省承德市双桥区',2,'双桥区',',35,167,',167),(169,'2017-06-18 00:06:54','2017-06-18 00:06:54',0,2,'河北省承德市双滦区',2,'双滦区',',35,167,',167),(170,'2017-06-18 00:06:55','2017-06-18 00:06:55',0,3,'河北省承德市鹰手营子矿区',2,'鹰手营子矿区',',35,167,',167),(171,'2017-06-18 00:06:56','2017-06-18 00:06:56',0,4,'河北省承德市承德县',2,'承德县',',35,167,',167),(172,'2017-06-18 00:06:57','2017-06-18 00:06:57',0,5,'河北省承德市兴隆县',2,'兴隆县',',35,167,',167),(173,'2017-06-18 00:06:58','2017-06-18 00:06:58',0,6,'河北省承德市平泉县',2,'平泉县',',35,167,',167),(174,'2017-06-18 00:06:59','2017-06-18 00:06:59',0,7,'河北省承德市滦平县',2,'滦平县',',35,167,',167),(175,'2017-06-18 00:07:00','2017-06-18 00:07:00',0,8,'河北省承德市隆化县',2,'隆化县',',35,167,',167),(176,'2017-06-18 00:07:01','2017-06-18 00:07:01',0,9,'河北省承德市丰宁满族自治县',2,'丰宁满族自治县',',35,167,',167),(177,'2017-06-18 00:07:02','2017-06-18 00:07:02',0,10,'河北省承德市宽城满族自治县',2,'宽城满族自治县',',35,167,',167),(178,'2017-06-18 00:07:03','2017-06-18 00:07:03',0,11,'河北省承德市围场满族蒙古族自治县',2,'围场满族蒙古族自治县',',35,167,',167),(179,'2017-06-18 00:07:04','2017-06-18 00:07:04',0,9,'河北省沧州市',1,'沧州市',',35,',35),(180,'2017-06-18 00:07:05','2017-06-18 00:07:05',0,1,'河北省沧州市新华区',2,'新华区',',35,179,',179),(181,'2017-06-18 00:07:06','2017-06-18 00:07:06',0,2,'河北省沧州市运河区',2,'运河区',',35,179,',179),(182,'2017-06-18 00:07:07','2017-06-18 00:07:07',0,3,'河北省沧州市沧县',2,'沧县',',35,179,',179),(183,'2017-06-18 00:07:08','2017-06-18 00:07:08',0,4,'河北省沧州市青县',2,'青县',',35,179,',179),(184,'2017-06-18 00:07:09','2017-06-18 00:07:09',0,5,'河北省沧州市东光县',2,'东光县',',35,179,',179),(185,'2017-06-18 00:07:10','2017-06-18 00:07:10',0,6,'河北省沧州市海兴县',2,'海兴县',',35,179,',179),(186,'2017-06-18 00:07:11','2017-06-18 00:07:11',0,7,'河北省沧州市盐山县',2,'盐山县',',35,179,',179),(187,'2017-06-18 00:07:12','2017-06-18 00:07:12',0,8,'河北省沧州市肃宁县',2,'肃宁县',',35,179,',179),(188,'2017-06-18 00:07:13','2017-06-18 00:07:13',0,9,'河北省沧州市南皮县',2,'南皮县',',35,179,',179),(189,'2017-06-18 00:07:14','2017-06-18 00:07:14',0,10,'河北省沧州市吴桥县',2,'吴桥县',',35,179,',179),(190,'2017-06-18 00:07:15','2017-06-18 00:07:15',0,11,'河北省沧州市献县',2,'献县',',35,179,',179),(191,'2017-06-18 00:07:16','2017-06-18 00:07:16',0,12,'河北省沧州市孟村回族自治县',2,'孟村回族自治县',',35,179,',179),(192,'2017-06-18 00:07:17','2017-06-18 00:07:17',0,13,'河北省沧州市泊头市',2,'泊头市',',35,179,',179),(193,'2017-06-18 00:07:18','2017-06-18 00:07:18',0,14,'河北省沧州市任丘市',2,'任丘市',',35,179,',179),(194,'2017-06-18 00:07:19','2017-06-18 00:07:19',0,15,'河北省沧州市黄骅市',2,'黄骅市',',35,179,',179),(195,'2017-06-18 00:07:20','2017-06-18 00:07:20',0,16,'河北省沧州市河间市',2,'河间市',',35,179,',179),(196,'2017-06-18 00:07:21','2017-06-18 00:07:21',0,10,'河北省廊坊市',1,'廊坊市',',35,',35),(197,'2017-06-18 00:07:22','2017-06-18 00:07:22',0,1,'河北省廊坊市安次区',2,'安次区',',35,196,',196),(198,'2017-06-18 00:07:23','2017-06-18 00:07:23',0,2,'河北省廊坊市广阳区',2,'广阳区',',35,196,',196),(199,'2017-06-18 00:07:24','2017-06-18 00:07:24',0,3,'河北省廊坊市固安县',2,'固安县',',35,196,',196),(200,'2017-06-18 00:07:25','2017-06-18 00:07:25',0,4,'河北省廊坊市永清县',2,'永清县',',35,196,',196),(201,'2017-06-18 00:07:26','2017-06-18 00:07:26',0,5,'河北省廊坊市香河县',2,'香河县',',35,196,',196),(202,'2017-06-18 00:07:27','2017-06-18 00:07:27',0,6,'河北省廊坊市大城县',2,'大城县',',35,196,',196),(203,'2017-06-18 00:07:28','2017-06-18 00:07:28',0,7,'河北省廊坊市文安县',2,'文安县',',35,196,',196),(204,'2017-06-18 00:07:29','2017-06-18 00:07:29',0,8,'河北省廊坊市大厂回族自治县',2,'大厂回族自治县',',35,196,',196),(205,'2017-06-18 00:07:30','2017-06-18 00:07:30',0,9,'河北省廊坊市霸州市',2,'霸州市',',35,196,',196),(206,'2017-06-18 00:07:31','2017-06-18 00:07:31',0,10,'河北省廊坊市三河市',2,'三河市',',35,196,',196),(207,'2017-06-18 00:07:32','2017-06-18 00:07:32',0,11,'河北省衡水市',1,'衡水市',',35,',35),(208,'2017-06-18 00:07:33','2017-06-18 00:07:33',0,1,'河北省衡水市桃城区',2,'桃城区',',35,207,',207),(209,'2017-06-18 00:07:34','2017-06-18 00:07:34',0,2,'河北省衡水市枣强县',2,'枣强县',',35,207,',207),(210,'2017-06-18 00:07:35','2017-06-18 00:07:35',0,3,'河北省衡水市武邑县',2,'武邑县',',35,207,',207),(211,'2017-06-18 00:07:36','2017-06-18 00:07:36',0,4,'河北省衡水市武强县',2,'武强县',',35,207,',207),(212,'2017-06-18 00:07:37','2017-06-18 00:07:37',0,5,'河北省衡水市饶阳县',2,'饶阳县',',35,207,',207),(213,'2017-06-18 00:07:38','2017-06-18 00:07:38',0,6,'河北省衡水市安平县',2,'安平县',',35,207,',207),(214,'2017-06-18 00:07:39','2017-06-18 00:07:39',0,7,'河北省衡水市故城县',2,'故城县',',35,207,',207),(215,'2017-06-18 00:07:40','2017-06-18 00:07:40',0,8,'河北省衡水市景县',2,'景县',',35,207,',207),(216,'2017-06-18 00:07:41','2017-06-18 00:07:41',0,9,'河北省衡水市阜城县',2,'阜城县',',35,207,',207),(217,'2017-06-18 00:07:42','2017-06-18 00:07:42',0,10,'河北省衡水市冀州市',2,'冀州市',',35,207,',207),(218,'2017-06-18 00:07:43','2017-06-18 00:07:43',0,11,'河北省衡水市深州市',2,'深州市',',35,207,',207),(219,'2017-06-18 00:07:44','2017-06-18 00:07:44',0,4,'山西省',0,'山西省',',',NULL),(220,'2017-06-18 00:07:45','2017-06-18 00:07:45',0,1,'山西省太原市',1,'太原市',',219,',219),(221,'2017-06-18 00:07:46','2017-06-18 00:07:46',0,1,'山西省太原市小店区',2,'小店区',',219,220,',220),(222,'2017-06-18 00:07:47','2017-06-18 00:07:47',0,2,'山西省太原市迎泽区',2,'迎泽区',',219,220,',220),(223,'2017-06-18 00:07:48','2017-06-18 00:07:48',0,3,'山西省太原市杏花岭区',2,'杏花岭区',',219,220,',220),(224,'2017-06-18 00:07:49','2017-06-18 00:07:49',0,4,'山西省太原市尖草坪区',2,'尖草坪区',',219,220,',220),(225,'2017-06-18 00:07:50','2017-06-18 00:07:50',0,5,'山西省太原市万柏林区',2,'万柏林区',',219,220,',220),(226,'2017-06-18 00:07:51','2017-06-18 00:07:51',0,6,'山西省太原市晋源区',2,'晋源区',',219,220,',220),(227,'2017-06-18 00:07:52','2017-06-18 00:07:52',0,7,'山西省太原市清徐县',2,'清徐县',',219,220,',220),(228,'2017-06-18 00:07:53','2017-06-18 00:07:53',0,8,'山西省太原市阳曲县',2,'阳曲县',',219,220,',220),(229,'2017-06-18 00:07:54','2017-06-18 00:07:54',0,9,'山西省太原市娄烦县',2,'娄烦县',',219,220,',220),(230,'2017-06-18 00:07:55','2017-06-18 00:07:55',0,10,'山西省太原市古交市',2,'古交市',',219,220,',220),(231,'2017-06-18 00:07:56','2017-06-18 00:07:56',0,2,'山西省大同市',1,'大同市',',219,',219),(232,'2017-06-18 00:07:57','2017-06-18 00:07:57',0,1,'山西省大同市城区',2,'城区',',219,231,',231),(233,'2017-06-18 00:07:58','2017-06-18 00:07:58',0,2,'山西省大同市矿区',2,'矿区',',219,231,',231),(234,'2017-06-18 00:07:59','2017-06-18 00:07:59',0,3,'山西省大同市南郊区',2,'南郊区',',219,231,',231),(235,'2017-06-18 00:08:00','2017-06-18 00:08:00',0,4,'山西省大同市新荣区',2,'新荣区',',219,231,',231),(236,'2017-06-18 00:08:01','2017-06-18 00:08:01',0,5,'山西省大同市阳高县',2,'阳高县',',219,231,',231),(237,'2017-06-18 00:08:02','2017-06-18 00:08:02',0,6,'山西省大同市天镇县',2,'天镇县',',219,231,',231),(238,'2017-06-18 00:08:03','2017-06-18 00:08:03',0,7,'山西省大同市广灵县',2,'广灵县',',219,231,',231),(239,'2017-06-18 00:08:04','2017-06-18 00:08:04',0,8,'山西省大同市灵丘县',2,'灵丘县',',219,231,',231),(240,'2017-06-18 00:08:05','2017-06-18 00:08:05',0,9,'山西省大同市浑源县',2,'浑源县',',219,231,',231),(241,'2017-06-18 00:08:06','2017-06-18 00:08:06',0,10,'山西省大同市左云县',2,'左云县',',219,231,',231),(242,'2017-06-18 00:08:07','2017-06-18 00:08:07',0,11,'山西省大同市大同县',2,'大同县',',219,231,',231),(243,'2017-06-18 00:08:08','2017-06-18 00:08:08',0,3,'山西省阳泉市',1,'阳泉市',',219,',219),(244,'2017-06-18 00:08:09','2017-06-18 00:08:09',0,1,'山西省阳泉市城区',2,'城区',',219,243,',243),(245,'2017-06-18 00:08:10','2017-06-18 00:08:10',0,2,'山西省阳泉市矿区',2,'矿区',',219,243,',243),(246,'2017-06-18 00:08:11','2017-06-18 00:08:11',0,3,'山西省阳泉市郊区',2,'郊区',',219,243,',243),(247,'2017-06-18 00:08:12','2017-06-18 00:08:12',0,4,'山西省阳泉市平定县',2,'平定县',',219,243,',243),(248,'2017-06-18 00:08:13','2017-06-18 00:08:13',0,5,'山西省阳泉市盂县',2,'盂县',',219,243,',243),(249,'2017-06-18 00:08:14','2017-06-18 00:08:14',0,4,'山西省长治市',1,'长治市',',219,',219),(250,'2017-06-18 00:08:15','2017-06-18 00:08:15',0,1,'山西省长治市城区',2,'城区',',219,249,',249),(251,'2017-06-18 00:08:16','2017-06-18 00:08:16',0,2,'山西省长治市郊区',2,'郊区',',219,249,',249),(252,'2017-06-18 00:08:17','2017-06-18 00:08:17',0,3,'山西省长治市长治县',2,'长治县',',219,249,',249),(253,'2017-06-18 00:08:18','2017-06-18 00:08:18',0,4,'山西省长治市襄垣县',2,'襄垣县',',219,249,',249),(254,'2017-06-18 00:08:19','2017-06-18 00:08:19',0,5,'山西省长治市屯留县',2,'屯留县',',219,249,',249),(255,'2017-06-18 00:08:20','2017-06-18 00:08:20',0,6,'山西省长治市平顺县',2,'平顺县',',219,249,',249),(256,'2017-06-18 00:08:21','2017-06-18 00:08:21',0,7,'山西省长治市黎城县',2,'黎城县',',219,249,',249),(257,'2017-06-18 00:08:22','2017-06-18 00:08:22',0,8,'山西省长治市壶关县',2,'壶关县',',219,249,',249),(258,'2017-06-18 00:08:23','2017-06-18 00:08:23',0,9,'山西省长治市长子县',2,'长子县',',219,249,',249),(259,'2017-06-18 00:08:24','2017-06-18 00:08:24',0,10,'山西省长治市武乡县',2,'武乡县',',219,249,',249),(260,'2017-06-18 00:08:25','2017-06-18 00:08:25',0,11,'山西省长治市沁县',2,'沁县',',219,249,',249),(261,'2017-06-18 00:08:26','2017-06-18 00:08:26',0,12,'山西省长治市沁源县',2,'沁源县',',219,249,',249),(262,'2017-06-18 00:08:27','2017-06-18 00:08:27',0,13,'山西省长治市潞城市',2,'潞城市',',219,249,',249),(263,'2017-06-18 00:08:28','2017-06-18 00:08:28',0,5,'山西省晋城市',1,'晋城市',',219,',219),(264,'2017-06-18 00:08:29','2017-06-18 00:08:29',0,1,'山西省晋城市城区',2,'城区',',219,263,',263),(265,'2017-06-18 00:08:30','2017-06-18 00:08:30',0,2,'山西省晋城市沁水县',2,'沁水县',',219,263,',263),(266,'2017-06-18 00:08:31','2017-06-18 00:08:31',0,3,'山西省晋城市阳城县',2,'阳城县',',219,263,',263),(267,'2017-06-18 00:08:32','2017-06-18 00:08:32',0,4,'山西省晋城市陵川县',2,'陵川县',',219,263,',263),(268,'2017-06-18 00:08:33','2017-06-18 00:08:33',0,5,'山西省晋城市泽州县',2,'泽州县',',219,263,',263),(269,'2017-06-18 00:08:34','2017-06-18 00:08:34',0,6,'山西省晋城市高平市',2,'高平市',',219,263,',263),(270,'2017-06-18 00:08:35','2017-06-18 00:08:35',0,6,'山西省朔州市',1,'朔州市',',219,',219),(271,'2017-06-18 00:08:36','2017-06-18 00:08:36',0,1,'山西省朔州市朔城区',2,'朔城区',',219,270,',270),(272,'2017-06-18 00:08:37','2017-06-18 00:08:37',0,2,'山西省朔州市平鲁区',2,'平鲁区',',219,270,',270),(273,'2017-06-18 00:08:38','2017-06-18 00:08:38',0,3,'山西省朔州市山阴县',2,'山阴县',',219,270,',270),(274,'2017-06-18 00:08:39','2017-06-18 00:08:39',0,4,'山西省朔州市应县',2,'应县',',219,270,',270),(275,'2017-06-18 00:08:40','2017-06-18 00:08:40',0,5,'山西省朔州市右玉县',2,'右玉县',',219,270,',270),(276,'2017-06-18 00:08:41','2017-06-18 00:08:41',0,6,'山西省朔州市怀仁县',2,'怀仁县',',219,270,',270),(277,'2017-06-18 00:08:42','2017-06-18 00:08:42',0,7,'山西省晋中市',1,'晋中市',',219,',219),(278,'2017-06-18 00:08:43','2017-06-18 00:08:43',0,1,'山西省晋中市榆次区',2,'榆次区',',219,277,',277),(279,'2017-06-18 00:08:44','2017-06-18 00:08:44',0,2,'山西省晋中市榆社县',2,'榆社县',',219,277,',277),(280,'2017-06-18 00:08:45','2017-06-18 00:08:45',0,3,'山西省晋中市左权县',2,'左权县',',219,277,',277),(281,'2017-06-18 00:08:46','2017-06-18 00:08:46',0,4,'山西省晋中市和顺县',2,'和顺县',',219,277,',277),(282,'2017-06-18 00:08:47','2017-06-18 00:08:47',0,5,'山西省晋中市昔阳县',2,'昔阳县',',219,277,',277),(283,'2017-06-18 00:08:48','2017-06-18 00:08:48',0,6,'山西省晋中市寿阳县',2,'寿阳县',',219,277,',277),(284,'2017-06-18 00:08:49','2017-06-18 00:08:49',0,7,'山西省晋中市太谷县',2,'太谷县',',219,277,',277),(285,'2017-06-18 00:08:50','2017-06-18 00:08:50',0,8,'山西省晋中市祁县',2,'祁县',',219,277,',277),(286,'2017-06-18 00:08:51','2017-06-18 00:08:51',0,9,'山西省晋中市平遥县',2,'平遥县',',219,277,',277),(287,'2017-06-18 00:08:52','2017-06-18 00:08:52',0,10,'山西省晋中市灵石县',2,'灵石县',',219,277,',277),(288,'2017-06-18 00:08:53','2017-06-18 00:08:53',0,11,'山西省晋中市介休市',2,'介休市',',219,277,',277),(289,'2017-06-18 00:08:54','2017-06-18 00:08:54',0,8,'山西省运城市',1,'运城市',',219,',219),(290,'2017-06-18 00:08:55','2017-06-18 00:08:55',0,1,'山西省运城市盐湖区',2,'盐湖区',',219,289,',289),(291,'2017-06-18 00:08:56','2017-06-18 00:08:56',0,2,'山西省运城市临猗县',2,'临猗县',',219,289,',289),(292,'2017-06-18 00:08:57','2017-06-18 00:08:57',0,3,'山西省运城市万荣县',2,'万荣县',',219,289,',289),(293,'2017-06-18 00:08:58','2017-06-18 00:08:58',0,4,'山西省运城市闻喜县',2,'闻喜县',',219,289,',289),(294,'2017-06-18 00:08:59','2017-06-18 00:08:59',0,5,'山西省运城市稷山县',2,'稷山县',',219,289,',289),(295,'2017-06-18 00:09:00','2017-06-18 00:09:00',0,6,'山西省运城市新绛县',2,'新绛县',',219,289,',289),(296,'2017-06-18 00:09:01','2017-06-18 00:09:01',0,7,'山西省运城市绛县',2,'绛县',',219,289,',289),(297,'2017-06-18 00:09:02','2017-06-18 00:09:02',0,8,'山西省运城市垣曲县',2,'垣曲县',',219,289,',289),(298,'2017-06-18 00:09:03','2017-06-18 00:09:03',0,9,'山西省运城市夏县',2,'夏县',',219,289,',289),(299,'2017-06-18 00:09:04','2017-06-18 00:09:04',0,10,'山西省运城市平陆县',2,'平陆县',',219,289,',289),(300,'2017-06-18 00:09:05','2017-06-18 00:09:05',0,11,'山西省运城市芮城县',2,'芮城县',',219,289,',289),(301,'2017-06-18 00:09:06','2017-06-18 00:09:06',0,12,'山西省运城市永济市',2,'永济市',',219,289,',289),(302,'2017-06-18 00:09:07','2017-06-18 00:09:07',0,13,'山西省运城市河津市',2,'河津市',',219,289,',289),(303,'2017-06-18 00:09:08','2017-06-18 00:09:08',0,9,'山西省忻州市',1,'忻州市',',219,',219),(304,'2017-06-18 00:09:09','2017-06-18 00:09:09',0,1,'山西省忻州市忻府区',2,'忻府区',',219,303,',303),(305,'2017-06-18 00:09:10','2017-06-18 00:09:10',0,2,'山西省忻州市定襄县',2,'定襄县',',219,303,',303),(306,'2017-06-18 00:09:11','2017-06-18 00:09:11',0,3,'山西省忻州市五台县',2,'五台县',',219,303,',303),(307,'2017-06-18 00:09:12','2017-06-18 00:09:12',0,4,'山西省忻州市代县',2,'代县',',219,303,',303),(308,'2017-06-18 00:09:13','2017-06-18 00:09:13',0,5,'山西省忻州市繁峙县',2,'繁峙县',',219,303,',303),(309,'2017-06-18 00:09:14','2017-06-18 00:09:14',0,6,'山西省忻州市宁武县',2,'宁武县',',219,303,',303),(310,'2017-06-18 00:09:15','2017-06-18 00:09:15',0,7,'山西省忻州市静乐县',2,'静乐县',',219,303,',303),(311,'2017-06-18 00:09:16','2017-06-18 00:09:16',0,8,'山西省忻州市神池县',2,'神池县',',219,303,',303),(312,'2017-06-18 00:09:17','2017-06-18 00:09:17',0,9,'山西省忻州市五寨县',2,'五寨县',',219,303,',303),(313,'2017-06-18 00:09:18','2017-06-18 00:09:18',0,10,'山西省忻州市岢岚县',2,'岢岚县',',219,303,',303),(314,'2017-06-18 00:09:19','2017-06-18 00:09:19',0,11,'山西省忻州市河曲县',2,'河曲县',',219,303,',303),(315,'2017-06-18 00:09:20','2017-06-18 00:09:20',0,12,'山西省忻州市保德县',2,'保德县',',219,303,',303),(316,'2017-06-18 00:09:21','2017-06-18 00:09:21',0,13,'山西省忻州市偏关县',2,'偏关县',',219,303,',303),(317,'2017-06-18 00:09:22','2017-06-18 00:09:22',0,14,'山西省忻州市原平市',2,'原平市',',219,303,',303),(318,'2017-06-18 00:09:23','2017-06-18 00:09:23',0,10,'山西省临汾市',1,'临汾市',',219,',219),(319,'2017-06-18 00:09:24','2017-06-18 00:09:24',0,1,'山西省临汾市尧都区',2,'尧都区',',219,318,',318),(320,'2017-06-18 00:09:25','2017-06-18 00:09:25',0,2,'山西省临汾市曲沃县',2,'曲沃县',',219,318,',318),(321,'2017-06-18 00:09:26','2017-06-18 00:09:26',0,3,'山西省临汾市翼城县',2,'翼城县',',219,318,',318),(322,'2017-06-18 00:09:27','2017-06-18 00:09:27',0,4,'山西省临汾市襄汾县',2,'襄汾县',',219,318,',318),(323,'2017-06-18 00:09:28','2017-06-18 00:09:28',0,5,'山西省临汾市洪洞县',2,'洪洞县',',219,318,',318),(324,'2017-06-18 00:09:29','2017-06-18 00:09:29',0,6,'山西省临汾市古县',2,'古县',',219,318,',318),(325,'2017-06-18 00:09:30','2017-06-18 00:09:30',0,7,'山西省临汾市安泽县',2,'安泽县',',219,318,',318),(326,'2017-06-18 00:09:31','2017-06-18 00:09:31',0,8,'山西省临汾市浮山县',2,'浮山县',',219,318,',318),(327,'2017-06-18 00:09:32','2017-06-18 00:09:32',0,9,'山西省临汾市吉县',2,'吉县',',219,318,',318),(328,'2017-06-18 00:09:33','2017-06-18 00:09:33',0,10,'山西省临汾市乡宁县',2,'乡宁县',',219,318,',318),(329,'2017-06-18 00:09:34','2017-06-18 00:09:34',0,11,'山西省临汾市大宁县',2,'大宁县',',219,318,',318),(330,'2017-06-18 00:09:35','2017-06-18 00:09:35',0,12,'山西省临汾市隰县',2,'隰县',',219,318,',318),(331,'2017-06-18 00:09:36','2017-06-18 00:09:36',0,13,'山西省临汾市永和县',2,'永和县',',219,318,',318),(332,'2017-06-18 00:09:37','2017-06-18 00:09:37',0,14,'山西省临汾市蒲县',2,'蒲县',',219,318,',318),(333,'2017-06-18 00:09:38','2017-06-18 00:09:38',0,15,'山西省临汾市汾西县',2,'汾西县',',219,318,',318),(334,'2017-06-18 00:09:39','2017-06-18 00:09:39',0,16,'山西省临汾市侯马市',2,'侯马市',',219,318,',318),(335,'2017-06-18 00:09:40','2017-06-18 00:09:40',0,17,'山西省临汾市霍州市',2,'霍州市',',219,318,',318),(336,'2017-06-18 00:09:41','2017-06-18 00:09:41',0,11,'山西省吕梁市',1,'吕梁市',',219,',219),(337,'2017-06-18 00:09:42','2017-06-18 00:09:42',0,1,'山西省吕梁市离石区',2,'离石区',',219,336,',336),(338,'2017-06-18 00:09:43','2017-06-18 00:09:43',0,2,'山西省吕梁市文水县',2,'文水县',',219,336,',336),(339,'2017-06-18 00:09:44','2017-06-18 00:09:44',0,3,'山西省吕梁市交城县',2,'交城县',',219,336,',336),(340,'2017-06-18 00:09:45','2017-06-18 00:09:45',0,4,'山西省吕梁市兴县',2,'兴县',',219,336,',336),(341,'2017-06-18 00:09:46','2017-06-18 00:09:46',0,5,'山西省吕梁市临县',2,'临县',',219,336,',336),(342,'2017-06-18 00:09:47','2017-06-18 00:09:47',0,6,'山西省吕梁市柳林县',2,'柳林县',',219,336,',336),(343,'2017-06-18 00:09:48','2017-06-18 00:09:48',0,7,'山西省吕梁市石楼县',2,'石楼县',',219,336,',336),(344,'2017-06-18 00:09:49','2017-06-18 00:09:49',0,8,'山西省吕梁市岚县',2,'岚县',',219,336,',336),(345,'2017-06-18 00:09:50','2017-06-18 00:09:50',0,9,'山西省吕梁市方山县',2,'方山县',',219,336,',336),(346,'2017-06-18 00:09:51','2017-06-18 00:09:51',0,10,'山西省吕梁市中阳县',2,'中阳县',',219,336,',336),(347,'2017-06-18 00:09:52','2017-06-18 00:09:52',0,11,'山西省吕梁市交口县',2,'交口县',',219,336,',336),(348,'2017-06-18 00:09:53','2017-06-18 00:09:53',0,12,'山西省吕梁市孝义市',2,'孝义市',',219,336,',336),(349,'2017-06-18 00:09:54','2017-06-18 00:09:54',0,13,'山西省吕梁市汾阳市',2,'汾阳市',',219,336,',336),(350,'2017-06-18 00:09:55','2017-06-18 00:09:55',0,5,'内蒙古自治区',0,'内蒙古自治区',',',NULL),(351,'2017-06-18 00:09:56','2017-06-18 00:09:56',0,1,'内蒙古自治区呼和浩特市',1,'呼和浩特市',',350,',350),(352,'2017-06-18 00:09:57','2017-06-18 00:09:57',0,1,'内蒙古自治区呼和浩特市新城区',2,'新城区',',350,351,',351),(353,'2017-06-18 00:09:58','2017-06-18 00:09:58',0,2,'内蒙古自治区呼和浩特市回民区',2,'回民区',',350,351,',351),(354,'2017-06-18 00:09:59','2017-06-18 00:09:59',0,3,'内蒙古自治区呼和浩特市玉泉区',2,'玉泉区',',350,351,',351),(355,'2017-06-18 00:10:00','2017-06-18 00:10:00',0,4,'内蒙古自治区呼和浩特市赛罕区',2,'赛罕区',',350,351,',351),(356,'2017-06-18 00:10:01','2017-06-18 00:10:01',0,5,'内蒙古自治区呼和浩特市土默特左旗',2,'土默特左旗',',350,351,',351),(357,'2017-06-18 00:10:02','2017-06-18 00:10:02',0,6,'内蒙古自治区呼和浩特市托克托县',2,'托克托县',',350,351,',351),(358,'2017-06-18 00:10:03','2017-06-18 00:10:03',0,7,'内蒙古自治区呼和浩特市和林格尔县',2,'和林格尔县',',350,351,',351),(359,'2017-06-18 00:10:04','2017-06-18 00:10:04',0,8,'内蒙古自治区呼和浩特市清水河县',2,'清水河县',',350,351,',351),(360,'2017-06-18 00:10:05','2017-06-18 00:10:05',0,9,'内蒙古自治区呼和浩特市武川县',2,'武川县',',350,351,',351),(361,'2017-06-18 00:10:06','2017-06-18 00:10:06',0,2,'内蒙古自治区包头市',1,'包头市',',350,',350),(362,'2017-06-18 00:10:07','2017-06-18 00:10:07',0,1,'内蒙古自治区包头市东河区',2,'东河区',',350,361,',361),(363,'2017-06-18 00:10:08','2017-06-18 00:10:08',0,2,'内蒙古自治区包头市昆都仑区',2,'昆都仑区',',350,361,',361),(364,'2017-06-18 00:10:09','2017-06-18 00:10:09',0,3,'内蒙古自治区包头市青山区',2,'青山区',',350,361,',361),(365,'2017-06-18 00:10:10','2017-06-18 00:10:10',0,4,'内蒙古自治区包头市石拐区',2,'石拐区',',350,361,',361),(366,'2017-06-18 00:10:11','2017-06-18 00:10:11',0,5,'内蒙古自治区包头市白云鄂博矿区',2,'白云鄂博矿区',',350,361,',361),(367,'2017-06-18 00:10:12','2017-06-18 00:10:12',0,6,'内蒙古自治区包头市九原区',2,'九原区',',350,361,',361),(368,'2017-06-18 00:10:13','2017-06-18 00:10:13',0,7,'内蒙古自治区包头市土默特右旗',2,'土默特右旗',',350,361,',361),(369,'2017-06-18 00:10:14','2017-06-18 00:10:14',0,8,'内蒙古自治区包头市固阳县',2,'固阳县',',350,361,',361),(370,'2017-06-18 00:10:15','2017-06-18 00:10:15',0,9,'内蒙古自治区包头市达尔罕茂明安联合旗',2,'达尔罕茂明安联合旗',',350,361,',361),(371,'2017-06-18 00:10:16','2017-06-18 00:10:16',0,3,'内蒙古自治区乌海市',1,'乌海市',',350,',350),(372,'2017-06-18 00:10:17','2017-06-18 00:10:17',0,1,'内蒙古自治区乌海市海勃湾区',2,'海勃湾区',',350,371,',371),(373,'2017-06-18 00:10:18','2017-06-18 00:10:18',0,2,'内蒙古自治区乌海市海南区',2,'海南区',',350,371,',371),(374,'2017-06-18 00:10:19','2017-06-18 00:10:19',0,3,'内蒙古自治区乌海市乌达区',2,'乌达区',',350,371,',371),(375,'2017-06-18 00:10:20','2017-06-18 00:10:20',0,4,'内蒙古自治区赤峰市',1,'赤峰市',',350,',350),(376,'2017-06-18 00:10:21','2017-06-18 00:10:21',0,1,'内蒙古自治区赤峰市红山区',2,'红山区',',350,375,',375),(377,'2017-06-18 00:10:22','2017-06-18 00:10:22',0,2,'内蒙古自治区赤峰市元宝山区',2,'元宝山区',',350,375,',375),(378,'2017-06-18 00:10:23','2017-06-18 00:10:23',0,3,'内蒙古自治区赤峰市松山区',2,'松山区',',350,375,',375),(379,'2017-06-18 00:10:24','2017-06-18 00:10:24',0,4,'内蒙古自治区赤峰市阿鲁科尔沁旗',2,'阿鲁科尔沁旗',',350,375,',375),(380,'2017-06-18 00:10:25','2017-06-18 00:10:25',0,5,'内蒙古自治区赤峰市巴林左旗',2,'巴林左旗',',350,375,',375),(381,'2017-06-18 00:10:26','2017-06-18 00:10:26',0,6,'内蒙古自治区赤峰市巴林右旗',2,'巴林右旗',',350,375,',375),(382,'2017-06-18 00:10:27','2017-06-18 00:10:27',0,7,'内蒙古自治区赤峰市林西县',2,'林西县',',350,375,',375),(383,'2017-06-18 00:10:28','2017-06-18 00:10:28',0,8,'内蒙古自治区赤峰市克什克腾旗',2,'克什克腾旗',',350,375,',375),(384,'2017-06-18 00:10:29','2017-06-18 00:10:29',0,9,'内蒙古自治区赤峰市翁牛特旗',2,'翁牛特旗',',350,375,',375),(385,'2017-06-18 00:10:30','2017-06-18 00:10:30',0,10,'内蒙古自治区赤峰市喀喇沁旗',2,'喀喇沁旗',',350,375,',375),(386,'2017-06-18 00:10:31','2017-06-18 00:10:31',0,11,'内蒙古自治区赤峰市宁城县',2,'宁城县',',350,375,',375),(387,'2017-06-18 00:10:32','2017-06-18 00:10:32',0,12,'内蒙古自治区赤峰市敖汉旗',2,'敖汉旗',',350,375,',375),(388,'2017-06-18 00:10:33','2017-06-18 00:10:33',0,5,'内蒙古自治区通辽市',1,'通辽市',',350,',350),(389,'2017-06-18 00:10:34','2017-06-18 00:10:34',0,1,'内蒙古自治区通辽市科尔沁区',2,'科尔沁区',',350,388,',388),(390,'2017-06-18 00:10:35','2017-06-18 00:10:35',0,2,'内蒙古自治区通辽市科尔沁左翼中旗',2,'科尔沁左翼中旗',',350,388,',388),(391,'2017-06-18 00:10:36','2017-06-18 00:10:36',0,3,'内蒙古自治区通辽市科尔沁左翼后旗',2,'科尔沁左翼后旗',',350,388,',388),(392,'2017-06-18 00:10:37','2017-06-18 00:10:37',0,4,'内蒙古自治区通辽市开鲁县',2,'开鲁县',',350,388,',388),(393,'2017-06-18 00:10:38','2017-06-18 00:10:38',0,5,'内蒙古自治区通辽市库伦旗',2,'库伦旗',',350,388,',388),(394,'2017-06-18 00:10:39','2017-06-18 00:10:39',0,6,'内蒙古自治区通辽市奈曼旗',2,'奈曼旗',',350,388,',388),(395,'2017-06-18 00:10:40','2017-06-18 00:10:40',0,7,'内蒙古自治区通辽市扎鲁特旗',2,'扎鲁特旗',',350,388,',388),(396,'2017-06-18 00:10:41','2017-06-18 00:10:41',0,8,'内蒙古自治区通辽市霍林郭勒市',2,'霍林郭勒市',',350,388,',388),(397,'2017-06-18 00:10:42','2017-06-18 00:10:42',0,6,'内蒙古自治区鄂尔多斯市',1,'鄂尔多斯市',',350,',350),(398,'2017-06-18 00:10:43','2017-06-18 00:10:43',0,1,'内蒙古自治区鄂尔多斯市东胜区',2,'东胜区',',350,397,',397),(399,'2017-06-18 00:10:44','2017-06-18 00:10:44',0,2,'内蒙古自治区鄂尔多斯市达拉特旗',2,'达拉特旗',',350,397,',397),(400,'2017-06-18 00:10:45','2017-06-18 00:10:45',0,3,'内蒙古自治区鄂尔多斯市准格尔旗',2,'准格尔旗',',350,397,',397),(401,'2017-06-18 00:10:46','2017-06-18 00:10:46',0,4,'内蒙古自治区鄂尔多斯市鄂托克前旗',2,'鄂托克前旗',',350,397,',397),(402,'2017-06-18 00:10:47','2017-06-18 00:10:47',0,5,'内蒙古自治区鄂尔多斯市鄂托克旗',2,'鄂托克旗',',350,397,',397),(403,'2017-06-18 00:10:48','2017-06-18 00:10:48',0,6,'内蒙古自治区鄂尔多斯市杭锦旗',2,'杭锦旗',',350,397,',397),(404,'2017-06-18 00:10:49','2017-06-18 00:10:49',0,7,'内蒙古自治区鄂尔多斯市乌审旗',2,'乌审旗',',350,397,',397),(405,'2017-06-18 00:10:50','2017-06-18 00:10:50',0,8,'内蒙古自治区鄂尔多斯市伊金霍洛旗',2,'伊金霍洛旗',',350,397,',397),(406,'2017-06-18 00:10:51','2017-06-18 00:10:51',0,7,'内蒙古自治区呼伦贝尔市',1,'呼伦贝尔市',',350,',350),(407,'2017-06-18 00:10:52','2017-06-18 00:10:52',0,1,'内蒙古自治区呼伦贝尔市海拉尔区',2,'海拉尔区',',350,406,',406),(408,'2017-06-18 00:10:53','2017-06-18 00:10:53',0,2,'内蒙古自治区呼伦贝尔市扎赉诺尔区',2,'扎赉诺尔区',',350,406,',406),(409,'2017-06-18 00:10:54','2017-06-18 00:10:54',0,3,'内蒙古自治区呼伦贝尔市阿荣旗',2,'阿荣旗',',350,406,',406),(410,'2017-06-18 00:10:55','2017-06-18 00:10:55',0,4,'内蒙古自治区呼伦贝尔市莫力达瓦达斡尔族自治旗',2,'莫力达瓦达斡尔族自治旗',',350,406,',406),(411,'2017-06-18 00:10:56','2017-06-18 00:10:56',0,5,'内蒙古自治区呼伦贝尔市鄂伦春自治旗',2,'鄂伦春自治旗',',350,406,',406),(412,'2017-06-18 00:10:57','2017-06-18 00:10:57',0,6,'内蒙古自治区呼伦贝尔市鄂温克族自治旗',2,'鄂温克族自治旗',',350,406,',406),(413,'2017-06-18 00:10:58','2017-06-18 00:10:58',0,7,'内蒙古自治区呼伦贝尔市陈巴尔虎旗',2,'陈巴尔虎旗',',350,406,',406),(414,'2017-06-18 00:10:59','2017-06-18 00:10:59',0,8,'内蒙古自治区呼伦贝尔市新巴尔虎左旗',2,'新巴尔虎左旗',',350,406,',406),(415,'2017-06-18 00:11:00','2017-06-18 00:11:00',0,9,'内蒙古自治区呼伦贝尔市新巴尔虎右旗',2,'新巴尔虎右旗',',350,406,',406),(416,'2017-06-18 00:11:01','2017-06-18 00:11:01',0,10,'内蒙古自治区呼伦贝尔市满洲里市',2,'满洲里市',',350,406,',406),(417,'2017-06-18 00:11:02','2017-06-18 00:11:02',0,11,'内蒙古自治区呼伦贝尔市牙克石市',2,'牙克石市',',350,406,',406),(418,'2017-06-18 00:11:03','2017-06-18 00:11:03',0,12,'内蒙古自治区呼伦贝尔市扎兰屯市',2,'扎兰屯市',',350,406,',406),(419,'2017-06-18 00:11:04','2017-06-18 00:11:04',0,13,'内蒙古自治区呼伦贝尔市额尔古纳市',2,'额尔古纳市',',350,406,',406),(420,'2017-06-18 00:11:05','2017-06-18 00:11:05',0,14,'内蒙古自治区呼伦贝尔市根河市',2,'根河市',',350,406,',406),(421,'2017-06-18 00:11:06','2017-06-18 00:11:06',0,8,'内蒙古自治区巴彦淖尔市',1,'巴彦淖尔市',',350,',350),(422,'2017-06-18 00:11:07','2017-06-18 00:11:07',0,1,'内蒙古自治区巴彦淖尔市临河区',2,'临河区',',350,421,',421),(423,'2017-06-18 00:11:08','2017-06-18 00:11:08',0,2,'内蒙古自治区巴彦淖尔市五原县',2,'五原县',',350,421,',421),(424,'2017-06-18 00:11:09','2017-06-18 00:11:09',0,3,'内蒙古自治区巴彦淖尔市磴口县',2,'磴口县',',350,421,',421),(425,'2017-06-18 00:11:10','2017-06-18 00:11:10',0,4,'内蒙古自治区巴彦淖尔市乌拉特前旗',2,'乌拉特前旗',',350,421,',421),(426,'2017-06-18 00:11:11','2017-06-18 00:11:11',0,5,'内蒙古自治区巴彦淖尔市乌拉特中旗',2,'乌拉特中旗',',350,421,',421),(427,'2017-06-18 00:11:12','2017-06-18 00:11:12',0,6,'内蒙古自治区巴彦淖尔市乌拉特后旗',2,'乌拉特后旗',',350,421,',421),(428,'2017-06-18 00:11:13','2017-06-18 00:11:13',0,7,'内蒙古自治区巴彦淖尔市杭锦后旗',2,'杭锦后旗',',350,421,',421),(429,'2017-06-18 00:11:14','2017-06-18 00:11:14',0,9,'内蒙古自治区乌兰察布市',1,'乌兰察布市',',350,',350),(430,'2017-06-18 00:11:15','2017-06-18 00:11:15',0,1,'内蒙古自治区乌兰察布市集宁区',2,'集宁区',',350,429,',429),(431,'2017-06-18 00:11:16','2017-06-18 00:11:16',0,2,'内蒙古自治区乌兰察布市卓资县',2,'卓资县',',350,429,',429),(432,'2017-06-18 00:11:17','2017-06-18 00:11:17',0,3,'内蒙古自治区乌兰察布市化德县',2,'化德县',',350,429,',429),(433,'2017-06-18 00:11:18','2017-06-18 00:11:18',0,4,'内蒙古自治区乌兰察布市商都县',2,'商都县',',350,429,',429),(434,'2017-06-18 00:11:19','2017-06-18 00:11:19',0,5,'内蒙古自治区乌兰察布市兴和县',2,'兴和县',',350,429,',429),(435,'2017-06-18 00:11:20','2017-06-18 00:11:20',0,6,'内蒙古自治区乌兰察布市凉城县',2,'凉城县',',350,429,',429),(436,'2017-06-18 00:11:21','2017-06-18 00:11:21',0,7,'内蒙古自治区乌兰察布市察哈尔右翼前旗',2,'察哈尔右翼前旗',',350,429,',429),(437,'2017-06-18 00:11:22','2017-06-18 00:11:22',0,8,'内蒙古自治区乌兰察布市察哈尔右翼中旗',2,'察哈尔右翼中旗',',350,429,',429),(438,'2017-06-18 00:11:23','2017-06-18 00:11:23',0,9,'内蒙古自治区乌兰察布市察哈尔右翼后旗',2,'察哈尔右翼后旗',',350,429,',429),(439,'2017-06-18 00:11:24','2017-06-18 00:11:24',0,10,'内蒙古自治区乌兰察布市四子王旗',2,'四子王旗',',350,429,',429),(440,'2017-06-18 00:11:25','2017-06-18 00:11:25',0,11,'内蒙古自治区乌兰察布市丰镇市',2,'丰镇市',',350,429,',429),(441,'2017-06-18 00:11:26','2017-06-18 00:11:26',0,10,'内蒙古自治区兴安盟',1,'兴安盟',',350,',350),(442,'2017-06-18 00:11:27','2017-06-18 00:11:27',0,1,'内蒙古自治区兴安盟乌兰浩特市',2,'乌兰浩特市',',350,441,',441),(443,'2017-06-18 00:11:28','2017-06-18 00:11:28',0,2,'内蒙古自治区兴安盟阿尔山市',2,'阿尔山市',',350,441,',441),(444,'2017-06-18 00:11:29','2017-06-18 00:11:29',0,3,'内蒙古自治区兴安盟科尔沁右翼前旗',2,'科尔沁右翼前旗',',350,441,',441),(445,'2017-06-18 00:11:30','2017-06-18 00:11:30',0,4,'内蒙古自治区兴安盟科尔沁右翼中旗',2,'科尔沁右翼中旗',',350,441,',441),(446,'2017-06-18 00:11:31','2017-06-18 00:11:31',0,5,'内蒙古自治区兴安盟扎赉特旗',2,'扎赉特旗',',350,441,',441),(447,'2017-06-18 00:11:32','2017-06-18 00:11:32',0,6,'内蒙古自治区兴安盟突泉县',2,'突泉县',',350,441,',441),(448,'2017-06-18 00:11:33','2017-06-18 00:11:33',0,11,'内蒙古自治区锡林郭勒盟',1,'锡林郭勒盟',',350,',350),(449,'2017-06-18 00:11:34','2017-06-18 00:11:34',0,1,'内蒙古自治区锡林郭勒盟二连浩特市',2,'二连浩特市',',350,448,',448),(450,'2017-06-18 00:11:35','2017-06-18 00:11:35',0,2,'内蒙古自治区锡林郭勒盟锡林浩特市',2,'锡林浩特市',',350,448,',448),(451,'2017-06-18 00:11:36','2017-06-18 00:11:36',0,3,'内蒙古自治区锡林郭勒盟阿巴嘎旗',2,'阿巴嘎旗',',350,448,',448),(452,'2017-06-18 00:11:37','2017-06-18 00:11:37',0,4,'内蒙古自治区锡林郭勒盟苏尼特左旗',2,'苏尼特左旗',',350,448,',448),(453,'2017-06-18 00:11:38','2017-06-18 00:11:38',0,5,'内蒙古自治区锡林郭勒盟苏尼特右旗',2,'苏尼特右旗',',350,448,',448),(454,'2017-06-18 00:11:39','2017-06-18 00:11:39',0,6,'内蒙古自治区锡林郭勒盟东乌珠穆沁旗',2,'东乌珠穆沁旗',',350,448,',448),(455,'2017-06-18 00:11:40','2017-06-18 00:11:40',0,7,'内蒙古自治区锡林郭勒盟西乌珠穆沁旗',2,'西乌珠穆沁旗',',350,448,',448),(456,'2017-06-18 00:11:41','2017-06-18 00:11:41',0,8,'内蒙古自治区锡林郭勒盟太仆寺旗',2,'太仆寺旗',',350,448,',448),(457,'2017-06-18 00:11:42','2017-06-18 00:11:42',0,9,'内蒙古自治区锡林郭勒盟镶黄旗',2,'镶黄旗',',350,448,',448),(458,'2017-06-18 00:11:43','2017-06-18 00:11:43',0,10,'内蒙古自治区锡林郭勒盟正镶白旗',2,'正镶白旗',',350,448,',448),(459,'2017-06-18 00:11:44','2017-06-18 00:11:44',0,11,'内蒙古自治区锡林郭勒盟正蓝旗',2,'正蓝旗',',350,448,',448),(460,'2017-06-18 00:11:45','2017-06-18 00:11:45',0,12,'内蒙古自治区锡林郭勒盟多伦县',2,'多伦县',',350,448,',448),(461,'2017-06-18 00:11:46','2017-06-18 00:11:46',0,12,'内蒙古自治区阿拉善盟',1,'阿拉善盟',',350,',350),(462,'2017-06-18 00:11:47','2017-06-18 00:11:47',0,1,'内蒙古自治区阿拉善盟阿拉善左旗',2,'阿拉善左旗',',350,461,',461),(463,'2017-06-18 00:11:48','2017-06-18 00:11:48',0,2,'内蒙古自治区阿拉善盟阿拉善右旗',2,'阿拉善右旗',',350,461,',461),(464,'2017-06-18 00:11:49','2017-06-18 00:11:49',0,3,'内蒙古自治区阿拉善盟额济纳旗',2,'额济纳旗',',350,461,',461),(465,'2017-06-18 00:11:50','2017-06-18 00:11:50',0,6,'辽宁省',0,'辽宁省',',',NULL),(466,'2017-06-18 00:11:51','2017-06-18 00:11:51',0,1,'辽宁省沈阳市',1,'沈阳市',',465,',465),(467,'2017-06-18 00:11:52','2017-06-18 00:11:52',0,1,'辽宁省沈阳市和平区',2,'和平区',',465,466,',466),(468,'2017-06-18 00:11:53','2017-06-18 00:11:53',0,2,'辽宁省沈阳市沈河区',2,'沈河区',',465,466,',466),(469,'2017-06-18 00:11:54','2017-06-18 00:11:54',0,3,'辽宁省沈阳市大东区',2,'大东区',',465,466,',466),(470,'2017-06-18 00:11:55','2017-06-18 00:11:55',0,4,'辽宁省沈阳市皇姑区',2,'皇姑区',',465,466,',466),(471,'2017-06-18 00:11:56','2017-06-18 00:11:56',0,5,'辽宁省沈阳市铁西区',2,'铁西区',',465,466,',466),(472,'2017-06-18 00:11:57','2017-06-18 00:11:57',0,6,'辽宁省沈阳市苏家屯区',2,'苏家屯区',',465,466,',466),(473,'2017-06-18 00:11:58','2017-06-18 00:11:58',0,7,'辽宁省沈阳市东陵区',2,'东陵区',',465,466,',466),(474,'2017-06-18 00:11:59','2017-06-18 00:11:59',0,8,'辽宁省沈阳市沈北新区',2,'沈北新区',',465,466,',466),(475,'2017-06-18 00:12:00','2017-06-18 00:12:00',0,9,'辽宁省沈阳市于洪区',2,'于洪区',',465,466,',466),(476,'2017-06-18 00:12:01','2017-06-18 00:12:01',0,10,'辽宁省沈阳市辽中县',2,'辽中县',',465,466,',466),(477,'2017-06-18 00:12:02','2017-06-18 00:12:02',0,11,'辽宁省沈阳市康平县',2,'康平县',',465,466,',466),(478,'2017-06-18 00:12:03','2017-06-18 00:12:03',0,12,'辽宁省沈阳市法库县',2,'法库县',',465,466,',466),(479,'2017-06-18 00:12:04','2017-06-18 00:12:04',0,13,'辽宁省沈阳市新民市',2,'新民市',',465,466,',466),(480,'2017-06-18 00:12:05','2017-06-18 00:12:05',0,2,'辽宁省大连市',1,'大连市',',465,',465),(481,'2017-06-18 00:12:06','2017-06-18 00:12:06',0,1,'辽宁省大连市中山区',2,'中山区',',465,480,',480),(482,'2017-06-18 00:12:07','2017-06-18 00:12:07',0,2,'辽宁省大连市西岗区',2,'西岗区',',465,480,',480),(483,'2017-06-18 00:12:08','2017-06-18 00:12:08',0,3,'辽宁省大连市沙河口区',2,'沙河口区',',465,480,',480),(484,'2017-06-18 00:12:09','2017-06-18 00:12:09',0,4,'辽宁省大连市甘井子区',2,'甘井子区',',465,480,',480),(485,'2017-06-18 00:12:10','2017-06-18 00:12:10',0,5,'辽宁省大连市旅顺口区',2,'旅顺口区',',465,480,',480),(486,'2017-06-18 00:12:11','2017-06-18 00:12:11',0,6,'辽宁省大连市金州区',2,'金州区',',465,480,',480),(487,'2017-06-18 00:12:12','2017-06-18 00:12:12',0,7,'辽宁省大连市长海县',2,'长海县',',465,480,',480),(488,'2017-06-18 00:12:13','2017-06-18 00:12:13',0,8,'辽宁省大连市瓦房店市',2,'瓦房店市',',465,480,',480),(489,'2017-06-18 00:12:14','2017-06-18 00:12:14',0,9,'辽宁省大连市普兰店市',2,'普兰店市',',465,480,',480),(490,'2017-06-18 00:12:15','2017-06-18 00:12:15',0,10,'辽宁省大连市庄河市',2,'庄河市',',465,480,',480),(491,'2017-06-18 00:12:16','2017-06-18 00:12:16',0,3,'辽宁省鞍山市',1,'鞍山市',',465,',465),(492,'2017-06-18 00:12:17','2017-06-18 00:12:17',0,1,'辽宁省鞍山市铁东区',2,'铁东区',',465,491,',491),(493,'2017-06-18 00:12:18','2017-06-18 00:12:18',0,2,'辽宁省鞍山市铁西区',2,'铁西区',',465,491,',491),(494,'2017-06-18 00:12:19','2017-06-18 00:12:19',0,3,'辽宁省鞍山市立山区',2,'立山区',',465,491,',491),(495,'2017-06-18 00:12:20','2017-06-18 00:12:20',0,4,'辽宁省鞍山市千山区',2,'千山区',',465,491,',491),(496,'2017-06-18 00:12:21','2017-06-18 00:12:21',0,5,'辽宁省鞍山市台安县',2,'台安县',',465,491,',491),(497,'2017-06-18 00:12:22','2017-06-18 00:12:22',0,6,'辽宁省鞍山市岫岩满族自治县',2,'岫岩满族自治县',',465,491,',491),(498,'2017-06-18 00:12:23','2017-06-18 00:12:23',0,7,'辽宁省鞍山市海城市',2,'海城市',',465,491,',491),(499,'2017-06-18 00:12:24','2017-06-18 00:12:24',0,4,'辽宁省抚顺市',1,'抚顺市',',465,',465),(500,'2017-06-18 00:12:25','2017-06-18 00:12:25',0,1,'辽宁省抚顺市新抚区',2,'新抚区',',465,499,',499),(501,'2017-06-18 00:12:26','2017-06-18 00:12:26',0,2,'辽宁省抚顺市东洲区',2,'东洲区',',465,499,',499),(502,'2017-06-18 00:12:27','2017-06-18 00:12:27',0,3,'辽宁省抚顺市望花区',2,'望花区',',465,499,',499),(503,'2017-06-18 00:12:28','2017-06-18 00:12:28',0,4,'辽宁省抚顺市顺城区',2,'顺城区',',465,499,',499),(504,'2017-06-18 00:12:29','2017-06-18 00:12:29',0,5,'辽宁省抚顺市抚顺县',2,'抚顺县',',465,499,',499),(505,'2017-06-18 00:12:30','2017-06-18 00:12:30',0,6,'辽宁省抚顺市新宾满族自治县',2,'新宾满族自治县',',465,499,',499),(506,'2017-06-18 00:12:31','2017-06-18 00:12:31',0,7,'辽宁省抚顺市清原满族自治县',2,'清原满族自治县',',465,499,',499),(507,'2017-06-18 00:12:32','2017-06-18 00:12:32',0,5,'辽宁省本溪市',1,'本溪市',',465,',465),(508,'2017-06-18 00:12:33','2017-06-18 00:12:33',0,1,'辽宁省本溪市平山区',2,'平山区',',465,507,',507),(509,'2017-06-18 00:12:34','2017-06-18 00:12:34',0,2,'辽宁省本溪市溪湖区',2,'溪湖区',',465,507,',507),(510,'2017-06-18 00:12:35','2017-06-18 00:12:35',0,3,'辽宁省本溪市明山区',2,'明山区',',465,507,',507),(511,'2017-06-18 00:12:36','2017-06-18 00:12:36',0,4,'辽宁省本溪市南芬区',2,'南芬区',',465,507,',507),(512,'2017-06-18 00:12:37','2017-06-18 00:12:37',0,5,'辽宁省本溪市本溪满族自治县',2,'本溪满族自治县',',465,507,',507),(513,'2017-06-18 00:12:38','2017-06-18 00:12:38',0,6,'辽宁省本溪市桓仁满族自治县',2,'桓仁满族自治县',',465,507,',507),(514,'2017-06-18 00:12:39','2017-06-18 00:12:39',0,6,'辽宁省丹东市',1,'丹东市',',465,',465),(515,'2017-06-18 00:12:40','2017-06-18 00:12:40',0,1,'辽宁省丹东市元宝区',2,'元宝区',',465,514,',514),(516,'2017-06-18 00:12:41','2017-06-18 00:12:41',0,2,'辽宁省丹东市振兴区',2,'振兴区',',465,514,',514),(517,'2017-06-18 00:12:42','2017-06-18 00:12:42',0,3,'辽宁省丹东市振安区',2,'振安区',',465,514,',514),(518,'2017-06-18 00:12:43','2017-06-18 00:12:43',0,4,'辽宁省丹东市宽甸满族自治县',2,'宽甸满族自治县',',465,514,',514),(519,'2017-06-18 00:12:44','2017-06-18 00:12:44',0,5,'辽宁省丹东市东港市',2,'东港市',',465,514,',514),(520,'2017-06-18 00:12:45','2017-06-18 00:12:45',0,6,'辽宁省丹东市凤城市',2,'凤城市',',465,514,',514),(521,'2017-06-18 00:12:46','2017-06-18 00:12:46',0,7,'辽宁省锦州市',1,'锦州市',',465,',465),(522,'2017-06-18 00:12:47','2017-06-18 00:12:47',0,1,'辽宁省锦州市古塔区',2,'古塔区',',465,521,',521),(523,'2017-06-18 00:12:48','2017-06-18 00:12:48',0,2,'辽宁省锦州市凌河区',2,'凌河区',',465,521,',521),(524,'2017-06-18 00:12:49','2017-06-18 00:12:49',0,3,'辽宁省锦州市太和区',2,'太和区',',465,521,',521),(525,'2017-06-18 00:12:50','2017-06-18 00:12:50',0,4,'辽宁省锦州市黑山县',2,'黑山县',',465,521,',521),(526,'2017-06-18 00:12:51','2017-06-18 00:12:51',0,5,'辽宁省锦州市义县',2,'义县',',465,521,',521),(527,'2017-06-18 00:12:52','2017-06-18 00:12:52',0,6,'辽宁省锦州市凌海市',2,'凌海市',',465,521,',521),(528,'2017-06-18 00:12:53','2017-06-18 00:12:53',0,7,'辽宁省锦州市北镇市',2,'北镇市',',465,521,',521),(529,'2017-06-18 00:12:54','2017-06-18 00:12:54',0,8,'辽宁省营口市',1,'营口市',',465,',465),(530,'2017-06-18 00:12:55','2017-06-18 00:12:55',0,1,'辽宁省营口市站前区',2,'站前区',',465,529,',529),(531,'2017-06-18 00:12:56','2017-06-18 00:12:56',0,2,'辽宁省营口市西市区',2,'西市区',',465,529,',529),(532,'2017-06-18 00:12:57','2017-06-18 00:12:57',0,3,'辽宁省营口市鲅鱼圈区',2,'鲅鱼圈区',',465,529,',529),(533,'2017-06-18 00:12:58','2017-06-18 00:12:58',0,4,'辽宁省营口市老边区',2,'老边区',',465,529,',529),(534,'2017-06-18 00:12:59','2017-06-18 00:12:59',0,5,'辽宁省营口市盖州市',2,'盖州市',',465,529,',529),(535,'2017-06-18 00:13:00','2017-06-18 00:13:00',0,6,'辽宁省营口市大石桥市',2,'大石桥市',',465,529,',529),(536,'2017-06-18 00:13:01','2017-06-18 00:13:01',0,9,'辽宁省阜新市',1,'阜新市',',465,',465),(537,'2017-06-18 00:13:02','2017-06-18 00:13:02',0,1,'辽宁省阜新市海州区',2,'海州区',',465,536,',536),(538,'2017-06-18 00:13:03','2017-06-18 00:13:03',0,2,'辽宁省阜新市新邱区',2,'新邱区',',465,536,',536),(539,'2017-06-18 00:13:04','2017-06-18 00:13:04',0,3,'辽宁省阜新市太平区',2,'太平区',',465,536,',536),(540,'2017-06-18 00:13:05','2017-06-18 00:13:05',0,4,'辽宁省阜新市清河门区',2,'清河门区',',465,536,',536),(541,'2017-06-18 00:13:06','2017-06-18 00:13:06',0,5,'辽宁省阜新市细河区',2,'细河区',',465,536,',536),(542,'2017-06-18 00:13:07','2017-06-18 00:13:07',0,6,'辽宁省阜新市阜新蒙古族自治县',2,'阜新蒙古族自治县',',465,536,',536),(543,'2017-06-18 00:13:08','2017-06-18 00:13:08',0,7,'辽宁省阜新市彰武县',2,'彰武县',',465,536,',536),(544,'2017-06-18 00:13:09','2017-06-18 00:13:09',0,10,'辽宁省辽阳市',1,'辽阳市',',465,',465),(545,'2017-06-18 00:13:10','2017-06-18 00:13:10',0,1,'辽宁省辽阳市白塔区',2,'白塔区',',465,544,',544),(546,'2017-06-18 00:13:11','2017-06-18 00:13:11',0,2,'辽宁省辽阳市文圣区',2,'文圣区',',465,544,',544),(547,'2017-06-18 00:13:12','2017-06-18 00:13:12',0,3,'辽宁省辽阳市宏伟区',2,'宏伟区',',465,544,',544),(548,'2017-06-18 00:13:13','2017-06-18 00:13:13',0,4,'辽宁省辽阳市弓长岭区',2,'弓长岭区',',465,544,',544),(549,'2017-06-18 00:13:14','2017-06-18 00:13:14',0,5,'辽宁省辽阳市太子河区',2,'太子河区',',465,544,',544),(550,'2017-06-18 00:13:15','2017-06-18 00:13:15',0,6,'辽宁省辽阳市辽阳县',2,'辽阳县',',465,544,',544),(551,'2017-06-18 00:13:16','2017-06-18 00:13:16',0,7,'辽宁省辽阳市灯塔市',2,'灯塔市',',465,544,',544),(552,'2017-06-18 00:13:17','2017-06-18 00:13:17',0,11,'辽宁省盘锦市',1,'盘锦市',',465,',465),(553,'2017-06-18 00:13:18','2017-06-18 00:13:18',0,1,'辽宁省盘锦市双台子区',2,'双台子区',',465,552,',552),(554,'2017-06-18 00:13:19','2017-06-18 00:13:19',0,2,'辽宁省盘锦市兴隆台区',2,'兴隆台区',',465,552,',552),(555,'2017-06-18 00:13:20','2017-06-18 00:13:20',0,3,'辽宁省盘锦市大洼县',2,'大洼县',',465,552,',552),(556,'2017-06-18 00:13:21','2017-06-18 00:13:21',0,4,'辽宁省盘锦市盘山县',2,'盘山县',',465,552,',552),(557,'2017-06-18 00:13:22','2017-06-18 00:13:22',0,12,'辽宁省铁岭市',1,'铁岭市',',465,',465),(558,'2017-06-18 00:13:23','2017-06-18 00:13:23',0,1,'辽宁省铁岭市银州区',2,'银州区',',465,557,',557),(559,'2017-06-18 00:13:24','2017-06-18 00:13:24',0,2,'辽宁省铁岭市清河区',2,'清河区',',465,557,',557),(560,'2017-06-18 00:13:25','2017-06-18 00:13:25',0,3,'辽宁省铁岭市铁岭县',2,'铁岭县',',465,557,',557),(561,'2017-06-18 00:13:26','2017-06-18 00:13:26',0,4,'辽宁省铁岭市西丰县',2,'西丰县',',465,557,',557),(562,'2017-06-18 00:13:27','2017-06-18 00:13:27',0,5,'辽宁省铁岭市昌图县',2,'昌图县',',465,557,',557),(563,'2017-06-18 00:13:28','2017-06-18 00:13:28',0,6,'辽宁省铁岭市调兵山市',2,'调兵山市',',465,557,',557),(564,'2017-06-18 00:13:29','2017-06-18 00:13:29',0,7,'辽宁省铁岭市开原市',2,'开原市',',465,557,',557),(565,'2017-06-18 00:13:30','2017-06-18 00:13:30',0,13,'辽宁省朝阳市',1,'朝阳市',',465,',465),(566,'2017-06-18 00:13:31','2017-06-18 00:13:31',0,1,'辽宁省朝阳市双塔区',2,'双塔区',',465,565,',565),(567,'2017-06-18 00:13:32','2017-06-18 00:13:32',0,2,'辽宁省朝阳市龙城区',2,'龙城区',',465,565,',565),(568,'2017-06-18 00:13:33','2017-06-18 00:13:33',0,3,'辽宁省朝阳市朝阳县',2,'朝阳县',',465,565,',565),(569,'2017-06-18 00:13:34','2017-06-18 00:13:34',0,4,'辽宁省朝阳市建平县',2,'建平县',',465,565,',565),(570,'2017-06-18 00:13:35','2017-06-18 00:13:35',0,5,'辽宁省朝阳市喀喇沁左翼蒙古族自治县',2,'喀喇沁左翼蒙古族自治县',',465,565,',565),(571,'2017-06-18 00:13:36','2017-06-18 00:13:36',0,6,'辽宁省朝阳市北票市',2,'北票市',',465,565,',565),(572,'2017-06-18 00:13:37','2017-06-18 00:13:37',0,7,'辽宁省朝阳市凌源市',2,'凌源市',',465,565,',565),(573,'2017-06-18 00:13:38','2017-06-18 00:13:38',0,14,'辽宁省葫芦岛市',1,'葫芦岛市',',465,',465),(574,'2017-06-18 00:13:39','2017-06-18 00:13:39',0,1,'辽宁省葫芦岛市连山区',2,'连山区',',465,573,',573),(575,'2017-06-18 00:13:40','2017-06-18 00:13:40',0,2,'辽宁省葫芦岛市龙港区',2,'龙港区',',465,573,',573),(576,'2017-06-18 00:13:41','2017-06-18 00:13:41',0,3,'辽宁省葫芦岛市南票区',2,'南票区',',465,573,',573),(577,'2017-06-18 00:13:42','2017-06-18 00:13:42',0,4,'辽宁省葫芦岛市绥中县',2,'绥中县',',465,573,',573),(578,'2017-06-18 00:13:43','2017-06-18 00:13:43',0,5,'辽宁省葫芦岛市建昌县',2,'建昌县',',465,573,',573),(579,'2017-06-18 00:13:44','2017-06-18 00:13:44',0,6,'辽宁省葫芦岛市兴城市',2,'兴城市',',465,573,',573),(580,'2017-06-18 00:13:45','2017-06-18 00:13:45',0,7,'吉林省',0,'吉林省',',',NULL),(581,'2017-06-18 00:13:46','2017-06-18 00:13:46',0,1,'吉林省长春市',1,'长春市',',580,',580),(582,'2017-06-18 00:13:47','2017-06-18 00:13:47',0,1,'吉林省长春市南关区',2,'南关区',',580,581,',581),(583,'2017-06-18 00:13:48','2017-06-18 00:13:48',0,2,'吉林省长春市宽城区',2,'宽城区',',580,581,',581),(584,'2017-06-18 00:13:49','2017-06-18 00:13:49',0,3,'吉林省长春市朝阳区',2,'朝阳区',',580,581,',581),(585,'2017-06-18 00:13:50','2017-06-18 00:13:50',0,4,'吉林省长春市二道区',2,'二道区',',580,581,',581),(586,'2017-06-18 00:13:51','2017-06-18 00:13:51',0,5,'吉林省长春市绿园区',2,'绿园区',',580,581,',581),(587,'2017-06-18 00:13:52','2017-06-18 00:13:52',0,6,'吉林省长春市双阳区',2,'双阳区',',580,581,',581),(588,'2017-06-18 00:13:53','2017-06-18 00:13:53',0,7,'吉林省长春市农安县',2,'农安县',',580,581,',581),(589,'2017-06-18 00:13:54','2017-06-18 00:13:54',0,8,'吉林省长春市九台市',2,'九台市',',580,581,',581),(590,'2017-06-18 00:13:55','2017-06-18 00:13:55',0,9,'吉林省长春市榆树市',2,'榆树市',',580,581,',581),(591,'2017-06-18 00:13:56','2017-06-18 00:13:56',0,10,'吉林省长春市德惠市',2,'德惠市',',580,581,',581),(592,'2017-06-18 00:13:57','2017-06-18 00:13:57',0,2,'吉林省吉林市',1,'吉林市',',580,',580),(593,'2017-06-18 00:13:58','2017-06-18 00:13:58',0,1,'吉林省吉林市昌邑区',2,'昌邑区',',580,592,',592),(594,'2017-06-18 00:13:59','2017-06-18 00:13:59',0,2,'吉林省吉林市龙潭区',2,'龙潭区',',580,592,',592),(595,'2017-06-18 00:14:00','2017-06-18 00:14:00',0,3,'吉林省吉林市船营区',2,'船营区',',580,592,',592),(596,'2017-06-18 00:14:01','2017-06-18 00:14:01',0,4,'吉林省吉林市丰满区',2,'丰满区',',580,592,',592),(597,'2017-06-18 00:14:02','2017-06-18 00:14:02',0,5,'吉林省吉林市永吉县',2,'永吉县',',580,592,',592),(598,'2017-06-18 00:14:03','2017-06-18 00:14:03',0,6,'吉林省吉林市蛟河市',2,'蛟河市',',580,592,',592),(599,'2017-06-18 00:14:04','2017-06-18 00:14:04',0,7,'吉林省吉林市桦甸市',2,'桦甸市',',580,592,',592),(600,'2017-06-18 00:14:05','2017-06-18 00:14:05',0,8,'吉林省吉林市舒兰市',2,'舒兰市',',580,592,',592),(601,'2017-06-18 00:14:06','2017-06-18 00:14:06',0,9,'吉林省吉林市磐石市',2,'磐石市',',580,592,',592),(602,'2017-06-18 00:14:07','2017-06-18 00:14:07',0,3,'吉林省四平市',1,'四平市',',580,',580),(603,'2017-06-18 00:14:08','2017-06-18 00:14:08',0,1,'吉林省四平市铁西区',2,'铁西区',',580,602,',602),(604,'2017-06-18 00:14:09','2017-06-18 00:14:09',0,2,'吉林省四平市铁东区',2,'铁东区',',580,602,',602),(605,'2017-06-18 00:14:10','2017-06-18 00:14:10',0,3,'吉林省四平市梨树县',2,'梨树县',',580,602,',602),(606,'2017-06-18 00:14:11','2017-06-18 00:14:11',0,4,'吉林省四平市伊通满族自治县',2,'伊通满族自治县',',580,602,',602),(607,'2017-06-18 00:14:12','2017-06-18 00:14:12',0,5,'吉林省四平市公主岭市',2,'公主岭市',',580,602,',602),(608,'2017-06-18 00:14:13','2017-06-18 00:14:13',0,6,'吉林省四平市双辽市',2,'双辽市',',580,602,',602),(609,'2017-06-18 00:14:14','2017-06-18 00:14:14',0,4,'吉林省辽源市',1,'辽源市',',580,',580),(610,'2017-06-18 00:14:15','2017-06-18 00:14:15',0,1,'吉林省辽源市龙山区',2,'龙山区',',580,609,',609),(611,'2017-06-18 00:14:16','2017-06-18 00:14:16',0,2,'吉林省辽源市西安区',2,'西安区',',580,609,',609),(612,'2017-06-18 00:14:17','2017-06-18 00:14:17',0,3,'吉林省辽源市东丰县',2,'东丰县',',580,609,',609),(613,'2017-06-18 00:14:18','2017-06-18 00:14:18',0,4,'吉林省辽源市东辽县',2,'东辽县',',580,609,',609),(614,'2017-06-18 00:14:19','2017-06-18 00:14:19',0,5,'吉林省通化市',1,'通化市',',580,',580),(615,'2017-06-18 00:14:20','2017-06-18 00:14:20',0,1,'吉林省通化市东昌区',2,'东昌区',',580,614,',614),(616,'2017-06-18 00:14:21','2017-06-18 00:14:21',0,2,'吉林省通化市二道江区',2,'二道江区',',580,614,',614),(617,'2017-06-18 00:14:22','2017-06-18 00:14:22',0,3,'吉林省通化市通化县',2,'通化县',',580,614,',614),(618,'2017-06-18 00:14:23','2017-06-18 00:14:23',0,4,'吉林省通化市辉南县',2,'辉南县',',580,614,',614),(619,'2017-06-18 00:14:24','2017-06-18 00:14:24',0,5,'吉林省通化市柳河县',2,'柳河县',',580,614,',614),(620,'2017-06-18 00:14:25','2017-06-18 00:14:25',0,6,'吉林省通化市梅河口市',2,'梅河口市',',580,614,',614),(621,'2017-06-18 00:14:26','2017-06-18 00:14:26',0,7,'吉林省通化市集安市',2,'集安市',',580,614,',614),(622,'2017-06-18 00:14:27','2017-06-18 00:14:27',0,6,'吉林省白山市',1,'白山市',',580,',580),(623,'2017-06-18 00:14:28','2017-06-18 00:14:28',0,1,'吉林省白山市浑江区',2,'浑江区',',580,622,',622),(624,'2017-06-18 00:14:29','2017-06-18 00:14:29',0,2,'吉林省白山市江源区',2,'江源区',',580,622,',622),(625,'2017-06-18 00:14:30','2017-06-18 00:14:30',0,3,'吉林省白山市抚松县',2,'抚松县',',580,622,',622),(626,'2017-06-18 00:14:31','2017-06-18 00:14:31',0,4,'吉林省白山市靖宇县',2,'靖宇县',',580,622,',622),(627,'2017-06-18 00:14:32','2017-06-18 00:14:32',0,5,'吉林省白山市长白朝鲜族自治县',2,'长白朝鲜族自治县',',580,622,',622),(628,'2017-06-18 00:14:33','2017-06-18 00:14:33',0,6,'吉林省白山市临江市',2,'临江市',',580,622,',622),(629,'2017-06-18 00:14:34','2017-06-18 00:14:34',0,7,'吉林省松原市',1,'松原市',',580,',580),(630,'2017-06-18 00:14:35','2017-06-18 00:14:35',0,1,'吉林省松原市宁江区',2,'宁江区',',580,629,',629),(631,'2017-06-18 00:14:36','2017-06-18 00:14:36',0,2,'吉林省松原市前郭尔罗斯蒙古族自治县',2,'前郭尔罗斯蒙古族自治县',',580,629,',629),(632,'2017-06-18 00:14:37','2017-06-18 00:14:37',0,3,'吉林省松原市长岭县',2,'长岭县',',580,629,',629),(633,'2017-06-18 00:14:38','2017-06-18 00:14:38',0,4,'吉林省松原市乾安县',2,'乾安县',',580,629,',629),(634,'2017-06-18 00:14:39','2017-06-18 00:14:39',0,5,'吉林省松原市扶余市',2,'扶余市',',580,629,',629),(635,'2017-06-18 00:14:40','2017-06-18 00:14:40',0,8,'吉林省白城市',1,'白城市',',580,',580),(636,'2017-06-18 00:14:41','2017-06-18 00:14:41',0,1,'吉林省白城市洮北区',2,'洮北区',',580,635,',635),(637,'2017-06-18 00:14:42','2017-06-18 00:14:42',0,2,'吉林省白城市镇赉县',2,'镇赉县',',580,635,',635),(638,'2017-06-18 00:14:43','2017-06-18 00:14:43',0,3,'吉林省白城市通榆县',2,'通榆县',',580,635,',635),(639,'2017-06-18 00:14:44','2017-06-18 00:14:44',0,4,'吉林省白城市洮南市',2,'洮南市',',580,635,',635),(640,'2017-06-18 00:14:45','2017-06-18 00:14:45',0,5,'吉林省白城市大安市',2,'大安市',',580,635,',635),(641,'2017-06-18 00:14:46','2017-06-18 00:14:46',0,9,'吉林省延边朝鲜族自治州',1,'延边朝鲜族自治州',',580,',580),(642,'2017-06-18 00:14:47','2017-06-18 00:14:47',0,1,'吉林省延边朝鲜族自治州延吉市',2,'延吉市',',580,641,',641),(643,'2017-06-18 00:14:48','2017-06-18 00:14:48',0,2,'吉林省延边朝鲜族自治州图们市',2,'图们市',',580,641,',641),(644,'2017-06-18 00:14:49','2017-06-18 00:14:49',0,3,'吉林省延边朝鲜族自治州敦化市',2,'敦化市',',580,641,',641),(645,'2017-06-18 00:14:50','2017-06-18 00:14:50',0,4,'吉林省延边朝鲜族自治州珲春市',2,'珲春市',',580,641,',641),(646,'2017-06-18 00:14:51','2017-06-18 00:14:51',0,5,'吉林省延边朝鲜族自治州龙井市',2,'龙井市',',580,641,',641),(647,'2017-06-18 00:14:52','2017-06-18 00:14:52',0,6,'吉林省延边朝鲜族自治州和龙市',2,'和龙市',',580,641,',641),(648,'2017-06-18 00:14:53','2017-06-18 00:14:53',0,7,'吉林省延边朝鲜族自治州汪清县',2,'汪清县',',580,641,',641),(649,'2017-06-18 00:14:54','2017-06-18 00:14:54',0,8,'吉林省延边朝鲜族自治州安图县',2,'安图县',',580,641,',641),(650,'2017-06-18 00:14:55','2017-06-18 00:14:55',0,8,'黑龙江省',0,'黑龙江省',',',NULL),(651,'2017-06-18 00:14:56','2017-06-18 00:14:56',0,1,'黑龙江省哈尔滨市',1,'哈尔滨市',',650,',650),(652,'2017-06-18 00:14:57','2017-06-18 00:14:57',0,1,'黑龙江省哈尔滨市道里区',2,'道里区',',650,651,',651),(653,'2017-06-18 00:14:58','2017-06-18 00:14:58',0,2,'黑龙江省哈尔滨市南岗区',2,'南岗区',',650,651,',651),(654,'2017-06-18 00:14:59','2017-06-18 00:14:59',0,3,'黑龙江省哈尔滨市道外区',2,'道外区',',650,651,',651),(655,'2017-06-18 00:15:00','2017-06-18 00:15:00',0,4,'黑龙江省哈尔滨市平房区',2,'平房区',',650,651,',651),(656,'2017-06-18 00:15:01','2017-06-18 00:15:01',0,5,'黑龙江省哈尔滨市松北区',2,'松北区',',650,651,',651),(657,'2017-06-18 00:15:02','2017-06-18 00:15:02',0,6,'黑龙江省哈尔滨市香坊区',2,'香坊区',',650,651,',651),(658,'2017-06-18 00:15:03','2017-06-18 00:15:03',0,7,'黑龙江省哈尔滨市呼兰区',2,'呼兰区',',650,651,',651),(659,'2017-06-18 00:15:04','2017-06-18 00:15:04',0,8,'黑龙江省哈尔滨市阿城区',2,'阿城区',',650,651,',651),(660,'2017-06-18 00:15:05','2017-06-18 00:15:05',0,9,'黑龙江省哈尔滨市依兰县',2,'依兰县',',650,651,',651),(661,'2017-06-18 00:15:06','2017-06-18 00:15:06',0,10,'黑龙江省哈尔滨市方正县',2,'方正县',',650,651,',651),(662,'2017-06-18 00:15:07','2017-06-18 00:15:07',0,11,'黑龙江省哈尔滨市宾县',2,'宾县',',650,651,',651),(663,'2017-06-18 00:15:08','2017-06-18 00:15:08',0,12,'黑龙江省哈尔滨市巴彦县',2,'巴彦县',',650,651,',651),(664,'2017-06-18 00:15:09','2017-06-18 00:15:09',0,13,'黑龙江省哈尔滨市木兰县',2,'木兰县',',650,651,',651),(665,'2017-06-18 00:15:10','2017-06-18 00:15:10',0,14,'黑龙江省哈尔滨市通河县',2,'通河县',',650,651,',651),(666,'2017-06-18 00:15:11','2017-06-18 00:15:11',0,15,'黑龙江省哈尔滨市延寿县',2,'延寿县',',650,651,',651),(667,'2017-06-18 00:15:12','2017-06-18 00:15:12',0,16,'黑龙江省哈尔滨市双城市',2,'双城市',',650,651,',651),(668,'2017-06-18 00:15:13','2017-06-18 00:15:13',0,17,'黑龙江省哈尔滨市尚志市',2,'尚志市',',650,651,',651),(669,'2017-06-18 00:15:14','2017-06-18 00:15:14',0,18,'黑龙江省哈尔滨市五常市',2,'五常市',',650,651,',651),(670,'2017-06-18 00:15:15','2017-06-18 00:15:15',0,2,'黑龙江省齐齐哈尔市',1,'齐齐哈尔市',',650,',650),(671,'2017-06-18 00:15:16','2017-06-18 00:15:16',0,1,'黑龙江省齐齐哈尔市龙沙区',2,'龙沙区',',650,670,',670),(672,'2017-06-18 00:15:17','2017-06-18 00:15:17',0,2,'黑龙江省齐齐哈尔市建华区',2,'建华区',',650,670,',670),(673,'2017-06-18 00:15:18','2017-06-18 00:15:18',0,3,'黑龙江省齐齐哈尔市铁锋区',2,'铁锋区',',650,670,',670),(674,'2017-06-18 00:15:19','2017-06-18 00:15:19',0,4,'黑龙江省齐齐哈尔市昂昂溪区',2,'昂昂溪区',',650,670,',670),(675,'2017-06-18 00:15:20','2017-06-18 00:15:20',0,5,'黑龙江省齐齐哈尔市富拉尔基区',2,'富拉尔基区',',650,670,',670),(676,'2017-06-18 00:15:21','2017-06-18 00:15:21',0,6,'黑龙江省齐齐哈尔市碾子山区',2,'碾子山区',',650,670,',670),(677,'2017-06-18 00:15:22','2017-06-18 00:15:22',0,7,'黑龙江省齐齐哈尔市梅里斯达斡尔族区',2,'梅里斯达斡尔族区',',650,670,',670),(678,'2017-06-18 00:15:23','2017-06-18 00:15:23',0,8,'黑龙江省齐齐哈尔市龙江县',2,'龙江县',',650,670,',670),(679,'2017-06-18 00:15:24','2017-06-18 00:15:24',0,9,'黑龙江省齐齐哈尔市依安县',2,'依安县',',650,670,',670),(680,'2017-06-18 00:15:25','2017-06-18 00:15:25',0,10,'黑龙江省齐齐哈尔市泰来县',2,'泰来县',',650,670,',670),(681,'2017-06-18 00:15:26','2017-06-18 00:15:26',0,11,'黑龙江省齐齐哈尔市甘南县',2,'甘南县',',650,670,',670),(682,'2017-06-18 00:15:27','2017-06-18 00:15:27',0,12,'黑龙江省齐齐哈尔市富裕县',2,'富裕县',',650,670,',670),(683,'2017-06-18 00:15:28','2017-06-18 00:15:28',0,13,'黑龙江省齐齐哈尔市克山县',2,'克山县',',650,670,',670),(684,'2017-06-18 00:15:29','2017-06-18 00:15:29',0,14,'黑龙江省齐齐哈尔市克东县',2,'克东县',',650,670,',670),(685,'2017-06-18 00:15:30','2017-06-18 00:15:30',0,15,'黑龙江省齐齐哈尔市拜泉县',2,'拜泉县',',650,670,',670),(686,'2017-06-18 00:15:31','2017-06-18 00:15:31',0,16,'黑龙江省齐齐哈尔市讷河市',2,'讷河市',',650,670,',670),(687,'2017-06-18 00:15:32','2017-06-18 00:15:32',0,3,'黑龙江省鸡西市',1,'鸡西市',',650,',650),(688,'2017-06-18 00:15:33','2017-06-18 00:15:33',0,1,'黑龙江省鸡西市鸡冠区',2,'鸡冠区',',650,687,',687),(689,'2017-06-18 00:15:34','2017-06-18 00:15:34',0,2,'黑龙江省鸡西市恒山区',2,'恒山区',',650,687,',687),(690,'2017-06-18 00:15:35','2017-06-18 00:15:35',0,3,'黑龙江省鸡西市滴道区',2,'滴道区',',650,687,',687),(691,'2017-06-18 00:15:36','2017-06-18 00:15:36',0,4,'黑龙江省鸡西市梨树区',2,'梨树区',',650,687,',687),(692,'2017-06-18 00:15:37','2017-06-18 00:15:37',0,5,'黑龙江省鸡西市城子河区',2,'城子河区',',650,687,',687),(693,'2017-06-18 00:15:38','2017-06-18 00:15:38',0,6,'黑龙江省鸡西市麻山区',2,'麻山区',',650,687,',687),(694,'2017-06-18 00:15:39','2017-06-18 00:15:39',0,7,'黑龙江省鸡西市鸡东县',2,'鸡东县',',650,687,',687),(695,'2017-06-18 00:15:40','2017-06-18 00:15:40',0,8,'黑龙江省鸡西市虎林市',2,'虎林市',',650,687,',687),(696,'2017-06-18 00:15:41','2017-06-18 00:15:41',0,9,'黑龙江省鸡西市密山市',2,'密山市',',650,687,',687),(697,'2017-06-18 00:15:42','2017-06-18 00:15:42',0,4,'黑龙江省鹤岗市',1,'鹤岗市',',650,',650),(698,'2017-06-18 00:15:43','2017-06-18 00:15:43',0,1,'黑龙江省鹤岗市向阳区',2,'向阳区',',650,697,',697),(699,'2017-06-18 00:15:44','2017-06-18 00:15:44',0,2,'黑龙江省鹤岗市工农区',2,'工农区',',650,697,',697),(700,'2017-06-18 00:15:45','2017-06-18 00:15:45',0,3,'黑龙江省鹤岗市南山区',2,'南山区',',650,697,',697),(701,'2017-06-18 00:15:46','2017-06-18 00:15:46',0,4,'黑龙江省鹤岗市兴安区',2,'兴安区',',650,697,',697),(702,'2017-06-18 00:15:47','2017-06-18 00:15:47',0,5,'黑龙江省鹤岗市东山区',2,'东山区',',650,697,',697),(703,'2017-06-18 00:15:48','2017-06-18 00:15:48',0,6,'黑龙江省鹤岗市兴山区',2,'兴山区',',650,697,',697),(704,'2017-06-18 00:15:49','2017-06-18 00:15:49',0,7,'黑龙江省鹤岗市萝北县',2,'萝北县',',650,697,',697),(705,'2017-06-18 00:15:50','2017-06-18 00:15:50',0,8,'黑龙江省鹤岗市绥滨县',2,'绥滨县',',650,697,',697),(706,'2017-06-18 00:15:51','2017-06-18 00:15:51',0,5,'黑龙江省双鸭山市',1,'双鸭山市',',650,',650),(707,'2017-06-18 00:15:52','2017-06-18 00:15:52',0,1,'黑龙江省双鸭山市尖山区',2,'尖山区',',650,706,',706),(708,'2017-06-18 00:15:53','2017-06-18 00:15:53',0,2,'黑龙江省双鸭山市岭东区',2,'岭东区',',650,706,',706),(709,'2017-06-18 00:15:54','2017-06-18 00:15:54',0,3,'黑龙江省双鸭山市四方台区',2,'四方台区',',650,706,',706),(710,'2017-06-18 00:15:55','2017-06-18 00:15:55',0,4,'黑龙江省双鸭山市宝山区',2,'宝山区',',650,706,',706),(711,'2017-06-18 00:15:56','2017-06-18 00:15:56',0,5,'黑龙江省双鸭山市集贤县',2,'集贤县',',650,706,',706),(712,'2017-06-18 00:15:57','2017-06-18 00:15:57',0,6,'黑龙江省双鸭山市友谊县',2,'友谊县',',650,706,',706),(713,'2017-06-18 00:15:58','2017-06-18 00:15:58',0,7,'黑龙江省双鸭山市宝清县',2,'宝清县',',650,706,',706),(714,'2017-06-18 00:15:59','2017-06-18 00:15:59',0,8,'黑龙江省双鸭山市饶河县',2,'饶河县',',650,706,',706),(715,'2017-06-18 00:16:00','2017-06-18 00:16:00',0,6,'黑龙江省大庆市',1,'大庆市',',650,',650),(716,'2017-06-18 00:16:01','2017-06-18 00:16:01',0,1,'黑龙江省大庆市萨尔图区',2,'萨尔图区',',650,715,',715),(717,'2017-06-18 00:16:02','2017-06-18 00:16:02',0,2,'黑龙江省大庆市龙凤区',2,'龙凤区',',650,715,',715),(718,'2017-06-18 00:16:03','2017-06-18 00:16:03',0,3,'黑龙江省大庆市让胡路区',2,'让胡路区',',650,715,',715),(719,'2017-06-18 00:16:04','2017-06-18 00:16:04',0,4,'黑龙江省大庆市红岗区',2,'红岗区',',650,715,',715),(720,'2017-06-18 00:16:05','2017-06-18 00:16:05',0,5,'黑龙江省大庆市大同区',2,'大同区',',650,715,',715),(721,'2017-06-18 00:16:06','2017-06-18 00:16:06',0,6,'黑龙江省大庆市肇州县',2,'肇州县',',650,715,',715),(722,'2017-06-18 00:16:07','2017-06-18 00:16:07',0,7,'黑龙江省大庆市肇源县',2,'肇源县',',650,715,',715),(723,'2017-06-18 00:16:08','2017-06-18 00:16:08',0,8,'黑龙江省大庆市林甸县',2,'林甸县',',650,715,',715),(724,'2017-06-18 00:16:09','2017-06-18 00:16:09',0,9,'黑龙江省大庆市杜尔伯特蒙古族自治县',2,'杜尔伯特蒙古族自治县',',650,715,',715),(725,'2017-06-18 00:16:10','2017-06-18 00:16:10',0,7,'黑龙江省伊春市',1,'伊春市',',650,',650),(726,'2017-06-18 00:16:11','2017-06-18 00:16:11',0,1,'黑龙江省伊春市伊春区',2,'伊春区',',650,725,',725),(727,'2017-06-18 00:16:12','2017-06-18 00:16:12',0,2,'黑龙江省伊春市南岔区',2,'南岔区',',650,725,',725),(728,'2017-06-18 00:16:13','2017-06-18 00:16:13',0,3,'黑龙江省伊春市友好区',2,'友好区',',650,725,',725),(729,'2017-06-18 00:16:14','2017-06-18 00:16:14',0,4,'黑龙江省伊春市西林区',2,'西林区',',650,725,',725),(730,'2017-06-18 00:16:15','2017-06-18 00:16:15',0,5,'黑龙江省伊春市翠峦区',2,'翠峦区',',650,725,',725),(731,'2017-06-18 00:16:16','2017-06-18 00:16:16',0,6,'黑龙江省伊春市新青区',2,'新青区',',650,725,',725),(732,'2017-06-18 00:16:17','2017-06-18 00:16:17',0,7,'黑龙江省伊春市美溪区',2,'美溪区',',650,725,',725),(733,'2017-06-18 00:16:18','2017-06-18 00:16:18',0,8,'黑龙江省伊春市金山屯区',2,'金山屯区',',650,725,',725),(734,'2017-06-18 00:16:19','2017-06-18 00:16:19',0,9,'黑龙江省伊春市五营区',2,'五营区',',650,725,',725),(735,'2017-06-18 00:16:20','2017-06-18 00:16:20',0,10,'黑龙江省伊春市乌马河区',2,'乌马河区',',650,725,',725),(736,'2017-06-18 00:16:21','2017-06-18 00:16:21',0,11,'黑龙江省伊春市汤旺河区',2,'汤旺河区',',650,725,',725),(737,'2017-06-18 00:16:22','2017-06-18 00:16:22',0,12,'黑龙江省伊春市带岭区',2,'带岭区',',650,725,',725),(738,'2017-06-18 00:16:23','2017-06-18 00:16:23',0,13,'黑龙江省伊春市乌伊岭区',2,'乌伊岭区',',650,725,',725),(739,'2017-06-18 00:16:24','2017-06-18 00:16:24',0,14,'黑龙江省伊春市红星区',2,'红星区',',650,725,',725),(740,'2017-06-18 00:16:25','2017-06-18 00:16:25',0,15,'黑龙江省伊春市上甘岭区',2,'上甘岭区',',650,725,',725),(741,'2017-06-18 00:16:26','2017-06-18 00:16:26',0,16,'黑龙江省伊春市嘉荫县',2,'嘉荫县',',650,725,',725),(742,'2017-06-18 00:16:27','2017-06-18 00:16:27',0,17,'黑龙江省伊春市铁力市',2,'铁力市',',650,725,',725),(743,'2017-06-18 00:16:28','2017-06-18 00:16:28',0,8,'黑龙江省佳木斯市',1,'佳木斯市',',650,',650),(744,'2017-06-18 00:16:29','2017-06-18 00:16:29',0,1,'黑龙江省佳木斯市向阳区',2,'向阳区',',650,743,',743),(745,'2017-06-18 00:16:30','2017-06-18 00:16:30',0,2,'黑龙江省佳木斯市前进区',2,'前进区',',650,743,',743),(746,'2017-06-18 00:16:31','2017-06-18 00:16:31',0,3,'黑龙江省佳木斯市东风区',2,'东风区',',650,743,',743),(747,'2017-06-18 00:16:32','2017-06-18 00:16:32',0,4,'黑龙江省佳木斯市郊区',2,'郊区',',650,743,',743),(748,'2017-06-18 00:16:33','2017-06-18 00:16:33',0,5,'黑龙江省佳木斯市桦南县',2,'桦南县',',650,743,',743),(749,'2017-06-18 00:16:34','2017-06-18 00:16:34',0,6,'黑龙江省佳木斯市桦川县',2,'桦川县',',650,743,',743),(750,'2017-06-18 00:16:35','2017-06-18 00:16:35',0,7,'黑龙江省佳木斯市汤原县',2,'汤原县',',650,743,',743),(751,'2017-06-18 00:16:36','2017-06-18 00:16:36',0,8,'黑龙江省佳木斯市抚远县',2,'抚远县',',650,743,',743),(752,'2017-06-18 00:16:37','2017-06-18 00:16:37',0,9,'黑龙江省佳木斯市同江市',2,'同江市',',650,743,',743),(753,'2017-06-18 00:16:38','2017-06-18 00:16:38',0,10,'黑龙江省佳木斯市富锦市',2,'富锦市',',650,743,',743),(754,'2017-06-18 00:16:39','2017-06-18 00:16:39',0,9,'黑龙江省七台河市',1,'七台河市',',650,',650),(755,'2017-06-18 00:16:40','2017-06-18 00:16:40',0,1,'黑龙江省七台河市新兴区',2,'新兴区',',650,754,',754),(756,'2017-06-18 00:16:41','2017-06-18 00:16:41',0,2,'黑龙江省七台河市桃山区',2,'桃山区',',650,754,',754),(757,'2017-06-18 00:16:42','2017-06-18 00:16:42',0,3,'黑龙江省七台河市茄子河区',2,'茄子河区',',650,754,',754),(758,'2017-06-18 00:16:43','2017-06-18 00:16:43',0,4,'黑龙江省七台河市勃利县',2,'勃利县',',650,754,',754),(759,'2017-06-18 00:16:44','2017-06-18 00:16:44',0,10,'黑龙江省牡丹江市',1,'牡丹江市',',650,',650),(760,'2017-06-18 00:16:45','2017-06-18 00:16:45',0,1,'黑龙江省牡丹江市东安区',2,'东安区',',650,759,',759),(761,'2017-06-18 00:16:46','2017-06-18 00:16:46',0,2,'黑龙江省牡丹江市阳明区',2,'阳明区',',650,759,',759),(762,'2017-06-18 00:16:47','2017-06-18 00:16:47',0,3,'黑龙江省牡丹江市爱民区',2,'爱民区',',650,759,',759),(763,'2017-06-18 00:16:48','2017-06-18 00:16:48',0,4,'黑龙江省牡丹江市西安区',2,'西安区',',650,759,',759),(764,'2017-06-18 00:16:49','2017-06-18 00:16:49',0,5,'黑龙江省牡丹江市东宁县',2,'东宁县',',650,759,',759),(765,'2017-06-18 00:16:50','2017-06-18 00:16:50',0,6,'黑龙江省牡丹江市林口县',2,'林口县',',650,759,',759),(766,'2017-06-18 00:16:51','2017-06-18 00:16:51',0,7,'黑龙江省牡丹江市绥芬河市',2,'绥芬河市',',650,759,',759),(767,'2017-06-18 00:16:52','2017-06-18 00:16:52',0,8,'黑龙江省牡丹江市海林市',2,'海林市',',650,759,',759),(768,'2017-06-18 00:16:53','2017-06-18 00:16:53',0,9,'黑龙江省牡丹江市宁安市',2,'宁安市',',650,759,',759),(769,'2017-06-18 00:16:54','2017-06-18 00:16:54',0,10,'黑龙江省牡丹江市穆棱市',2,'穆棱市',',650,759,',759),(770,'2017-06-18 00:16:55','2017-06-18 00:16:55',0,11,'黑龙江省黑河市',1,'黑河市',',650,',650),(771,'2017-06-18 00:16:56','2017-06-18 00:16:56',0,1,'黑龙江省黑河市爱辉区',2,'爱辉区',',650,770,',770),(772,'2017-06-18 00:16:57','2017-06-18 00:16:57',0,2,'黑龙江省黑河市嫩江县',2,'嫩江县',',650,770,',770),(773,'2017-06-18 00:16:58','2017-06-18 00:16:58',0,3,'黑龙江省黑河市逊克县',2,'逊克县',',650,770,',770),(774,'2017-06-18 00:16:59','2017-06-18 00:16:59',0,4,'黑龙江省黑河市孙吴县',2,'孙吴县',',650,770,',770),(775,'2017-06-18 00:17:00','2017-06-18 00:17:00',0,5,'黑龙江省黑河市北安市',2,'北安市',',650,770,',770),(776,'2017-06-18 00:17:01','2017-06-18 00:17:01',0,6,'黑龙江省黑河市五大连池市',2,'五大连池市',',650,770,',770),(777,'2017-06-18 00:17:02','2017-06-18 00:17:02',0,12,'黑龙江省绥化市',1,'绥化市',',650,',650),(778,'2017-06-18 00:17:03','2017-06-18 00:17:03',0,1,'黑龙江省绥化市北林区',2,'北林区',',650,777,',777),(779,'2017-06-18 00:17:04','2017-06-18 00:17:04',0,2,'黑龙江省绥化市望奎县',2,'望奎县',',650,777,',777),(780,'2017-06-18 00:17:05','2017-06-18 00:17:05',0,3,'黑龙江省绥化市兰西县',2,'兰西县',',650,777,',777),(781,'2017-06-18 00:17:06','2017-06-18 00:17:06',0,4,'黑龙江省绥化市青冈县',2,'青冈县',',650,777,',777),(782,'2017-06-18 00:17:07','2017-06-18 00:17:07',0,5,'黑龙江省绥化市庆安县',2,'庆安县',',650,777,',777),(783,'2017-06-18 00:17:08','2017-06-18 00:17:08',0,6,'黑龙江省绥化市明水县',2,'明水县',',650,777,',777),(784,'2017-06-18 00:17:09','2017-06-18 00:17:09',0,7,'黑龙江省绥化市绥棱县',2,'绥棱县',',650,777,',777),(785,'2017-06-18 00:17:10','2017-06-18 00:17:10',0,8,'黑龙江省绥化市安达市',2,'安达市',',650,777,',777),(786,'2017-06-18 00:17:11','2017-06-18 00:17:11',0,9,'黑龙江省绥化市肇东市',2,'肇东市',',650,777,',777),(787,'2017-06-18 00:17:12','2017-06-18 00:17:12',0,10,'黑龙江省绥化市海伦市',2,'海伦市',',650,777,',777),(788,'2017-06-18 00:17:13','2017-06-18 00:17:13',0,13,'黑龙江省大兴安岭地区',1,'大兴安岭地区',',650,',650),(789,'2017-06-18 00:17:14','2017-06-18 00:17:14',0,1,'黑龙江省大兴安岭地区呼玛县',2,'呼玛县',',650,788,',788),(790,'2017-06-18 00:17:15','2017-06-18 00:17:15',0,2,'黑龙江省大兴安岭地区塔河县',2,'塔河县',',650,788,',788),(791,'2017-06-18 00:17:16','2017-06-18 00:17:16',0,3,'黑龙江省大兴安岭地区漠河县',2,'漠河县',',650,788,',788),(792,'2017-06-18 00:17:17','2017-06-18 00:17:17',0,9,'上海市',0,'上海市',',',NULL),(793,'2017-06-18 00:17:18','2017-06-18 00:17:18',0,1,'上海市黄浦区',1,'黄浦区',',792,',792),(794,'2017-06-18 00:17:19','2017-06-18 00:17:19',0,2,'上海市徐汇区',1,'徐汇区',',792,',792),(795,'2017-06-18 00:17:20','2017-06-18 00:17:20',0,3,'上海市长宁区',1,'长宁区',',792,',792),(796,'2017-06-18 00:17:21','2017-06-18 00:17:21',0,4,'上海市静安区',1,'静安区',',792,',792),(797,'2017-06-18 00:17:22','2017-06-18 00:17:22',0,5,'上海市普陀区',1,'普陀区',',792,',792),(798,'2017-06-18 00:17:23','2017-06-18 00:17:23',0,6,'上海市闸北区',1,'闸北区',',792,',792),(799,'2017-06-18 00:17:24','2017-06-18 00:17:24',0,7,'上海市虹口区',1,'虹口区',',792,',792),(800,'2017-06-18 00:17:25','2017-06-18 00:17:25',0,8,'上海市杨浦区',1,'杨浦区',',792,',792),(801,'2017-06-18 00:17:26','2017-06-18 00:17:26',0,9,'上海市闵行区',1,'闵行区',',792,',792),(802,'2017-06-18 00:17:27','2017-06-18 00:17:27',0,10,'上海市宝山区',1,'宝山区',',792,',792),(803,'2017-06-18 00:17:28','2017-06-18 00:17:28',0,11,'上海市嘉定区',1,'嘉定区',',792,',792),(804,'2017-06-18 00:17:29','2017-06-18 00:17:29',0,12,'上海市浦东新区',1,'浦东新区',',792,',792),(805,'2017-06-18 00:17:30','2017-06-18 00:17:30',0,13,'上海市金山区',1,'金山区',',792,',792),(806,'2017-06-18 00:17:31','2017-06-18 00:17:31',0,14,'上海市松江区',1,'松江区',',792,',792),(807,'2017-06-18 00:17:32','2017-06-18 00:17:32',0,15,'上海市青浦区',1,'青浦区',',792,',792),(808,'2017-06-18 00:17:33','2017-06-18 00:17:33',0,16,'上海市奉贤区',1,'奉贤区',',792,',792),(809,'2017-06-18 00:17:34','2017-06-18 00:17:34',0,17,'上海市崇明县',1,'崇明县',',792,',792),(810,'2017-06-18 00:17:35','2017-06-18 00:17:35',0,10,'江苏省',0,'江苏省',',',NULL),(811,'2017-06-18 00:17:36','2017-06-18 00:17:36',0,1,'江苏省南京市',1,'南京市',',810,',810),(812,'2017-06-18 00:17:37','2017-06-18 00:17:37',0,1,'江苏省南京市玄武区',2,'玄武区',',810,811,',811),(813,'2017-06-18 00:17:38','2017-06-18 00:17:38',0,2,'江苏省南京市秦淮区',2,'秦淮区',',810,811,',811),(814,'2017-06-18 00:17:39','2017-06-18 00:17:39',0,3,'江苏省南京市建邺区',2,'建邺区',',810,811,',811),(815,'2017-06-18 00:17:40','2017-06-18 00:17:40',0,4,'江苏省南京市鼓楼区',2,'鼓楼区',',810,811,',811),(816,'2017-06-18 00:17:41','2017-06-18 00:17:41',0,5,'江苏省南京市浦口区',2,'浦口区',',810,811,',811),(817,'2017-06-18 00:17:42','2017-06-18 00:17:42',0,6,'江苏省南京市栖霞区',2,'栖霞区',',810,811,',811),(818,'2017-06-18 00:17:43','2017-06-18 00:17:43',0,7,'江苏省南京市雨花台区',2,'雨花台区',',810,811,',811),(819,'2017-06-18 00:17:44','2017-06-18 00:17:44',0,8,'江苏省南京市江宁区',2,'江宁区',',810,811,',811),(820,'2017-06-18 00:17:45','2017-06-18 00:17:45',0,9,'江苏省南京市六合区',2,'六合区',',810,811,',811),(821,'2017-06-18 00:17:46','2017-06-18 00:17:46',0,10,'江苏省南京市溧水区',2,'溧水区',',810,811,',811),(822,'2017-06-18 00:17:47','2017-06-18 00:17:47',0,11,'江苏省南京市高淳区',2,'高淳区',',810,811,',811),(823,'2017-06-18 00:17:48','2017-06-18 00:17:48',0,2,'江苏省无锡市',1,'无锡市',',810,',810),(824,'2017-06-18 00:17:49','2017-06-18 00:17:49',0,1,'江苏省无锡市崇安区',2,'崇安区',',810,823,',823),(825,'2017-06-18 00:17:50','2017-06-18 00:17:50',0,2,'江苏省无锡市南长区',2,'南长区',',810,823,',823),(826,'2017-06-18 00:17:51','2017-06-18 00:17:51',0,3,'江苏省无锡市北塘区',2,'北塘区',',810,823,',823),(827,'2017-06-18 00:17:52','2017-06-18 00:17:52',0,4,'江苏省无锡市锡山区',2,'锡山区',',810,823,',823),(828,'2017-06-18 00:17:53','2017-06-18 00:17:53',0,5,'江苏省无锡市惠山区',2,'惠山区',',810,823,',823),(829,'2017-06-18 00:17:54','2017-06-18 00:17:54',0,6,'江苏省无锡市滨湖区',2,'滨湖区',',810,823,',823),(830,'2017-06-18 00:17:55','2017-06-18 00:17:55',0,7,'江苏省无锡市江阴市',2,'江阴市',',810,823,',823),(831,'2017-06-18 00:17:56','2017-06-18 00:17:56',0,8,'江苏省无锡市宜兴市',2,'宜兴市',',810,823,',823),(832,'2017-06-18 00:17:57','2017-06-18 00:17:57',0,3,'江苏省徐州市',1,'徐州市',',810,',810),(833,'2017-06-18 00:17:58','2017-06-18 00:17:58',0,1,'江苏省徐州市鼓楼区',2,'鼓楼区',',810,832,',832),(834,'2017-06-18 00:17:59','2017-06-18 00:17:59',0,2,'江苏省徐州市云龙区',2,'云龙区',',810,832,',832),(835,'2017-06-18 00:18:00','2017-06-18 00:18:00',0,3,'江苏省徐州市贾汪区',2,'贾汪区',',810,832,',832),(836,'2017-06-18 00:18:01','2017-06-18 00:18:01',0,4,'江苏省徐州市泉山区',2,'泉山区',',810,832,',832),(837,'2017-06-18 00:18:02','2017-06-18 00:18:02',0,5,'江苏省徐州市铜山区',2,'铜山区',',810,832,',832),(838,'2017-06-18 00:18:03','2017-06-18 00:18:03',0,6,'江苏省徐州市丰县',2,'丰县',',810,832,',832),(839,'2017-06-18 00:18:04','2017-06-18 00:18:04',0,7,'江苏省徐州市沛县',2,'沛县',',810,832,',832),(840,'2017-06-18 00:18:05','2017-06-18 00:18:05',0,8,'江苏省徐州市睢宁县',2,'睢宁县',',810,832,',832),(841,'2017-06-18 00:18:06','2017-06-18 00:18:06',0,9,'江苏省徐州市新沂市',2,'新沂市',',810,832,',832),(842,'2017-06-18 00:18:07','2017-06-18 00:18:07',0,10,'江苏省徐州市邳州市',2,'邳州市',',810,832,',832),(843,'2017-06-18 00:18:08','2017-06-18 00:18:08',0,4,'江苏省常州市',1,'常州市',',810,',810),(844,'2017-06-18 00:18:09','2017-06-18 00:18:09',0,1,'江苏省常州市天宁区',2,'天宁区',',810,843,',843),(845,'2017-06-18 00:18:10','2017-06-18 00:18:10',0,2,'江苏省常州市钟楼区',2,'钟楼区',',810,843,',843),(846,'2017-06-18 00:18:11','2017-06-18 00:18:11',0,3,'江苏省常州市戚墅堰区',2,'戚墅堰区',',810,843,',843),(847,'2017-06-18 00:18:12','2017-06-18 00:18:12',0,4,'江苏省常州市新北区',2,'新北区',',810,843,',843),(848,'2017-06-18 00:18:13','2017-06-18 00:18:13',0,5,'江苏省常州市武进区',2,'武进区',',810,843,',843),(849,'2017-06-18 00:18:14','2017-06-18 00:18:14',0,6,'江苏省常州市溧阳市',2,'溧阳市',',810,843,',843),(850,'2017-06-18 00:18:15','2017-06-18 00:18:15',0,7,'江苏省常州市金坛市',2,'金坛市',',810,843,',843),(851,'2017-06-18 00:18:16','2017-06-18 00:18:16',0,5,'江苏省苏州市',1,'苏州市',',810,',810),(852,'2017-06-18 00:18:17','2017-06-18 00:18:17',0,1,'江苏省苏州市虎丘区',2,'虎丘区',',810,851,',851),(853,'2017-06-18 00:18:18','2017-06-18 00:18:18',0,2,'江苏省苏州市吴中区',2,'吴中区',',810,851,',851),(854,'2017-06-18 00:18:19','2017-06-18 00:18:19',0,3,'江苏省苏州市相城区',2,'相城区',',810,851,',851),(855,'2017-06-18 00:18:20','2017-06-18 00:18:20',0,4,'江苏省苏州市姑苏区',2,'姑苏区',',810,851,',851),(856,'2017-06-18 00:18:21','2017-06-18 00:18:21',0,5,'江苏省苏州市吴江区',2,'吴江区',',810,851,',851),(857,'2017-06-18 00:18:22','2017-06-18 00:18:22',0,6,'江苏省苏州市常熟市',2,'常熟市',',810,851,',851),(858,'2017-06-18 00:18:23','2017-06-18 00:18:23',0,7,'江苏省苏州市张家港市',2,'张家港市',',810,851,',851),(859,'2017-06-18 00:18:24','2017-06-18 00:18:24',0,8,'江苏省苏州市昆山市',2,'昆山市',',810,851,',851),(860,'2017-06-18 00:18:25','2017-06-18 00:18:25',0,9,'江苏省苏州市太仓市',2,'太仓市',',810,851,',851),(861,'2017-06-18 00:18:26','2017-06-18 00:18:26',0,6,'江苏省南通市',1,'南通市',',810,',810),(862,'2017-06-18 00:18:27','2017-06-18 00:18:27',0,1,'江苏省南通市崇川区',2,'崇川区',',810,861,',861),(863,'2017-06-18 00:18:28','2017-06-18 00:18:28',0,2,'江苏省南通市港闸区',2,'港闸区',',810,861,',861),(864,'2017-06-18 00:18:29','2017-06-18 00:18:29',0,3,'江苏省南通市通州区',2,'通州区',',810,861,',861),(865,'2017-06-18 00:18:30','2017-06-18 00:18:30',0,4,'江苏省南通市海安县',2,'海安县',',810,861,',861),(866,'2017-06-18 00:18:31','2017-06-18 00:18:31',0,5,'江苏省南通市如东县',2,'如东县',',810,861,',861),(867,'2017-06-18 00:18:32','2017-06-18 00:18:32',0,6,'江苏省南通市启东市',2,'启东市',',810,861,',861),(868,'2017-06-18 00:18:33','2017-06-18 00:18:33',0,7,'江苏省南通市如皋市',2,'如皋市',',810,861,',861),(869,'2017-06-18 00:18:34','2017-06-18 00:18:34',0,8,'江苏省南通市海门市',2,'海门市',',810,861,',861),(870,'2017-06-18 00:18:35','2017-06-18 00:18:35',0,7,'江苏省连云港市',1,'连云港市',',810,',810),(871,'2017-06-18 00:18:36','2017-06-18 00:18:36',0,1,'江苏省连云港市连云区',2,'连云区',',810,870,',870),(872,'2017-06-18 00:18:37','2017-06-18 00:18:37',0,2,'江苏省连云港市新浦区',2,'新浦区',',810,870,',870),(873,'2017-06-18 00:18:38','2017-06-18 00:18:38',0,3,'江苏省连云港市海州区',2,'海州区',',810,870,',870),(874,'2017-06-18 00:18:39','2017-06-18 00:18:39',0,4,'江苏省连云港市赣榆县',2,'赣榆县',',810,870,',870),(875,'2017-06-18 00:18:40','2017-06-18 00:18:40',0,5,'江苏省连云港市东海县',2,'东海县',',810,870,',870),(876,'2017-06-18 00:18:41','2017-06-18 00:18:41',0,6,'江苏省连云港市灌云县',2,'灌云县',',810,870,',870),(877,'2017-06-18 00:18:42','2017-06-18 00:18:42',0,7,'江苏省连云港市灌南县',2,'灌南县',',810,870,',870),(878,'2017-06-18 00:18:43','2017-06-18 00:18:43',0,8,'江苏省淮安市',1,'淮安市',',810,',810),(879,'2017-06-18 00:18:44','2017-06-18 00:18:44',0,1,'江苏省淮安市清河区',2,'清河区',',810,878,',878),(880,'2017-06-18 00:18:45','2017-06-18 00:18:45',0,2,'江苏省淮安市淮安区',2,'淮安区',',810,878,',878),(881,'2017-06-18 00:18:46','2017-06-18 00:18:46',0,3,'江苏省淮安市淮阴区',2,'淮阴区',',810,878,',878),(882,'2017-06-18 00:18:47','2017-06-18 00:18:47',0,4,'江苏省淮安市清浦区',2,'清浦区',',810,878,',878),(883,'2017-06-18 00:18:48','2017-06-18 00:18:48',0,5,'江苏省淮安市涟水县',2,'涟水县',',810,878,',878),(884,'2017-06-18 00:18:49','2017-06-18 00:18:49',0,6,'江苏省淮安市洪泽县',2,'洪泽县',',810,878,',878),(885,'2017-06-18 00:18:50','2017-06-18 00:18:50',0,7,'江苏省淮安市盱眙县',2,'盱眙县',',810,878,',878),(886,'2017-06-18 00:18:51','2017-06-18 00:18:51',0,8,'江苏省淮安市金湖县',2,'金湖县',',810,878,',878),(887,'2017-06-18 00:18:52','2017-06-18 00:18:52',0,9,'江苏省盐城市',1,'盐城市',',810,',810),(888,'2017-06-18 00:18:53','2017-06-18 00:18:53',0,1,'江苏省盐城市亭湖区',2,'亭湖区',',810,887,',887),(889,'2017-06-18 00:18:54','2017-06-18 00:18:54',0,2,'江苏省盐城市盐都区',2,'盐都区',',810,887,',887),(890,'2017-06-18 00:18:55','2017-06-18 00:18:55',0,3,'江苏省盐城市响水县',2,'响水县',',810,887,',887),(891,'2017-06-18 00:18:56','2017-06-18 00:18:56',0,4,'江苏省盐城市滨海县',2,'滨海县',',810,887,',887),(892,'2017-06-18 00:18:57','2017-06-18 00:18:57',0,5,'江苏省盐城市阜宁县',2,'阜宁县',',810,887,',887),(893,'2017-06-18 00:18:58','2017-06-18 00:18:58',0,6,'江苏省盐城市射阳县',2,'射阳县',',810,887,',887),(894,'2017-06-18 00:18:59','2017-06-18 00:18:59',0,7,'江苏省盐城市建湖县',2,'建湖县',',810,887,',887),(895,'2017-06-18 00:19:00','2017-06-18 00:19:00',0,8,'江苏省盐城市东台市',2,'东台市',',810,887,',887),(896,'2017-06-18 00:19:01','2017-06-18 00:19:01',0,9,'江苏省盐城市大丰市',2,'大丰市',',810,887,',887),(897,'2017-06-18 00:19:02','2017-06-18 00:19:02',0,10,'江苏省扬州市',1,'扬州市',',810,',810),(898,'2017-06-18 00:19:03','2017-06-18 00:19:03',0,1,'江苏省扬州市广陵区',2,'广陵区',',810,897,',897),(899,'2017-06-18 00:19:04','2017-06-18 00:19:04',0,2,'江苏省扬州市邗江区',2,'邗江区',',810,897,',897),(900,'2017-06-18 00:19:05','2017-06-18 00:19:05',0,3,'江苏省扬州市江都区',2,'江都区',',810,897,',897),(901,'2017-06-18 00:19:06','2017-06-18 00:19:06',0,4,'江苏省扬州市宝应县',2,'宝应县',',810,897,',897),(902,'2017-06-18 00:19:07','2017-06-18 00:19:07',0,5,'江苏省扬州市仪征市',2,'仪征市',',810,897,',897),(903,'2017-06-18 00:19:08','2017-06-18 00:19:08',0,6,'江苏省扬州市高邮市',2,'高邮市',',810,897,',897),(904,'2017-06-18 00:19:09','2017-06-18 00:19:09',0,11,'江苏省镇江市',1,'镇江市',',810,',810),(905,'2017-06-18 00:19:10','2017-06-18 00:19:10',0,1,'江苏省镇江市京口区',2,'京口区',',810,904,',904),(906,'2017-06-18 00:19:11','2017-06-18 00:19:11',0,2,'江苏省镇江市润州区',2,'润州区',',810,904,',904),(907,'2017-06-18 00:19:12','2017-06-18 00:19:12',0,3,'江苏省镇江市丹徒区',2,'丹徒区',',810,904,',904),(908,'2017-06-18 00:19:13','2017-06-18 00:19:13',0,4,'江苏省镇江市丹阳市',2,'丹阳市',',810,904,',904),(909,'2017-06-18 00:19:14','2017-06-18 00:19:14',0,5,'江苏省镇江市扬中市',2,'扬中市',',810,904,',904),(910,'2017-06-18 00:19:15','2017-06-18 00:19:15',0,6,'江苏省镇江市句容市',2,'句容市',',810,904,',904),(911,'2017-06-18 00:19:16','2017-06-18 00:19:16',0,12,'江苏省泰州市',1,'泰州市',',810,',810),(912,'2017-06-18 00:19:17','2017-06-18 00:19:17',0,1,'江苏省泰州市海陵区',2,'海陵区',',810,911,',911),(913,'2017-06-18 00:19:18','2017-06-18 00:19:18',0,2,'江苏省泰州市高港区',2,'高港区',',810,911,',911),(914,'2017-06-18 00:19:19','2017-06-18 00:19:19',0,3,'江苏省泰州市姜堰区',2,'姜堰区',',810,911,',911),(915,'2017-06-18 00:19:20','2017-06-18 00:19:20',0,4,'江苏省泰州市兴化市',2,'兴化市',',810,911,',911),(916,'2017-06-18 00:19:21','2017-06-18 00:19:21',0,5,'江苏省泰州市靖江市',2,'靖江市',',810,911,',911),(917,'2017-06-18 00:19:22','2017-06-18 00:19:22',0,6,'江苏省泰州市泰兴市',2,'泰兴市',',810,911,',911),(918,'2017-06-18 00:19:23','2017-06-18 00:19:23',0,13,'江苏省宿迁市',1,'宿迁市',',810,',810),(919,'2017-06-18 00:19:24','2017-06-18 00:19:24',0,1,'江苏省宿迁市宿城区',2,'宿城区',',810,918,',918),(920,'2017-06-18 00:19:25','2017-06-18 00:19:25',0,2,'江苏省宿迁市宿豫区',2,'宿豫区',',810,918,',918),(921,'2017-06-18 00:19:26','2017-06-18 00:19:26',0,3,'江苏省宿迁市沭阳县',2,'沭阳县',',810,918,',918),(922,'2017-06-18 00:19:27','2017-06-18 00:19:27',0,4,'江苏省宿迁市泗阳县',2,'泗阳县',',810,918,',918),(923,'2017-06-18 00:19:28','2017-06-18 00:19:28',0,5,'江苏省宿迁市泗洪县',2,'泗洪县',',810,918,',918),(924,'2017-06-18 00:19:29','2017-06-18 00:19:29',0,11,'浙江省',0,'浙江省',',',NULL),(925,'2017-06-18 00:19:30','2017-06-18 00:19:30',0,1,'浙江省杭州市',1,'杭州市',',924,',924),(926,'2017-06-18 00:19:31','2017-06-18 00:19:31',0,1,'浙江省杭州市上城区',2,'上城区',',924,925,',925),(927,'2017-06-18 00:19:32','2017-06-18 00:19:32',0,2,'浙江省杭州市下城区',2,'下城区',',924,925,',925),(928,'2017-06-18 00:19:33','2017-06-18 00:19:33',0,3,'浙江省杭州市江干区',2,'江干区',',924,925,',925),(929,'2017-06-18 00:19:34','2017-06-18 00:19:34',0,4,'浙江省杭州市拱墅区',2,'拱墅区',',924,925,',925),(930,'2017-06-18 00:19:35','2017-06-18 00:19:35',0,5,'浙江省杭州市西湖区',2,'西湖区',',924,925,',925),(931,'2017-06-18 00:19:36','2017-06-18 00:19:36',0,6,'浙江省杭州市滨江区',2,'滨江区',',924,925,',925),(932,'2017-06-18 00:19:37','2017-06-18 00:19:37',0,7,'浙江省杭州市萧山区',2,'萧山区',',924,925,',925),(933,'2017-06-18 00:19:38','2017-06-18 00:19:38',0,8,'浙江省杭州市余杭区',2,'余杭区',',924,925,',925),(934,'2017-06-18 00:19:39','2017-06-18 00:19:39',0,9,'浙江省杭州市桐庐县',2,'桐庐县',',924,925,',925),(935,'2017-06-18 00:19:40','2017-06-18 00:19:40',0,10,'浙江省杭州市淳安县',2,'淳安县',',924,925,',925),(936,'2017-06-18 00:19:41','2017-06-18 00:19:41',0,11,'浙江省杭州市建德市',2,'建德市',',924,925,',925),(937,'2017-06-18 00:19:42','2017-06-18 00:19:42',0,12,'浙江省杭州市富阳市',2,'富阳市',',924,925,',925),(938,'2017-06-18 00:19:43','2017-06-18 00:19:43',0,13,'浙江省杭州市临安市',2,'临安市',',924,925,',925),(939,'2017-06-18 00:19:44','2017-06-18 00:19:44',0,2,'浙江省宁波市',1,'宁波市',',924,',924),(940,'2017-06-18 00:19:45','2017-06-18 00:19:45',0,1,'浙江省宁波市海曙区',2,'海曙区',',924,939,',939),(941,'2017-06-18 00:19:46','2017-06-18 00:19:46',0,2,'浙江省宁波市江东区',2,'江东区',',924,939,',939),(942,'2017-06-18 00:19:47','2017-06-18 00:19:47',0,3,'浙江省宁波市江北区',2,'江北区',',924,939,',939),(943,'2017-06-18 00:19:48','2017-06-18 00:19:48',0,4,'浙江省宁波市北仑区',2,'北仑区',',924,939,',939),(944,'2017-06-18 00:19:49','2017-06-18 00:19:49',0,5,'浙江省宁波市镇海区',2,'镇海区',',924,939,',939),(945,'2017-06-18 00:19:50','2017-06-18 00:19:50',0,6,'浙江省宁波市鄞州区',2,'鄞州区',',924,939,',939),(946,'2017-06-18 00:19:51','2017-06-18 00:19:51',0,7,'浙江省宁波市象山县',2,'象山县',',924,939,',939),(947,'2017-06-18 00:19:52','2017-06-18 00:19:52',0,8,'浙江省宁波市宁海县',2,'宁海县',',924,939,',939),(948,'2017-06-18 00:19:53','2017-06-18 00:19:53',0,9,'浙江省宁波市余姚市',2,'余姚市',',924,939,',939),(949,'2017-06-18 00:19:54','2017-06-18 00:19:54',0,10,'浙江省宁波市慈溪市',2,'慈溪市',',924,939,',939),(950,'2017-06-18 00:19:55','2017-06-18 00:19:55',0,11,'浙江省宁波市奉化市',2,'奉化市',',924,939,',939),(951,'2017-06-18 00:19:56','2017-06-18 00:19:56',0,3,'浙江省温州市',1,'温州市',',924,',924),(952,'2017-06-18 00:19:57','2017-06-18 00:19:57',0,1,'浙江省温州市鹿城区',2,'鹿城区',',924,951,',951),(953,'2017-06-18 00:19:58','2017-06-18 00:19:58',0,2,'浙江省温州市龙湾区',2,'龙湾区',',924,951,',951),(954,'2017-06-18 00:19:59','2017-06-18 00:19:59',0,3,'浙江省温州市瓯海区',2,'瓯海区',',924,951,',951),(955,'2017-06-18 00:20:00','2017-06-18 00:20:00',0,4,'浙江省温州市洞头县',2,'洞头县',',924,951,',951),(956,'2017-06-18 00:20:01','2017-06-18 00:20:01',0,5,'浙江省温州市永嘉县',2,'永嘉县',',924,951,',951),(957,'2017-06-18 00:20:02','2017-06-18 00:20:02',0,6,'浙江省温州市平阳县',2,'平阳县',',924,951,',951),(958,'2017-06-18 00:20:03','2017-06-18 00:20:03',0,7,'浙江省温州市苍南县',2,'苍南县',',924,951,',951),(959,'2017-06-18 00:20:04','2017-06-18 00:20:04',0,8,'浙江省温州市文成县',2,'文成县',',924,951,',951),(960,'2017-06-18 00:20:05','2017-06-18 00:20:05',0,9,'浙江省温州市泰顺县',2,'泰顺县',',924,951,',951),(961,'2017-06-18 00:20:06','2017-06-18 00:20:06',0,10,'浙江省温州市瑞安市',2,'瑞安市',',924,951,',951),(962,'2017-06-18 00:20:07','2017-06-18 00:20:07',0,11,'浙江省温州市乐清市',2,'乐清市',',924,951,',951),(963,'2017-06-18 00:20:08','2017-06-18 00:20:08',0,4,'浙江省嘉兴市',1,'嘉兴市',',924,',924),(964,'2017-06-18 00:20:09','2017-06-18 00:20:09',0,1,'浙江省嘉兴市南湖区',2,'南湖区',',924,963,',963),(965,'2017-06-18 00:20:10','2017-06-18 00:20:10',0,2,'浙江省嘉兴市秀洲区',2,'秀洲区',',924,963,',963),(966,'2017-06-18 00:20:11','2017-06-18 00:20:11',0,3,'浙江省嘉兴市嘉善县',2,'嘉善县',',924,963,',963),(967,'2017-06-18 00:20:12','2017-06-18 00:20:12',0,4,'浙江省嘉兴市海盐县',2,'海盐县',',924,963,',963),(968,'2017-06-18 00:20:13','2017-06-18 00:20:13',0,5,'浙江省嘉兴市海宁市',2,'海宁市',',924,963,',963),(969,'2017-06-18 00:20:14','2017-06-18 00:20:14',0,6,'浙江省嘉兴市平湖市',2,'平湖市',',924,963,',963),(970,'2017-06-18 00:20:15','2017-06-18 00:20:15',0,7,'浙江省嘉兴市桐乡市',2,'桐乡市',',924,963,',963),(971,'2017-06-18 00:20:16','2017-06-18 00:20:16',0,5,'浙江省湖州市',1,'湖州市',',924,',924),(972,'2017-06-18 00:20:17','2017-06-18 00:20:17',0,1,'浙江省湖州市吴兴区',2,'吴兴区',',924,971,',971),(973,'2017-06-18 00:20:18','2017-06-18 00:20:18',0,2,'浙江省湖州市南浔区',2,'南浔区',',924,971,',971),(974,'2017-06-18 00:20:19','2017-06-18 00:20:19',0,3,'浙江省湖州市德清县',2,'德清县',',924,971,',971),(975,'2017-06-18 00:20:20','2017-06-18 00:20:20',0,4,'浙江省湖州市长兴县',2,'长兴县',',924,971,',971),(976,'2017-06-18 00:20:21','2017-06-18 00:20:21',0,5,'浙江省湖州市安吉县',2,'安吉县',',924,971,',971),(977,'2017-06-18 00:20:22','2017-06-18 00:20:22',0,6,'浙江省绍兴市',1,'绍兴市',',924,',924),(978,'2017-06-18 00:20:23','2017-06-18 00:20:23',0,1,'浙江省绍兴市越城区',2,'越城区',',924,977,',977),(979,'2017-06-18 00:20:24','2017-06-18 00:20:24',0,2,'浙江省绍兴市绍兴县',2,'绍兴县',',924,977,',977),(980,'2017-06-18 00:20:25','2017-06-18 00:20:25',0,3,'浙江省绍兴市新昌县',2,'新昌县',',924,977,',977),(981,'2017-06-18 00:20:26','2017-06-18 00:20:26',0,4,'浙江省绍兴市诸暨市',2,'诸暨市',',924,977,',977),(982,'2017-06-18 00:20:27','2017-06-18 00:20:27',0,5,'浙江省绍兴市上虞市',2,'上虞市',',924,977,',977),(983,'2017-06-18 00:20:28','2017-06-18 00:20:28',0,6,'浙江省绍兴市嵊州市',2,'嵊州市',',924,977,',977),(984,'2017-06-18 00:20:29','2017-06-18 00:20:29',0,7,'浙江省金华市',1,'金华市',',924,',924),(985,'2017-06-18 00:20:30','2017-06-18 00:20:30',0,1,'浙江省金华市婺城区',2,'婺城区',',924,984,',984),(986,'2017-06-18 00:20:31','2017-06-18 00:20:31',0,2,'浙江省金华市金东区',2,'金东区',',924,984,',984),(987,'2017-06-18 00:20:32','2017-06-18 00:20:32',0,3,'浙江省金华市武义县',2,'武义县',',924,984,',984),(988,'2017-06-18 00:20:33','2017-06-18 00:20:33',0,4,'浙江省金华市浦江县',2,'浦江县',',924,984,',984),(989,'2017-06-18 00:20:34','2017-06-18 00:20:34',0,5,'浙江省金华市磐安县',2,'磐安县',',924,984,',984),(990,'2017-06-18 00:20:35','2017-06-18 00:20:35',0,6,'浙江省金华市兰溪市',2,'兰溪市',',924,984,',984),(991,'2017-06-18 00:20:36','2017-06-18 00:20:36',0,7,'浙江省金华市义乌市',2,'义乌市',',924,984,',984),(992,'2017-06-18 00:20:37','2017-06-18 00:20:37',0,8,'浙江省金华市东阳市',2,'东阳市',',924,984,',984),(993,'2017-06-18 00:20:38','2017-06-18 00:20:38',0,9,'浙江省金华市永康市',2,'永康市',',924,984,',984),(994,'2017-06-18 00:20:39','2017-06-18 00:20:39',0,8,'浙江省衢州市',1,'衢州市',',924,',924),(995,'2017-06-18 00:20:40','2017-06-18 00:20:40',0,1,'浙江省衢州市柯城区',2,'柯城区',',924,994,',994),(996,'2017-06-18 00:20:41','2017-06-18 00:20:41',0,2,'浙江省衢州市衢江区',2,'衢江区',',924,994,',994),(997,'2017-06-18 00:20:42','2017-06-18 00:20:42',0,3,'浙江省衢州市常山县',2,'常山县',',924,994,',994),(998,'2017-06-18 00:20:43','2017-06-18 00:20:43',0,4,'浙江省衢州市开化县',2,'开化县',',924,994,',994),(999,'2017-06-18 00:20:44','2017-06-18 00:20:44',0,5,'浙江省衢州市龙游县',2,'龙游县',',924,994,',994),(1000,'2017-06-18 00:20:45','2017-06-18 00:20:45',0,6,'浙江省衢州市江山市',2,'江山市',',924,994,',994),(1001,'2017-06-18 00:20:46','2017-06-18 00:20:46',0,9,'浙江省舟山市',1,'舟山市',',924,',924),(1002,'2017-06-18 00:20:47','2017-06-18 00:20:47',0,1,'浙江省舟山市定海区',2,'定海区',',924,1001,',1001),(1003,'2017-06-18 00:20:48','2017-06-18 00:20:48',0,2,'浙江省舟山市普陀区',2,'普陀区',',924,1001,',1001),(1004,'2017-06-18 00:20:49','2017-06-18 00:20:49',0,3,'浙江省舟山市岱山县',2,'岱山县',',924,1001,',1001),(1005,'2017-06-18 00:20:50','2017-06-18 00:20:50',0,4,'浙江省舟山市嵊泗县',2,'嵊泗县',',924,1001,',1001),(1006,'2017-06-18 00:20:51','2017-06-18 00:20:51',0,10,'浙江省台州市',1,'台州市',',924,',924),(1007,'2017-06-18 00:20:52','2017-06-18 00:20:52',0,1,'浙江省台州市椒江区',2,'椒江区',',924,1006,',1006),(1008,'2017-06-18 00:20:53','2017-06-18 00:20:53',0,2,'浙江省台州市黄岩区',2,'黄岩区',',924,1006,',1006),(1009,'2017-06-18 00:20:54','2017-06-18 00:20:54',0,3,'浙江省台州市路桥区',2,'路桥区',',924,1006,',1006),(1010,'2017-06-18 00:20:55','2017-06-18 00:20:55',0,4,'浙江省台州市玉环县',2,'玉环县',',924,1006,',1006),(1011,'2017-06-18 00:20:56','2017-06-18 00:20:56',0,5,'浙江省台州市三门县',2,'三门县',',924,1006,',1006),(1012,'2017-06-18 00:20:57','2017-06-18 00:20:57',0,6,'浙江省台州市天台县',2,'天台县',',924,1006,',1006),(1013,'2017-06-18 00:20:58','2017-06-18 00:20:58',0,7,'浙江省台州市仙居县',2,'仙居县',',924,1006,',1006),(1014,'2017-06-18 00:20:59','2017-06-18 00:20:59',0,8,'浙江省台州市温岭市',2,'温岭市',',924,1006,',1006),(1015,'2017-06-18 00:21:00','2017-06-18 00:21:00',0,9,'浙江省台州市临海市',2,'临海市',',924,1006,',1006),(1016,'2017-06-18 00:21:01','2017-06-18 00:21:01',0,11,'浙江省丽水市',1,'丽水市',',924,',924),(1017,'2017-06-18 00:21:02','2017-06-18 00:21:02',0,1,'浙江省丽水市莲都区',2,'莲都区',',924,1016,',1016),(1018,'2017-06-18 00:21:03','2017-06-18 00:21:03',0,2,'浙江省丽水市青田县',2,'青田县',',924,1016,',1016),(1019,'2017-06-18 00:21:04','2017-06-18 00:21:04',0,3,'浙江省丽水市缙云县',2,'缙云县',',924,1016,',1016),(1020,'2017-06-18 00:21:05','2017-06-18 00:21:05',0,4,'浙江省丽水市遂昌县',2,'遂昌县',',924,1016,',1016),(1021,'2017-06-18 00:21:06','2017-06-18 00:21:06',0,5,'浙江省丽水市松阳县',2,'松阳县',',924,1016,',1016),(1022,'2017-06-18 00:21:07','2017-06-18 00:21:07',0,6,'浙江省丽水市云和县',2,'云和县',',924,1016,',1016),(1023,'2017-06-18 00:21:08','2017-06-18 00:21:08',0,7,'浙江省丽水市庆元县',2,'庆元县',',924,1016,',1016),(1024,'2017-06-18 00:21:09','2017-06-18 00:21:09',0,8,'浙江省丽水市景宁畲族自治县',2,'景宁畲族自治县',',924,1016,',1016),(1025,'2017-06-18 00:21:10','2017-06-18 00:21:10',0,9,'浙江省丽水市龙泉市',2,'龙泉市',',924,1016,',1016),(1026,'2017-06-18 00:21:11','2017-06-18 00:21:11',0,12,'安徽省',0,'安徽省',',',NULL),(1027,'2017-06-18 00:21:12','2017-06-18 00:21:12',0,1,'安徽省合肥市',1,'合肥市',',1026,',1026),(1028,'2017-06-18 00:21:13','2017-06-18 00:21:13',0,1,'安徽省合肥市瑶海区',2,'瑶海区',',1026,1027,',1027),(1029,'2017-06-18 00:21:14','2017-06-18 00:21:14',0,2,'安徽省合肥市庐阳区',2,'庐阳区',',1026,1027,',1027),(1030,'2017-06-18 00:21:15','2017-06-18 00:21:15',0,3,'安徽省合肥市蜀山区',2,'蜀山区',',1026,1027,',1027),(1031,'2017-06-18 00:21:16','2017-06-18 00:21:16',0,4,'安徽省合肥市包河区',2,'包河区',',1026,1027,',1027),(1032,'2017-06-18 00:21:17','2017-06-18 00:21:17',0,5,'安徽省合肥市长丰县',2,'长丰县',',1026,1027,',1027),(1033,'2017-06-18 00:21:18','2017-06-18 00:21:18',0,6,'安徽省合肥市肥东县',2,'肥东县',',1026,1027,',1027),(1034,'2017-06-18 00:21:19','2017-06-18 00:21:19',0,7,'安徽省合肥市肥西县',2,'肥西县',',1026,1027,',1027),(1035,'2017-06-18 00:21:20','2017-06-18 00:21:20',0,8,'安徽省合肥市庐江县',2,'庐江县',',1026,1027,',1027),(1036,'2017-06-18 00:21:21','2017-06-18 00:21:21',0,9,'安徽省合肥市巢湖市',2,'巢湖市',',1026,1027,',1027),(1037,'2017-06-18 00:21:22','2017-06-18 00:21:22',0,2,'安徽省芜湖市',1,'芜湖市',',1026,',1026),(1038,'2017-06-18 00:21:23','2017-06-18 00:21:23',0,1,'安徽省芜湖市镜湖区',2,'镜湖区',',1026,1037,',1037),(1039,'2017-06-18 00:21:24','2017-06-18 00:21:24',0,2,'安徽省芜湖市弋江区',2,'弋江区',',1026,1037,',1037),(1040,'2017-06-18 00:21:25','2017-06-18 00:21:25',0,3,'安徽省芜湖市鸠江区',2,'鸠江区',',1026,1037,',1037),(1041,'2017-06-18 00:21:26','2017-06-18 00:21:26',0,4,'安徽省芜湖市三山区',2,'三山区',',1026,1037,',1037),(1042,'2017-06-18 00:21:27','2017-06-18 00:21:27',0,5,'安徽省芜湖市芜湖县',2,'芜湖县',',1026,1037,',1037),(1043,'2017-06-18 00:21:28','2017-06-18 00:21:28',0,6,'安徽省芜湖市繁昌县',2,'繁昌县',',1026,1037,',1037),(1044,'2017-06-18 00:21:29','2017-06-18 00:21:29',0,7,'安徽省芜湖市南陵县',2,'南陵县',',1026,1037,',1037),(1045,'2017-06-18 00:21:30','2017-06-18 00:21:30',0,8,'安徽省芜湖市无为县',2,'无为县',',1026,1037,',1037),(1046,'2017-06-18 00:21:31','2017-06-18 00:21:31',0,3,'安徽省蚌埠市',1,'蚌埠市',',1026,',1026),(1047,'2017-06-18 00:21:32','2017-06-18 00:21:32',0,1,'安徽省蚌埠市龙子湖区',2,'龙子湖区',',1026,1046,',1046),(1048,'2017-06-18 00:21:33','2017-06-18 00:21:33',0,2,'安徽省蚌埠市蚌山区',2,'蚌山区',',1026,1046,',1046),(1049,'2017-06-18 00:21:34','2017-06-18 00:21:34',0,3,'安徽省蚌埠市禹会区',2,'禹会区',',1026,1046,',1046),(1050,'2017-06-18 00:21:35','2017-06-18 00:21:35',0,4,'安徽省蚌埠市淮上区',2,'淮上区',',1026,1046,',1046),(1051,'2017-06-18 00:21:36','2017-06-18 00:21:36',0,5,'安徽省蚌埠市怀远县',2,'怀远县',',1026,1046,',1046),(1052,'2017-06-18 00:21:37','2017-06-18 00:21:37',0,6,'安徽省蚌埠市五河县',2,'五河县',',1026,1046,',1046),(1053,'2017-06-18 00:21:38','2017-06-18 00:21:38',0,7,'安徽省蚌埠市固镇县',2,'固镇县',',1026,1046,',1046),(1054,'2017-06-18 00:21:39','2017-06-18 00:21:39',0,4,'安徽省淮南市',1,'淮南市',',1026,',1026),(1055,'2017-06-18 00:21:40','2017-06-18 00:21:40',0,1,'安徽省淮南市大通区',2,'大通区',',1026,1054,',1054),(1056,'2017-06-18 00:21:41','2017-06-18 00:21:41',0,2,'安徽省淮南市田家庵区',2,'田家庵区',',1026,1054,',1054),(1057,'2017-06-18 00:21:42','2017-06-18 00:21:42',0,3,'安徽省淮南市谢家集区',2,'谢家集区',',1026,1054,',1054),(1058,'2017-06-18 00:21:43','2017-06-18 00:21:43',0,4,'安徽省淮南市八公山区',2,'八公山区',',1026,1054,',1054),(1059,'2017-06-18 00:21:44','2017-06-18 00:21:44',0,5,'安徽省淮南市潘集区',2,'潘集区',',1026,1054,',1054),(1060,'2017-06-18 00:21:45','2017-06-18 00:21:45',0,6,'安徽省淮南市凤台县',2,'凤台县',',1026,1054,',1054),(1061,'2017-06-18 00:21:46','2017-06-18 00:21:46',0,5,'安徽省马鞍山市',1,'马鞍山市',',1026,',1026),(1062,'2017-06-18 00:21:47','2017-06-18 00:21:47',0,1,'安徽省马鞍山市花山区',2,'花山区',',1026,1061,',1061),(1063,'2017-06-18 00:21:48','2017-06-18 00:21:48',0,2,'安徽省马鞍山市雨山区',2,'雨山区',',1026,1061,',1061),(1064,'2017-06-18 00:21:49','2017-06-18 00:21:49',0,3,'安徽省马鞍山市博望区',2,'博望区',',1026,1061,',1061),(1065,'2017-06-18 00:21:50','2017-06-18 00:21:50',0,4,'安徽省马鞍山市当涂县',2,'当涂县',',1026,1061,',1061),(1066,'2017-06-18 00:21:51','2017-06-18 00:21:51',0,5,'安徽省马鞍山市含山县',2,'含山县',',1026,1061,',1061),(1067,'2017-06-18 00:21:52','2017-06-18 00:21:52',0,6,'安徽省马鞍山市和县',2,'和县',',1026,1061,',1061),(1068,'2017-06-18 00:21:53','2017-06-18 00:21:53',0,6,'安徽省淮北市',1,'淮北市',',1026,',1026),(1069,'2017-06-18 00:21:54','2017-06-18 00:21:54',0,1,'安徽省淮北市杜集区',2,'杜集区',',1026,1068,',1068),(1070,'2017-06-18 00:21:55','2017-06-18 00:21:55',0,2,'安徽省淮北市相山区',2,'相山区',',1026,1068,',1068),(1071,'2017-06-18 00:21:56','2017-06-18 00:21:56',0,3,'安徽省淮北市烈山区',2,'烈山区',',1026,1068,',1068),(1072,'2017-06-18 00:21:57','2017-06-18 00:21:57',0,4,'安徽省淮北市濉溪县',2,'濉溪县',',1026,1068,',1068),(1073,'2017-06-18 00:21:58','2017-06-18 00:21:58',0,7,'安徽省铜陵市',1,'铜陵市',',1026,',1026),(1074,'2017-06-18 00:21:59','2017-06-18 00:21:59',0,1,'安徽省铜陵市铜官山区',2,'铜官山区',',1026,1073,',1073),(1075,'2017-06-18 00:22:00','2017-06-18 00:22:00',0,2,'安徽省铜陵市狮子山区',2,'狮子山区',',1026,1073,',1073),(1076,'2017-06-18 00:22:01','2017-06-18 00:22:01',0,3,'安徽省铜陵市郊区',2,'郊区',',1026,1073,',1073),(1077,'2017-06-18 00:22:02','2017-06-18 00:22:02',0,4,'安徽省铜陵市铜陵县',2,'铜陵县',',1026,1073,',1073),(1078,'2017-06-18 00:22:03','2017-06-18 00:22:03',0,8,'安徽省安庆市',1,'安庆市',',1026,',1026),(1079,'2017-06-18 00:22:04','2017-06-18 00:22:04',0,1,'安徽省安庆市迎江区',2,'迎江区',',1026,1078,',1078),(1080,'2017-06-18 00:22:05','2017-06-18 00:22:05',0,2,'安徽省安庆市大观区',2,'大观区',',1026,1078,',1078),(1081,'2017-06-18 00:22:06','2017-06-18 00:22:06',0,3,'安徽省安庆市宜秀区',2,'宜秀区',',1026,1078,',1078),(1082,'2017-06-18 00:22:07','2017-06-18 00:22:07',0,4,'安徽省安庆市怀宁县',2,'怀宁县',',1026,1078,',1078),(1083,'2017-06-18 00:22:08','2017-06-18 00:22:08',0,5,'安徽省安庆市枞阳县',2,'枞阳县',',1026,1078,',1078),(1084,'2017-06-18 00:22:09','2017-06-18 00:22:09',0,6,'安徽省安庆市潜山县',2,'潜山县',',1026,1078,',1078),(1085,'2017-06-18 00:22:10','2017-06-18 00:22:10',0,7,'安徽省安庆市太湖县',2,'太湖县',',1026,1078,',1078),(1086,'2017-06-18 00:22:11','2017-06-18 00:22:11',0,8,'安徽省安庆市宿松县',2,'宿松县',',1026,1078,',1078),(1087,'2017-06-18 00:22:12','2017-06-18 00:22:12',0,9,'安徽省安庆市望江县',2,'望江县',',1026,1078,',1078),(1088,'2017-06-18 00:22:13','2017-06-18 00:22:13',0,10,'安徽省安庆市岳西县',2,'岳西县',',1026,1078,',1078),(1089,'2017-06-18 00:22:14','2017-06-18 00:22:14',0,11,'安徽省安庆市桐城市',2,'桐城市',',1026,1078,',1078),(1090,'2017-06-18 00:22:15','2017-06-18 00:22:15',0,9,'安徽省黄山市',1,'黄山市',',1026,',1026),(1091,'2017-06-18 00:22:16','2017-06-18 00:22:16',0,1,'安徽省黄山市屯溪区',2,'屯溪区',',1026,1090,',1090),(1092,'2017-06-18 00:22:17','2017-06-18 00:22:17',0,2,'安徽省黄山市黄山区',2,'黄山区',',1026,1090,',1090),(1093,'2017-06-18 00:22:18','2017-06-18 00:22:18',0,3,'安徽省黄山市徽州区',2,'徽州区',',1026,1090,',1090),(1094,'2017-06-18 00:22:19','2017-06-18 00:22:19',0,4,'安徽省黄山市歙县',2,'歙县',',1026,1090,',1090),(1095,'2017-06-18 00:22:20','2017-06-18 00:22:20',0,5,'安徽省黄山市休宁县',2,'休宁县',',1026,1090,',1090),(1096,'2017-06-18 00:22:21','2017-06-18 00:22:21',0,6,'安徽省黄山市黟县',2,'黟县',',1026,1090,',1090),(1097,'2017-06-18 00:22:22','2017-06-18 00:22:22',0,7,'安徽省黄山市祁门县',2,'祁门县',',1026,1090,',1090),(1098,'2017-06-18 00:22:23','2017-06-18 00:22:23',0,10,'安徽省滁州市',1,'滁州市',',1026,',1026),(1099,'2017-06-18 00:22:24','2017-06-18 00:22:24',0,1,'安徽省滁州市琅琊区',2,'琅琊区',',1026,1098,',1098),(1100,'2017-06-18 00:22:25','2017-06-18 00:22:25',0,2,'安徽省滁州市南谯区',2,'南谯区',',1026,1098,',1098),(1101,'2017-06-18 00:22:26','2017-06-18 00:22:26',0,3,'安徽省滁州市来安县',2,'来安县',',1026,1098,',1098),(1102,'2017-06-18 00:22:27','2017-06-18 00:22:27',0,4,'安徽省滁州市全椒县',2,'全椒县',',1026,1098,',1098),(1103,'2017-06-18 00:22:28','2017-06-18 00:22:28',0,5,'安徽省滁州市定远县',2,'定远县',',1026,1098,',1098),(1104,'2017-06-18 00:22:29','2017-06-18 00:22:29',0,6,'安徽省滁州市凤阳县',2,'凤阳县',',1026,1098,',1098),(1105,'2017-06-18 00:22:30','2017-06-18 00:22:30',0,7,'安徽省滁州市天长市',2,'天长市',',1026,1098,',1098),(1106,'2017-06-18 00:22:31','2017-06-18 00:22:31',0,8,'安徽省滁州市明光市',2,'明光市',',1026,1098,',1098),(1107,'2017-06-18 00:22:32','2017-06-18 00:22:32',0,11,'安徽省阜阳市',1,'阜阳市',',1026,',1026),(1108,'2017-06-18 00:22:33','2017-06-18 00:22:33',0,1,'安徽省阜阳市颍州区',2,'颍州区',',1026,1107,',1107),(1109,'2017-06-18 00:22:34','2017-06-18 00:22:34',0,2,'安徽省阜阳市颍东区',2,'颍东区',',1026,1107,',1107),(1110,'2017-06-18 00:22:35','2017-06-18 00:22:35',0,3,'安徽省阜阳市颍泉区',2,'颍泉区',',1026,1107,',1107),(1111,'2017-06-18 00:22:36','2017-06-18 00:22:36',0,4,'安徽省阜阳市临泉县',2,'临泉县',',1026,1107,',1107),(1112,'2017-06-18 00:22:37','2017-06-18 00:22:37',0,5,'安徽省阜阳市太和县',2,'太和县',',1026,1107,',1107),(1113,'2017-06-18 00:22:38','2017-06-18 00:22:38',0,6,'安徽省阜阳市阜南县',2,'阜南县',',1026,1107,',1107),(1114,'2017-06-18 00:22:39','2017-06-18 00:22:39',0,7,'安徽省阜阳市颍上县',2,'颍上县',',1026,1107,',1107),(1115,'2017-06-18 00:22:40','2017-06-18 00:22:40',0,8,'安徽省阜阳市界首市',2,'界首市',',1026,1107,',1107),(1116,'2017-06-18 00:22:41','2017-06-18 00:22:41',0,12,'安徽省宿州市',1,'宿州市',',1026,',1026),(1117,'2017-06-18 00:22:42','2017-06-18 00:22:42',0,1,'安徽省宿州市埇桥区',2,'埇桥区',',1026,1116,',1116),(1118,'2017-06-18 00:22:43','2017-06-18 00:22:43',0,2,'安徽省宿州市砀山县',2,'砀山县',',1026,1116,',1116),(1119,'2017-06-18 00:22:44','2017-06-18 00:22:44',0,3,'安徽省宿州市萧县',2,'萧县',',1026,1116,',1116),(1120,'2017-06-18 00:22:45','2017-06-18 00:22:45',0,4,'安徽省宿州市灵璧县',2,'灵璧县',',1026,1116,',1116),(1121,'2017-06-18 00:22:46','2017-06-18 00:22:46',0,5,'安徽省宿州市泗县',2,'泗县',',1026,1116,',1116),(1122,'2017-06-18 00:22:47','2017-06-18 00:22:47',0,13,'安徽省六安市',1,'六安市',',1026,',1026),(1123,'2017-06-18 00:22:48','2017-06-18 00:22:48',0,1,'安徽省六安市金安区',2,'金安区',',1026,1122,',1122),(1124,'2017-06-18 00:22:49','2017-06-18 00:22:49',0,2,'安徽省六安市裕安区',2,'裕安区',',1026,1122,',1122),(1125,'2017-06-18 00:22:50','2017-06-18 00:22:50',0,3,'安徽省六安市寿县',2,'寿县',',1026,1122,',1122),(1126,'2017-06-18 00:22:51','2017-06-18 00:22:51',0,4,'安徽省六安市霍邱县',2,'霍邱县',',1026,1122,',1122),(1127,'2017-06-18 00:22:52','2017-06-18 00:22:52',0,5,'安徽省六安市舒城县',2,'舒城县',',1026,1122,',1122),(1128,'2017-06-18 00:22:53','2017-06-18 00:22:53',0,6,'安徽省六安市金寨县',2,'金寨县',',1026,1122,',1122),(1129,'2017-06-18 00:22:54','2017-06-18 00:22:54',0,7,'安徽省六安市霍山县',2,'霍山县',',1026,1122,',1122),(1130,'2017-06-18 00:22:55','2017-06-18 00:22:55',0,14,'安徽省亳州市',1,'亳州市',',1026,',1026),(1131,'2017-06-18 00:22:56','2017-06-18 00:22:56',0,1,'安徽省亳州市谯城区',2,'谯城区',',1026,1130,',1130),(1132,'2017-06-18 00:22:57','2017-06-18 00:22:57',0,2,'安徽省亳州市涡阳县',2,'涡阳县',',1026,1130,',1130),(1133,'2017-06-18 00:22:58','2017-06-18 00:22:58',0,3,'安徽省亳州市蒙城县',2,'蒙城县',',1026,1130,',1130),(1134,'2017-06-18 00:22:59','2017-06-18 00:22:59',0,4,'安徽省亳州市利辛县',2,'利辛县',',1026,1130,',1130),(1135,'2017-06-18 00:23:00','2017-06-18 00:23:00',0,15,'安徽省池州市',1,'池州市',',1026,',1026),(1136,'2017-06-18 00:23:01','2017-06-18 00:23:01',0,1,'安徽省池州市贵池区',2,'贵池区',',1026,1135,',1135),(1137,'2017-06-18 00:23:02','2017-06-18 00:23:02',0,2,'安徽省池州市东至县',2,'东至县',',1026,1135,',1135),(1138,'2017-06-18 00:23:03','2017-06-18 00:23:03',0,3,'安徽省池州市石台县',2,'石台县',',1026,1135,',1135),(1139,'2017-06-18 00:23:04','2017-06-18 00:23:04',0,4,'安徽省池州市青阳县',2,'青阳县',',1026,1135,',1135),(1140,'2017-06-18 00:23:05','2017-06-18 00:23:05',0,16,'安徽省宣城市',1,'宣城市',',1026,',1026),(1141,'2017-06-18 00:23:06','2017-06-18 00:23:06',0,1,'安徽省宣城市宣州区',2,'宣州区',',1026,1140,',1140),(1142,'2017-06-18 00:23:07','2017-06-18 00:23:07',0,2,'安徽省宣城市郎溪县',2,'郎溪县',',1026,1140,',1140),(1143,'2017-06-18 00:23:08','2017-06-18 00:23:08',0,3,'安徽省宣城市广德县',2,'广德县',',1026,1140,',1140),(1144,'2017-06-18 00:23:09','2017-06-18 00:23:09',0,4,'安徽省宣城市泾县',2,'泾县',',1026,1140,',1140),(1145,'2017-06-18 00:23:10','2017-06-18 00:23:10',0,5,'安徽省宣城市绩溪县',2,'绩溪县',',1026,1140,',1140),(1146,'2017-06-18 00:23:11','2017-06-18 00:23:11',0,6,'安徽省宣城市旌德县',2,'旌德县',',1026,1140,',1140),(1147,'2017-06-18 00:23:12','2017-06-18 00:23:12',0,7,'安徽省宣城市宁国市',2,'宁国市',',1026,1140,',1140),(1148,'2017-06-18 00:23:13','2017-06-18 00:23:13',0,13,'福建省',0,'福建省',',',NULL),(1149,'2017-06-18 00:23:14','2017-06-18 00:23:14',0,1,'福建省福州市',1,'福州市',',1148,',1148),(1150,'2017-06-18 00:23:15','2017-06-18 00:23:15',0,1,'福建省福州市鼓楼区',2,'鼓楼区',',1148,1149,',1149),(1151,'2017-06-18 00:23:16','2017-06-18 00:23:16',0,2,'福建省福州市台江区',2,'台江区',',1148,1149,',1149),(1152,'2017-06-18 00:23:17','2017-06-18 00:23:17',0,3,'福建省福州市仓山区',2,'仓山区',',1148,1149,',1149),(1153,'2017-06-18 00:23:18','2017-06-18 00:23:18',0,4,'福建省福州市马尾区',2,'马尾区',',1148,1149,',1149),(1154,'2017-06-18 00:23:19','2017-06-18 00:23:19',0,5,'福建省福州市晋安区',2,'晋安区',',1148,1149,',1149),(1155,'2017-06-18 00:23:20','2017-06-18 00:23:20',0,6,'福建省福州市闽侯县',2,'闽侯县',',1148,1149,',1149),(1156,'2017-06-18 00:23:21','2017-06-18 00:23:21',0,7,'福建省福州市连江县',2,'连江县',',1148,1149,',1149),(1157,'2017-06-18 00:23:22','2017-06-18 00:23:22',0,8,'福建省福州市罗源县',2,'罗源县',',1148,1149,',1149),(1158,'2017-06-18 00:23:23','2017-06-18 00:23:23',0,9,'福建省福州市闽清县',2,'闽清县',',1148,1149,',1149),(1159,'2017-06-18 00:23:24','2017-06-18 00:23:24',0,10,'福建省福州市永泰县',2,'永泰县',',1148,1149,',1149),(1160,'2017-06-18 00:23:25','2017-06-18 00:23:25',0,11,'福建省福州市平潭县',2,'平潭县',',1148,1149,',1149),(1161,'2017-06-18 00:23:26','2017-06-18 00:23:26',0,12,'福建省福州市福清市',2,'福清市',',1148,1149,',1149),(1162,'2017-06-18 00:23:27','2017-06-18 00:23:27',0,13,'福建省福州市长乐市',2,'长乐市',',1148,1149,',1149),(1163,'2017-06-18 00:23:28','2017-06-18 00:23:28',0,2,'福建省厦门市',1,'厦门市',',1148,',1148),(1164,'2017-06-18 00:23:29','2017-06-18 00:23:29',0,1,'福建省厦门市思明区',2,'思明区',',1148,1163,',1163),(1165,'2017-06-18 00:23:30','2017-06-18 00:23:30',0,2,'福建省厦门市海沧区',2,'海沧区',',1148,1163,',1163),(1166,'2017-06-18 00:23:31','2017-06-18 00:23:31',0,3,'福建省厦门市湖里区',2,'湖里区',',1148,1163,',1163),(1167,'2017-06-18 00:23:32','2017-06-18 00:23:32',0,4,'福建省厦门市集美区',2,'集美区',',1148,1163,',1163),(1168,'2017-06-18 00:23:33','2017-06-18 00:23:33',0,5,'福建省厦门市同安区',2,'同安区',',1148,1163,',1163),(1169,'2017-06-18 00:23:34','2017-06-18 00:23:34',0,6,'福建省厦门市翔安区',2,'翔安区',',1148,1163,',1163),(1170,'2017-06-18 00:23:35','2017-06-18 00:23:35',0,3,'福建省莆田市',1,'莆田市',',1148,',1148),(1171,'2017-06-18 00:23:36','2017-06-18 00:23:36',0,1,'福建省莆田市城厢区',2,'城厢区',',1148,1170,',1170),(1172,'2017-06-18 00:23:37','2017-06-18 00:23:37',0,2,'福建省莆田市涵江区',2,'涵江区',',1148,1170,',1170),(1173,'2017-06-18 00:23:38','2017-06-18 00:23:38',0,3,'福建省莆田市荔城区',2,'荔城区',',1148,1170,',1170),(1174,'2017-06-18 00:23:39','2017-06-18 00:23:39',0,4,'福建省莆田市秀屿区',2,'秀屿区',',1148,1170,',1170),(1175,'2017-06-18 00:23:40','2017-06-18 00:23:40',0,5,'福建省莆田市仙游县',2,'仙游县',',1148,1170,',1170),(1176,'2017-06-18 00:23:41','2017-06-18 00:23:41',0,4,'福建省三明市',1,'三明市',',1148,',1148),(1177,'2017-06-18 00:23:42','2017-06-18 00:23:42',0,1,'福建省三明市梅列区',2,'梅列区',',1148,1176,',1176),(1178,'2017-06-18 00:23:43','2017-06-18 00:23:43',0,2,'福建省三明市三元区',2,'三元区',',1148,1176,',1176),(1179,'2017-06-18 00:23:44','2017-06-18 00:23:44',0,3,'福建省三明市明溪县',2,'明溪县',',1148,1176,',1176),(1180,'2017-06-18 00:23:45','2017-06-18 00:23:45',0,4,'福建省三明市清流县',2,'清流县',',1148,1176,',1176),(1181,'2017-06-18 00:23:46','2017-06-18 00:23:46',0,5,'福建省三明市宁化县',2,'宁化县',',1148,1176,',1176),(1182,'2017-06-18 00:23:47','2017-06-18 00:23:47',0,6,'福建省三明市大田县',2,'大田县',',1148,1176,',1176),(1183,'2017-06-18 00:23:48','2017-06-18 00:23:48',0,7,'福建省三明市尤溪县',2,'尤溪县',',1148,1176,',1176),(1184,'2017-06-18 00:23:49','2017-06-18 00:23:49',0,8,'福建省三明市沙县',2,'沙县',',1148,1176,',1176),(1185,'2017-06-18 00:23:50','2017-06-18 00:23:50',0,9,'福建省三明市将乐县',2,'将乐县',',1148,1176,',1176),(1186,'2017-06-18 00:23:51','2017-06-18 00:23:51',0,10,'福建省三明市泰宁县',2,'泰宁县',',1148,1176,',1176),(1187,'2017-06-18 00:23:52','2017-06-18 00:23:52',0,11,'福建省三明市建宁县',2,'建宁县',',1148,1176,',1176),(1188,'2017-06-18 00:23:53','2017-06-18 00:23:53',0,12,'福建省三明市永安市',2,'永安市',',1148,1176,',1176),(1189,'2017-06-18 00:23:54','2017-06-18 00:23:54',0,5,'福建省泉州市',1,'泉州市',',1148,',1148),(1190,'2017-06-18 00:23:55','2017-06-18 00:23:55',0,1,'福建省泉州市鲤城区',2,'鲤城区',',1148,1189,',1189),(1191,'2017-06-18 00:23:56','2017-06-18 00:23:56',0,2,'福建省泉州市丰泽区',2,'丰泽区',',1148,1189,',1189),(1192,'2017-06-18 00:23:57','2017-06-18 00:23:57',0,3,'福建省泉州市洛江区',2,'洛江区',',1148,1189,',1189),(1193,'2017-06-18 00:23:58','2017-06-18 00:23:58',0,4,'福建省泉州市泉港区',2,'泉港区',',1148,1189,',1189),(1194,'2017-06-18 00:23:59','2017-06-18 00:23:59',0,5,'福建省泉州市惠安县',2,'惠安县',',1148,1189,',1189),(1195,'2017-06-18 00:24:00','2017-06-18 00:24:00',0,6,'福建省泉州市安溪县',2,'安溪县',',1148,1189,',1189),(1196,'2017-06-18 00:24:01','2017-06-18 00:24:01',0,7,'福建省泉州市永春县',2,'永春县',',1148,1189,',1189),(1197,'2017-06-18 00:24:02','2017-06-18 00:24:02',0,8,'福建省泉州市德化县',2,'德化县',',1148,1189,',1189),(1198,'2017-06-18 00:24:03','2017-06-18 00:24:03',0,9,'福建省泉州市金门县',2,'金门县',',1148,1189,',1189),(1199,'2017-06-18 00:24:04','2017-06-18 00:24:04',0,10,'福建省泉州市石狮市',2,'石狮市',',1148,1189,',1189),(1200,'2017-06-18 00:24:05','2017-06-18 00:24:05',0,11,'福建省泉州市晋江市',2,'晋江市',',1148,1189,',1189),(1201,'2017-06-18 00:24:06','2017-06-18 00:24:06',0,12,'福建省泉州市南安市',2,'南安市',',1148,1189,',1189),(1202,'2017-06-18 00:24:07','2017-06-18 00:24:07',0,6,'福建省漳州市',1,'漳州市',',1148,',1148),(1203,'2017-06-18 00:24:08','2017-06-18 00:24:08',0,1,'福建省漳州市芗城区',2,'芗城区',',1148,1202,',1202),(1204,'2017-06-18 00:24:09','2017-06-18 00:24:09',0,2,'福建省漳州市龙文区',2,'龙文区',',1148,1202,',1202),(1205,'2017-06-18 00:24:10','2017-06-18 00:24:10',0,3,'福建省漳州市云霄县',2,'云霄县',',1148,1202,',1202),(1206,'2017-06-18 00:24:11','2017-06-18 00:24:11',0,4,'福建省漳州市漳浦县',2,'漳浦县',',1148,1202,',1202),(1207,'2017-06-18 00:24:12','2017-06-18 00:24:12',0,5,'福建省漳州市诏安县',2,'诏安县',',1148,1202,',1202),(1208,'2017-06-18 00:24:13','2017-06-18 00:24:13',0,6,'福建省漳州市长泰县',2,'长泰县',',1148,1202,',1202),(1209,'2017-06-18 00:24:14','2017-06-18 00:24:14',0,7,'福建省漳州市东山县',2,'东山县',',1148,1202,',1202),(1210,'2017-06-18 00:24:15','2017-06-18 00:24:15',0,8,'福建省漳州市南靖县',2,'南靖县',',1148,1202,',1202),(1211,'2017-06-18 00:24:16','2017-06-18 00:24:16',0,9,'福建省漳州市平和县',2,'平和县',',1148,1202,',1202),(1212,'2017-06-18 00:24:17','2017-06-18 00:24:17',0,10,'福建省漳州市华安县',2,'华安县',',1148,1202,',1202),(1213,'2017-06-18 00:24:18','2017-06-18 00:24:18',0,11,'福建省漳州市龙海市',2,'龙海市',',1148,1202,',1202),(1214,'2017-06-18 00:24:19','2017-06-18 00:24:19',0,7,'福建省南平市',1,'南平市',',1148,',1148),(1215,'2017-06-18 00:24:20','2017-06-18 00:24:20',0,1,'福建省南平市延平区',2,'延平区',',1148,1214,',1214),(1216,'2017-06-18 00:24:21','2017-06-18 00:24:21',0,2,'福建省南平市顺昌县',2,'顺昌县',',1148,1214,',1214),(1217,'2017-06-18 00:24:22','2017-06-18 00:24:22',0,3,'福建省南平市浦城县',2,'浦城县',',1148,1214,',1214),(1218,'2017-06-18 00:24:23','2017-06-18 00:24:23',0,4,'福建省南平市光泽县',2,'光泽县',',1148,1214,',1214),(1219,'2017-06-18 00:24:24','2017-06-18 00:24:24',0,5,'福建省南平市松溪县',2,'松溪县',',1148,1214,',1214),(1220,'2017-06-18 00:24:25','2017-06-18 00:24:25',0,6,'福建省南平市政和县',2,'政和县',',1148,1214,',1214),(1221,'2017-06-18 00:24:26','2017-06-18 00:24:26',0,7,'福建省南平市邵武市',2,'邵武市',',1148,1214,',1214),(1222,'2017-06-18 00:24:27','2017-06-18 00:24:27',0,8,'福建省南平市武夷山市',2,'武夷山市',',1148,1214,',1214),(1223,'2017-06-18 00:24:28','2017-06-18 00:24:28',0,9,'福建省南平市建瓯市',2,'建瓯市',',1148,1214,',1214),(1224,'2017-06-18 00:24:29','2017-06-18 00:24:29',0,10,'福建省南平市建阳市',2,'建阳市',',1148,1214,',1214),(1225,'2017-06-18 00:24:30','2017-06-18 00:24:30',0,8,'福建省龙岩市',1,'龙岩市',',1148,',1148),(1226,'2017-06-18 00:24:31','2017-06-18 00:24:31',0,1,'福建省龙岩市新罗区',2,'新罗区',',1148,1225,',1225),(1227,'2017-06-18 00:24:32','2017-06-18 00:24:32',0,2,'福建省龙岩市长汀县',2,'长汀县',',1148,1225,',1225),(1228,'2017-06-18 00:24:33','2017-06-18 00:24:33',0,3,'福建省龙岩市永定县',2,'永定县',',1148,1225,',1225),(1229,'2017-06-18 00:24:34','2017-06-18 00:24:34',0,4,'福建省龙岩市上杭县',2,'上杭县',',1148,1225,',1225),(1230,'2017-06-18 00:24:35','2017-06-18 00:24:35',0,5,'福建省龙岩市武平县',2,'武平县',',1148,1225,',1225),(1231,'2017-06-18 00:24:36','2017-06-18 00:24:36',0,6,'福建省龙岩市连城县',2,'连城县',',1148,1225,',1225),(1232,'2017-06-18 00:24:37','2017-06-18 00:24:37',0,7,'福建省龙岩市漳平市',2,'漳平市',',1148,1225,',1225),(1233,'2017-06-18 00:24:38','2017-06-18 00:24:38',0,9,'福建省宁德市',1,'宁德市',',1148,',1148),(1234,'2017-06-18 00:24:39','2017-06-18 00:24:39',0,1,'福建省宁德市蕉城区',2,'蕉城区',',1148,1233,',1233),(1235,'2017-06-18 00:24:40','2017-06-18 00:24:40',0,2,'福建省宁德市霞浦县',2,'霞浦县',',1148,1233,',1233),(1236,'2017-06-18 00:24:41','2017-06-18 00:24:41',0,3,'福建省宁德市古田县',2,'古田县',',1148,1233,',1233),(1237,'2017-06-18 00:24:42','2017-06-18 00:24:42',0,4,'福建省宁德市屏南县',2,'屏南县',',1148,1233,',1233),(1238,'2017-06-18 00:24:43','2017-06-18 00:24:43',0,5,'福建省宁德市寿宁县',2,'寿宁县',',1148,1233,',1233),(1239,'2017-06-18 00:24:44','2017-06-18 00:24:44',0,6,'福建省宁德市周宁县',2,'周宁县',',1148,1233,',1233),(1240,'2017-06-18 00:24:45','2017-06-18 00:24:45',0,7,'福建省宁德市柘荣县',2,'柘荣县',',1148,1233,',1233),(1241,'2017-06-18 00:24:46','2017-06-18 00:24:46',0,8,'福建省宁德市福安市',2,'福安市',',1148,1233,',1233),(1242,'2017-06-18 00:24:47','2017-06-18 00:24:47',0,9,'福建省宁德市福鼎市',2,'福鼎市',',1148,1233,',1233),(1243,'2017-06-18 00:24:48','2017-06-18 00:24:48',0,14,'江西省',0,'江西省',',',NULL),(1244,'2017-06-18 00:24:49','2017-06-18 00:24:49',0,1,'江西省南昌市',1,'南昌市',',1243,',1243),(1245,'2017-06-18 00:24:50','2017-06-18 00:24:50',0,1,'江西省南昌市东湖区',2,'东湖区',',1243,1244,',1244),(1246,'2017-06-18 00:24:51','2017-06-18 00:24:51',0,2,'江西省南昌市西湖区',2,'西湖区',',1243,1244,',1244),(1247,'2017-06-18 00:24:52','2017-06-18 00:24:52',0,3,'江西省南昌市青云谱区',2,'青云谱区',',1243,1244,',1244),(1248,'2017-06-18 00:24:53','2017-06-18 00:24:53',0,4,'江西省南昌市湾里区',2,'湾里区',',1243,1244,',1244),(1249,'2017-06-18 00:24:54','2017-06-18 00:24:54',0,5,'江西省南昌市青山湖区',2,'青山湖区',',1243,1244,',1244),(1250,'2017-06-18 00:24:55','2017-06-18 00:24:55',0,6,'江西省南昌市南昌县',2,'南昌县',',1243,1244,',1244),(1251,'2017-06-18 00:24:56','2017-06-18 00:24:56',0,7,'江西省南昌市新建县',2,'新建县',',1243,1244,',1244),(1252,'2017-06-18 00:24:57','2017-06-18 00:24:57',0,8,'江西省南昌市安义县',2,'安义县',',1243,1244,',1244),(1253,'2017-06-18 00:24:58','2017-06-18 00:24:58',0,9,'江西省南昌市进贤县',2,'进贤县',',1243,1244,',1244),(1254,'2017-06-18 00:24:59','2017-06-18 00:24:59',0,2,'江西省景德镇市',1,'景德镇市',',1243,',1243),(1255,'2017-06-18 00:25:00','2017-06-18 00:25:00',0,1,'江西省景德镇市昌江区',2,'昌江区',',1243,1254,',1254),(1256,'2017-06-18 00:25:01','2017-06-18 00:25:01',0,2,'江西省景德镇市珠山区',2,'珠山区',',1243,1254,',1254),(1257,'2017-06-18 00:25:02','2017-06-18 00:25:02',0,3,'江西省景德镇市浮梁县',2,'浮梁县',',1243,1254,',1254),(1258,'2017-06-18 00:25:03','2017-06-18 00:25:03',0,4,'江西省景德镇市乐平市',2,'乐平市',',1243,1254,',1254),(1259,'2017-06-18 00:25:04','2017-06-18 00:25:04',0,3,'江西省萍乡市',1,'萍乡市',',1243,',1243),(1260,'2017-06-18 00:25:05','2017-06-18 00:25:05',0,1,'江西省萍乡市安源区',2,'安源区',',1243,1259,',1259),(1261,'2017-06-18 00:25:06','2017-06-18 00:25:06',0,2,'江西省萍乡市湘东区',2,'湘东区',',1243,1259,',1259),(1262,'2017-06-18 00:25:07','2017-06-18 00:25:07',0,3,'江西省萍乡市莲花县',2,'莲花县',',1243,1259,',1259),(1263,'2017-06-18 00:25:08','2017-06-18 00:25:08',0,4,'江西省萍乡市上栗县',2,'上栗县',',1243,1259,',1259),(1264,'2017-06-18 00:25:09','2017-06-18 00:25:09',0,5,'江西省萍乡市芦溪县',2,'芦溪县',',1243,1259,',1259),(1265,'2017-06-18 00:25:10','2017-06-18 00:25:10',0,4,'江西省九江市',1,'九江市',',1243,',1243),(1266,'2017-06-18 00:25:11','2017-06-18 00:25:11',0,1,'江西省九江市庐山区',2,'庐山区',',1243,1265,',1265),(1267,'2017-06-18 00:25:12','2017-06-18 00:25:12',0,2,'江西省九江市浔阳区',2,'浔阳区',',1243,1265,',1265),(1268,'2017-06-18 00:25:13','2017-06-18 00:25:13',0,3,'江西省九江市九江县',2,'九江县',',1243,1265,',1265),(1269,'2017-06-18 00:25:14','2017-06-18 00:25:14',0,4,'江西省九江市武宁县',2,'武宁县',',1243,1265,',1265),(1270,'2017-06-18 00:25:15','2017-06-18 00:25:15',0,5,'江西省九江市修水县',2,'修水县',',1243,1265,',1265),(1271,'2017-06-18 00:25:16','2017-06-18 00:25:16',0,6,'江西省九江市永修县',2,'永修县',',1243,1265,',1265),(1272,'2017-06-18 00:25:17','2017-06-18 00:25:17',0,7,'江西省九江市德安县',2,'德安县',',1243,1265,',1265),(1273,'2017-06-18 00:25:18','2017-06-18 00:25:18',0,8,'江西省九江市星子县',2,'星子县',',1243,1265,',1265),(1274,'2017-06-18 00:25:19','2017-06-18 00:25:19',0,9,'江西省九江市都昌县',2,'都昌县',',1243,1265,',1265),(1275,'2017-06-18 00:25:20','2017-06-18 00:25:20',0,10,'江西省九江市湖口县',2,'湖口县',',1243,1265,',1265),(1276,'2017-06-18 00:25:21','2017-06-18 00:25:21',0,11,'江西省九江市彭泽县',2,'彭泽县',',1243,1265,',1265),(1277,'2017-06-18 00:25:22','2017-06-18 00:25:22',0,12,'江西省九江市瑞昌市',2,'瑞昌市',',1243,1265,',1265),(1278,'2017-06-18 00:25:23','2017-06-18 00:25:23',0,13,'江西省九江市共青城市',2,'共青城市',',1243,1265,',1265),(1279,'2017-06-18 00:25:24','2017-06-18 00:25:24',0,5,'江西省新余市',1,'新余市',',1243,',1243),(1280,'2017-06-18 00:25:25','2017-06-18 00:25:25',0,1,'江西省新余市渝水区',2,'渝水区',',1243,1279,',1279),(1281,'2017-06-18 00:25:26','2017-06-18 00:25:26',0,2,'江西省新余市分宜县',2,'分宜县',',1243,1279,',1279),(1282,'2017-06-18 00:25:27','2017-06-18 00:25:27',0,6,'江西省鹰潭市',1,'鹰潭市',',1243,',1243),(1283,'2017-06-18 00:25:28','2017-06-18 00:25:28',0,1,'江西省鹰潭市月湖区',2,'月湖区',',1243,1282,',1282),(1284,'2017-06-18 00:25:29','2017-06-18 00:25:29',0,2,'江西省鹰潭市余江县',2,'余江县',',1243,1282,',1282),(1285,'2017-06-18 00:25:30','2017-06-18 00:25:30',0,3,'江西省鹰潭市贵溪市',2,'贵溪市',',1243,1282,',1282),(1286,'2017-06-18 00:25:31','2017-06-18 00:25:31',0,7,'江西省赣州市',1,'赣州市',',1243,',1243),(1287,'2017-06-18 00:25:32','2017-06-18 00:25:32',0,1,'江西省赣州市章贡区',2,'章贡区',',1243,1286,',1286),(1288,'2017-06-18 00:25:33','2017-06-18 00:25:33',0,2,'江西省赣州市赣县',2,'赣县',',1243,1286,',1286),(1289,'2017-06-18 00:25:34','2017-06-18 00:25:34',0,3,'江西省赣州市信丰县',2,'信丰县',',1243,1286,',1286),(1290,'2017-06-18 00:25:35','2017-06-18 00:25:35',0,4,'江西省赣州市大余县',2,'大余县',',1243,1286,',1286),(1291,'2017-06-18 00:25:36','2017-06-18 00:25:36',0,5,'江西省赣州市上犹县',2,'上犹县',',1243,1286,',1286),(1292,'2017-06-18 00:25:37','2017-06-18 00:25:37',0,6,'江西省赣州市崇义县',2,'崇义县',',1243,1286,',1286),(1293,'2017-06-18 00:25:38','2017-06-18 00:25:38',0,7,'江西省赣州市安远县',2,'安远县',',1243,1286,',1286),(1294,'2017-06-18 00:25:39','2017-06-18 00:25:39',0,8,'江西省赣州市龙南县',2,'龙南县',',1243,1286,',1286),(1295,'2017-06-18 00:25:40','2017-06-18 00:25:40',0,9,'江西省赣州市定南县',2,'定南县',',1243,1286,',1286),(1296,'2017-06-18 00:25:41','2017-06-18 00:25:41',0,10,'江西省赣州市全南县',2,'全南县',',1243,1286,',1286),(1297,'2017-06-18 00:25:42','2017-06-18 00:25:42',0,11,'江西省赣州市宁都县',2,'宁都县',',1243,1286,',1286),(1298,'2017-06-18 00:25:43','2017-06-18 00:25:43',0,12,'江西省赣州市于都县',2,'于都县',',1243,1286,',1286),(1299,'2017-06-18 00:25:44','2017-06-18 00:25:44',0,13,'江西省赣州市兴国县',2,'兴国县',',1243,1286,',1286),(1300,'2017-06-18 00:25:45','2017-06-18 00:25:45',0,14,'江西省赣州市会昌县',2,'会昌县',',1243,1286,',1286),(1301,'2017-06-18 00:25:46','2017-06-18 00:25:46',0,15,'江西省赣州市寻乌县',2,'寻乌县',',1243,1286,',1286),(1302,'2017-06-18 00:25:47','2017-06-18 00:25:47',0,16,'江西省赣州市石城县',2,'石城县',',1243,1286,',1286),(1303,'2017-06-18 00:25:48','2017-06-18 00:25:48',0,17,'江西省赣州市瑞金市',2,'瑞金市',',1243,1286,',1286),(1304,'2017-06-18 00:25:49','2017-06-18 00:25:49',0,18,'江西省赣州市南康市',2,'南康市',',1243,1286,',1286),(1305,'2017-06-18 00:25:50','2017-06-18 00:25:50',0,8,'江西省吉安市',1,'吉安市',',1243,',1243),(1306,'2017-06-18 00:25:51','2017-06-18 00:25:51',0,1,'江西省吉安市吉州区',2,'吉州区',',1243,1305,',1305),(1307,'2017-06-18 00:25:52','2017-06-18 00:25:52',0,2,'江西省吉安市青原区',2,'青原区',',1243,1305,',1305),(1308,'2017-06-18 00:25:53','2017-06-18 00:25:53',0,3,'江西省吉安市吉安县',2,'吉安县',',1243,1305,',1305),(1309,'2017-06-18 00:25:54','2017-06-18 00:25:54',0,4,'江西省吉安市吉水县',2,'吉水县',',1243,1305,',1305),(1310,'2017-06-18 00:25:55','2017-06-18 00:25:55',0,5,'江西省吉安市峡江县',2,'峡江县',',1243,1305,',1305),(1311,'2017-06-18 00:25:56','2017-06-18 00:25:56',0,6,'江西省吉安市新干县',2,'新干县',',1243,1305,',1305),(1312,'2017-06-18 00:25:57','2017-06-18 00:25:57',0,7,'江西省吉安市永丰县',2,'永丰县',',1243,1305,',1305),(1313,'2017-06-18 00:25:58','2017-06-18 00:25:58',0,8,'江西省吉安市泰和县',2,'泰和县',',1243,1305,',1305),(1314,'2017-06-18 00:25:59','2017-06-18 00:25:59',0,9,'江西省吉安市遂川县',2,'遂川县',',1243,1305,',1305),(1315,'2017-06-18 00:26:00','2017-06-18 00:26:00',0,10,'江西省吉安市万安县',2,'万安县',',1243,1305,',1305),(1316,'2017-06-18 00:26:01','2017-06-18 00:26:01',0,11,'江西省吉安市安福县',2,'安福县',',1243,1305,',1305),(1317,'2017-06-18 00:26:02','2017-06-18 00:26:02',0,12,'江西省吉安市永新县',2,'永新县',',1243,1305,',1305),(1318,'2017-06-18 00:26:03','2017-06-18 00:26:03',0,13,'江西省吉安市井冈山市',2,'井冈山市',',1243,1305,',1305),(1319,'2017-06-18 00:26:04','2017-06-18 00:26:04',0,9,'江西省宜春市',1,'宜春市',',1243,',1243),(1320,'2017-06-18 00:26:05','2017-06-18 00:26:05',0,1,'江西省宜春市袁州区',2,'袁州区',',1243,1319,',1319),(1321,'2017-06-18 00:26:06','2017-06-18 00:26:06',0,2,'江西省宜春市奉新县',2,'奉新县',',1243,1319,',1319),(1322,'2017-06-18 00:26:07','2017-06-18 00:26:07',0,3,'江西省宜春市万载县',2,'万载县',',1243,1319,',1319),(1323,'2017-06-18 00:26:08','2017-06-18 00:26:08',0,4,'江西省宜春市上高县',2,'上高县',',1243,1319,',1319),(1324,'2017-06-18 00:26:09','2017-06-18 00:26:09',0,5,'江西省宜春市宜丰县',2,'宜丰县',',1243,1319,',1319),(1325,'2017-06-18 00:26:10','2017-06-18 00:26:10',0,6,'江西省宜春市靖安县',2,'靖安县',',1243,1319,',1319),(1326,'2017-06-18 00:26:11','2017-06-18 00:26:11',0,7,'江西省宜春市铜鼓县',2,'铜鼓县',',1243,1319,',1319),(1327,'2017-06-18 00:26:12','2017-06-18 00:26:12',0,8,'江西省宜春市丰城市',2,'丰城市',',1243,1319,',1319),(1328,'2017-06-18 00:26:13','2017-06-18 00:26:13',0,9,'江西省宜春市樟树市',2,'樟树市',',1243,1319,',1319),(1329,'2017-06-18 00:26:14','2017-06-18 00:26:14',0,10,'江西省宜春市高安市',2,'高安市',',1243,1319,',1319),(1330,'2017-06-18 00:26:15','2017-06-18 00:26:15',0,10,'江西省抚州市',1,'抚州市',',1243,',1243),(1331,'2017-06-18 00:26:16','2017-06-18 00:26:16',0,1,'江西省抚州市临川区',2,'临川区',',1243,1330,',1330),(1332,'2017-06-18 00:26:17','2017-06-18 00:26:17',0,2,'江西省抚州市南城县',2,'南城县',',1243,1330,',1330),(1333,'2017-06-18 00:26:18','2017-06-18 00:26:18',0,3,'江西省抚州市黎川县',2,'黎川县',',1243,1330,',1330),(1334,'2017-06-18 00:26:19','2017-06-18 00:26:19',0,4,'江西省抚州市南丰县',2,'南丰县',',1243,1330,',1330),(1335,'2017-06-18 00:26:20','2017-06-18 00:26:20',0,5,'江西省抚州市崇仁县',2,'崇仁县',',1243,1330,',1330),(1336,'2017-06-18 00:26:21','2017-06-18 00:26:21',0,6,'江西省抚州市乐安县',2,'乐安县',',1243,1330,',1330),(1337,'2017-06-18 00:26:22','2017-06-18 00:26:22',0,7,'江西省抚州市宜黄县',2,'宜黄县',',1243,1330,',1330),(1338,'2017-06-18 00:26:23','2017-06-18 00:26:23',0,8,'江西省抚州市金溪县',2,'金溪县',',1243,1330,',1330),(1339,'2017-06-18 00:26:24','2017-06-18 00:26:24',0,9,'江西省抚州市资溪县',2,'资溪县',',1243,1330,',1330),(1340,'2017-06-18 00:26:25','2017-06-18 00:26:25',0,10,'江西省抚州市东乡县',2,'东乡县',',1243,1330,',1330),(1341,'2017-06-18 00:26:26','2017-06-18 00:26:26',0,11,'江西省抚州市广昌县',2,'广昌县',',1243,1330,',1330),(1342,'2017-06-18 00:26:27','2017-06-18 00:26:27',0,11,'江西省上饶市',1,'上饶市',',1243,',1243),(1343,'2017-06-18 00:26:28','2017-06-18 00:26:28',0,1,'江西省上饶市信州区',2,'信州区',',1243,1342,',1342),(1344,'2017-06-18 00:26:29','2017-06-18 00:26:29',0,2,'江西省上饶市上饶县',2,'上饶县',',1243,1342,',1342),(1345,'2017-06-18 00:26:30','2017-06-18 00:26:30',0,3,'江西省上饶市广丰县',2,'广丰县',',1243,1342,',1342),(1346,'2017-06-18 00:26:31','2017-06-18 00:26:31',0,4,'江西省上饶市玉山县',2,'玉山县',',1243,1342,',1342),(1347,'2017-06-18 00:26:32','2017-06-18 00:26:32',0,5,'江西省上饶市铅山县',2,'铅山县',',1243,1342,',1342),(1348,'2017-06-18 00:26:33','2017-06-18 00:26:33',0,6,'江西省上饶市横峰县',2,'横峰县',',1243,1342,',1342),(1349,'2017-06-18 00:26:34','2017-06-18 00:26:34',0,7,'江西省上饶市弋阳县',2,'弋阳县',',1243,1342,',1342),(1350,'2017-06-18 00:26:35','2017-06-18 00:26:35',0,8,'江西省上饶市余干县',2,'余干县',',1243,1342,',1342),(1351,'2017-06-18 00:26:36','2017-06-18 00:26:36',0,9,'江西省上饶市鄱阳县',2,'鄱阳县',',1243,1342,',1342),(1352,'2017-06-18 00:26:37','2017-06-18 00:26:37',0,10,'江西省上饶市万年县',2,'万年县',',1243,1342,',1342),(1353,'2017-06-18 00:26:38','2017-06-18 00:26:38',0,11,'江西省上饶市婺源县',2,'婺源县',',1243,1342,',1342),(1354,'2017-06-18 00:26:39','2017-06-18 00:26:39',0,12,'江西省上饶市德兴市',2,'德兴市',',1243,1342,',1342),(1355,'2017-06-18 00:26:40','2017-06-18 00:26:40',0,15,'山东省',0,'山东省',',',NULL),(1356,'2017-06-18 00:26:41','2017-06-18 00:26:41',0,1,'山东省济南市',1,'济南市',',1355,',1355),(1357,'2017-06-18 00:26:42','2017-06-18 00:26:42',0,1,'山东省济南市历下区',2,'历下区',',1355,1356,',1356),(1358,'2017-06-18 00:26:43','2017-06-18 00:26:43',0,2,'山东省济南市市中区',2,'市中区',',1355,1356,',1356),(1359,'2017-06-18 00:26:44','2017-06-18 00:26:44',0,3,'山东省济南市槐荫区',2,'槐荫区',',1355,1356,',1356),(1360,'2017-06-18 00:26:45','2017-06-18 00:26:45',0,4,'山东省济南市天桥区',2,'天桥区',',1355,1356,',1356),(1361,'2017-06-18 00:26:46','2017-06-18 00:26:46',0,5,'山东省济南市历城区',2,'历城区',',1355,1356,',1356),(1362,'2017-06-18 00:26:47','2017-06-18 00:26:47',0,6,'山东省济南市长清区',2,'长清区',',1355,1356,',1356),(1363,'2017-06-18 00:26:48','2017-06-18 00:26:48',0,7,'山东省济南市平阴县',2,'平阴县',',1355,1356,',1356),(1364,'2017-06-18 00:26:49','2017-06-18 00:26:49',0,8,'山东省济南市济阳县',2,'济阳县',',1355,1356,',1356),(1365,'2017-06-18 00:26:50','2017-06-18 00:26:50',0,9,'山东省济南市商河县',2,'商河县',',1355,1356,',1356),(1366,'2017-06-18 00:26:51','2017-06-18 00:26:51',0,10,'山东省济南市章丘市',2,'章丘市',',1355,1356,',1356),(1367,'2017-06-18 00:26:52','2017-06-18 00:26:52',0,2,'山东省青岛市',1,'青岛市',',1355,',1355),(1368,'2017-06-18 00:26:53','2017-06-18 00:26:53',0,1,'山东省青岛市市南区',2,'市南区',',1355,1367,',1367),(1369,'2017-06-18 00:26:54','2017-06-18 00:26:54',0,2,'山东省青岛市市北区',2,'市北区',',1355,1367,',1367),(1370,'2017-06-18 00:26:55','2017-06-18 00:26:55',0,3,'山东省青岛市黄岛区',2,'黄岛区',',1355,1367,',1367),(1371,'2017-06-18 00:26:56','2017-06-18 00:26:56',0,4,'山东省青岛市崂山区',2,'崂山区',',1355,1367,',1367),(1372,'2017-06-18 00:26:57','2017-06-18 00:26:57',0,5,'山东省青岛市李沧区',2,'李沧区',',1355,1367,',1367),(1373,'2017-06-18 00:26:58','2017-06-18 00:26:58',0,6,'山东省青岛市城阳区',2,'城阳区',',1355,1367,',1367),(1374,'2017-06-18 00:26:59','2017-06-18 00:26:59',0,7,'山东省青岛市胶州市',2,'胶州市',',1355,1367,',1367),(1375,'2017-06-18 00:27:00','2017-06-18 00:27:00',0,8,'山东省青岛市即墨市',2,'即墨市',',1355,1367,',1367),(1376,'2017-06-18 00:27:01','2017-06-18 00:27:01',0,9,'山东省青岛市平度市',2,'平度市',',1355,1367,',1367),(1377,'2017-06-18 00:27:02','2017-06-18 00:27:02',0,10,'山东省青岛市莱西市',2,'莱西市',',1355,1367,',1367),(1378,'2017-06-18 00:27:03','2017-06-18 00:27:03',0,3,'山东省淄博市',1,'淄博市',',1355,',1355),(1379,'2017-06-18 00:27:04','2017-06-18 00:27:04',0,1,'山东省淄博市淄川区',2,'淄川区',',1355,1378,',1378),(1380,'2017-06-18 00:27:05','2017-06-18 00:27:05',0,2,'山东省淄博市张店区',2,'张店区',',1355,1378,',1378),(1381,'2017-06-18 00:27:06','2017-06-18 00:27:06',0,3,'山东省淄博市博山区',2,'博山区',',1355,1378,',1378),(1382,'2017-06-18 00:27:07','2017-06-18 00:27:07',0,4,'山东省淄博市临淄区',2,'临淄区',',1355,1378,',1378),(1383,'2017-06-18 00:27:08','2017-06-18 00:27:08',0,5,'山东省淄博市周村区',2,'周村区',',1355,1378,',1378),(1384,'2017-06-18 00:27:09','2017-06-18 00:27:09',0,6,'山东省淄博市桓台县',2,'桓台县',',1355,1378,',1378),(1385,'2017-06-18 00:27:10','2017-06-18 00:27:10',0,7,'山东省淄博市高青县',2,'高青县',',1355,1378,',1378),(1386,'2017-06-18 00:27:11','2017-06-18 00:27:11',0,8,'山东省淄博市沂源县',2,'沂源县',',1355,1378,',1378),(1387,'2017-06-18 00:27:12','2017-06-18 00:27:12',0,4,'山东省枣庄市',1,'枣庄市',',1355,',1355),(1388,'2017-06-18 00:27:13','2017-06-18 00:27:13',0,1,'山东省枣庄市市中区',2,'市中区',',1355,1387,',1387),(1389,'2017-06-18 00:27:14','2017-06-18 00:27:14',0,2,'山东省枣庄市薛城区',2,'薛城区',',1355,1387,',1387),(1390,'2017-06-18 00:27:15','2017-06-18 00:27:15',0,3,'山东省枣庄市峄城区',2,'峄城区',',1355,1387,',1387),(1391,'2017-06-18 00:27:16','2017-06-18 00:27:16',0,4,'山东省枣庄市台儿庄区',2,'台儿庄区',',1355,1387,',1387),(1392,'2017-06-18 00:27:17','2017-06-18 00:27:17',0,5,'山东省枣庄市山亭区',2,'山亭区',',1355,1387,',1387),(1393,'2017-06-18 00:27:18','2017-06-18 00:27:18',0,6,'山东省枣庄市滕州市',2,'滕州市',',1355,1387,',1387),(1394,'2017-06-18 00:27:19','2017-06-18 00:27:19',0,5,'山东省东营市',1,'东营市',',1355,',1355),(1395,'2017-06-18 00:27:20','2017-06-18 00:27:20',0,1,'山东省东营市东营区',2,'东营区',',1355,1394,',1394),(1396,'2017-06-18 00:27:21','2017-06-18 00:27:21',0,2,'山东省东营市河口区',2,'河口区',',1355,1394,',1394),(1397,'2017-06-18 00:27:22','2017-06-18 00:27:22',0,3,'山东省东营市垦利县',2,'垦利县',',1355,1394,',1394),(1398,'2017-06-18 00:27:23','2017-06-18 00:27:23',0,4,'山东省东营市利津县',2,'利津县',',1355,1394,',1394),(1399,'2017-06-18 00:27:24','2017-06-18 00:27:24',0,5,'山东省东营市广饶县',2,'广饶县',',1355,1394,',1394),(1400,'2017-06-18 00:27:25','2017-06-18 00:27:25',0,6,'山东省烟台市',1,'烟台市',',1355,',1355),(1401,'2017-06-18 00:27:26','2017-06-18 00:27:26',0,1,'山东省烟台市芝罘区',2,'芝罘区',',1355,1400,',1400),(1402,'2017-06-18 00:27:27','2017-06-18 00:27:27',0,2,'山东省烟台市福山区',2,'福山区',',1355,1400,',1400),(1403,'2017-06-18 00:27:28','2017-06-18 00:27:28',0,3,'山东省烟台市牟平区',2,'牟平区',',1355,1400,',1400),(1404,'2017-06-18 00:27:29','2017-06-18 00:27:29',0,4,'山东省烟台市莱山区',2,'莱山区',',1355,1400,',1400),(1405,'2017-06-18 00:27:30','2017-06-18 00:27:30',0,5,'山东省烟台市长岛县',2,'长岛县',',1355,1400,',1400),(1406,'2017-06-18 00:27:31','2017-06-18 00:27:31',0,6,'山东省烟台市龙口市',2,'龙口市',',1355,1400,',1400),(1407,'2017-06-18 00:27:32','2017-06-18 00:27:32',0,7,'山东省烟台市莱阳市',2,'莱阳市',',1355,1400,',1400),(1408,'2017-06-18 00:27:33','2017-06-18 00:27:33',0,8,'山东省烟台市莱州市',2,'莱州市',',1355,1400,',1400),(1409,'2017-06-18 00:27:34','2017-06-18 00:27:34',0,9,'山东省烟台市蓬莱市',2,'蓬莱市',',1355,1400,',1400),(1410,'2017-06-18 00:27:35','2017-06-18 00:27:35',0,10,'山东省烟台市招远市',2,'招远市',',1355,1400,',1400),(1411,'2017-06-18 00:27:36','2017-06-18 00:27:36',0,11,'山东省烟台市栖霞市',2,'栖霞市',',1355,1400,',1400),(1412,'2017-06-18 00:27:37','2017-06-18 00:27:37',0,12,'山东省烟台市海阳市',2,'海阳市',',1355,1400,',1400),(1413,'2017-06-18 00:27:38','2017-06-18 00:27:38',0,7,'山东省潍坊市',1,'潍坊市',',1355,',1355),(1414,'2017-06-18 00:27:39','2017-06-18 00:27:39',0,1,'山东省潍坊市潍城区',2,'潍城区',',1355,1413,',1413),(1415,'2017-06-18 00:27:40','2017-06-18 00:27:40',0,2,'山东省潍坊市寒亭区',2,'寒亭区',',1355,1413,',1413),(1416,'2017-06-18 00:27:41','2017-06-18 00:27:41',0,3,'山东省潍坊市坊子区',2,'坊子区',',1355,1413,',1413),(1417,'2017-06-18 00:27:42','2017-06-18 00:27:42',0,4,'山东省潍坊市奎文区',2,'奎文区',',1355,1413,',1413),(1418,'2017-06-18 00:27:43','2017-06-18 00:27:43',0,5,'山东省潍坊市临朐县',2,'临朐县',',1355,1413,',1413),(1419,'2017-06-18 00:27:44','2017-06-18 00:27:44',0,6,'山东省潍坊市昌乐县',2,'昌乐县',',1355,1413,',1413),(1420,'2017-06-18 00:27:45','2017-06-18 00:27:45',0,7,'山东省潍坊市青州市',2,'青州市',',1355,1413,',1413),(1421,'2017-06-18 00:27:46','2017-06-18 00:27:46',0,8,'山东省潍坊市诸城市',2,'诸城市',',1355,1413,',1413),(1422,'2017-06-18 00:27:47','2017-06-18 00:27:47',0,9,'山东省潍坊市寿光市',2,'寿光市',',1355,1413,',1413),(1423,'2017-06-18 00:27:48','2017-06-18 00:27:48',0,10,'山东省潍坊市安丘市',2,'安丘市',',1355,1413,',1413),(1424,'2017-06-18 00:27:49','2017-06-18 00:27:49',0,11,'山东省潍坊市高密市',2,'高密市',',1355,1413,',1413),(1425,'2017-06-18 00:27:50','2017-06-18 00:27:50',0,12,'山东省潍坊市昌邑市',2,'昌邑市',',1355,1413,',1413),(1426,'2017-06-18 00:27:51','2017-06-18 00:27:51',0,8,'山东省济宁市',1,'济宁市',',1355,',1355),(1427,'2017-06-18 00:27:52','2017-06-18 00:27:52',0,1,'山东省济宁市市中区',2,'市中区',',1355,1426,',1426),(1428,'2017-06-18 00:27:53','2017-06-18 00:27:53',0,2,'山东省济宁市任城区',2,'任城区',',1355,1426,',1426),(1429,'2017-06-18 00:27:54','2017-06-18 00:27:54',0,3,'山东省济宁市微山县',2,'微山县',',1355,1426,',1426),(1430,'2017-06-18 00:27:55','2017-06-18 00:27:55',0,4,'山东省济宁市鱼台县',2,'鱼台县',',1355,1426,',1426),(1431,'2017-06-18 00:27:56','2017-06-18 00:27:56',0,5,'山东省济宁市金乡县',2,'金乡县',',1355,1426,',1426),(1432,'2017-06-18 00:27:57','2017-06-18 00:27:57',0,6,'山东省济宁市嘉祥县',2,'嘉祥县',',1355,1426,',1426),(1433,'2017-06-18 00:27:58','2017-06-18 00:27:58',0,7,'山东省济宁市汶上县',2,'汶上县',',1355,1426,',1426),(1434,'2017-06-18 00:27:59','2017-06-18 00:27:59',0,8,'山东省济宁市泗水县',2,'泗水县',',1355,1426,',1426),(1435,'2017-06-18 00:28:00','2017-06-18 00:28:00',0,9,'山东省济宁市梁山县',2,'梁山县',',1355,1426,',1426),(1436,'2017-06-18 00:28:01','2017-06-18 00:28:01',0,10,'山东省济宁市曲阜市',2,'曲阜市',',1355,1426,',1426),(1437,'2017-06-18 00:28:02','2017-06-18 00:28:02',0,11,'山东省济宁市兖州市',2,'兖州市',',1355,1426,',1426),(1438,'2017-06-18 00:28:03','2017-06-18 00:28:03',0,12,'山东省济宁市邹城市',2,'邹城市',',1355,1426,',1426),(1439,'2017-06-18 00:28:04','2017-06-18 00:28:04',0,9,'山东省泰安市',1,'泰安市',',1355,',1355),(1440,'2017-06-18 00:28:05','2017-06-18 00:28:05',0,1,'山东省泰安市泰山区',2,'泰山区',',1355,1439,',1439),(1441,'2017-06-18 00:28:06','2017-06-18 00:28:06',0,2,'山东省泰安市岱岳区',2,'岱岳区',',1355,1439,',1439),(1442,'2017-06-18 00:28:07','2017-06-18 00:28:07',0,3,'山东省泰安市宁阳县',2,'宁阳县',',1355,1439,',1439),(1443,'2017-06-18 00:28:08','2017-06-18 00:28:08',0,4,'山东省泰安市东平县',2,'东平县',',1355,1439,',1439),(1444,'2017-06-18 00:28:09','2017-06-18 00:28:09',0,5,'山东省泰安市新泰市',2,'新泰市',',1355,1439,',1439),(1445,'2017-06-18 00:28:10','2017-06-18 00:28:10',0,6,'山东省泰安市肥城市',2,'肥城市',',1355,1439,',1439),(1446,'2017-06-18 00:28:11','2017-06-18 00:28:11',0,10,'山东省威海市',1,'威海市',',1355,',1355),(1447,'2017-06-18 00:28:12','2017-06-18 00:28:12',0,1,'山东省威海市环翠区',2,'环翠区',',1355,1446,',1446),(1448,'2017-06-18 00:28:13','2017-06-18 00:28:13',0,2,'山东省威海市文登市',2,'文登市',',1355,1446,',1446),(1449,'2017-06-18 00:28:14','2017-06-18 00:28:14',0,3,'山东省威海市荣成市',2,'荣成市',',1355,1446,',1446),(1450,'2017-06-18 00:28:15','2017-06-18 00:28:15',0,4,'山东省威海市乳山市',2,'乳山市',',1355,1446,',1446),(1451,'2017-06-18 00:28:16','2017-06-18 00:28:16',0,11,'山东省日照市',1,'日照市',',1355,',1355),(1452,'2017-06-18 00:28:17','2017-06-18 00:28:17',0,1,'山东省日照市东港区',2,'东港区',',1355,1451,',1451),(1453,'2017-06-18 00:28:18','2017-06-18 00:28:18',0,2,'山东省日照市岚山区',2,'岚山区',',1355,1451,',1451),(1454,'2017-06-18 00:28:19','2017-06-18 00:28:19',0,3,'山东省日照市五莲县',2,'五莲县',',1355,1451,',1451),(1455,'2017-06-18 00:28:20','2017-06-18 00:28:20',0,4,'山东省日照市莒县',2,'莒县',',1355,1451,',1451),(1456,'2017-06-18 00:28:21','2017-06-18 00:28:21',0,12,'山东省莱芜市',1,'莱芜市',',1355,',1355),(1457,'2017-06-18 00:28:22','2017-06-18 00:28:22',0,1,'山东省莱芜市莱城区',2,'莱城区',',1355,1456,',1456),(1458,'2017-06-18 00:28:23','2017-06-18 00:28:23',0,2,'山东省莱芜市钢城区',2,'钢城区',',1355,1456,',1456),(1459,'2017-06-18 00:28:24','2017-06-18 00:28:24',0,13,'山东省临沂市',1,'临沂市',',1355,',1355),(1460,'2017-06-18 00:28:25','2017-06-18 00:28:25',0,1,'山东省临沂市兰山区',2,'兰山区',',1355,1459,',1459),(1461,'2017-06-18 00:28:26','2017-06-18 00:28:26',0,2,'山东省临沂市罗庄区',2,'罗庄区',',1355,1459,',1459),(1462,'2017-06-18 00:28:27','2017-06-18 00:28:27',0,3,'山东省临沂市河东区',2,'河东区',',1355,1459,',1459),(1463,'2017-06-18 00:28:28','2017-06-18 00:28:28',0,4,'山东省临沂市沂南县',2,'沂南县',',1355,1459,',1459),(1464,'2017-06-18 00:28:29','2017-06-18 00:28:29',0,5,'山东省临沂市郯城县',2,'郯城县',',1355,1459,',1459),(1465,'2017-06-18 00:28:30','2017-06-18 00:28:30',0,6,'山东省临沂市沂水县',2,'沂水县',',1355,1459,',1459),(1466,'2017-06-18 00:28:31','2017-06-18 00:28:31',0,7,'山东省临沂市苍山县',2,'苍山县',',1355,1459,',1459),(1467,'2017-06-18 00:28:32','2017-06-18 00:28:32',0,8,'山东省临沂市费县',2,'费县',',1355,1459,',1459),(1468,'2017-06-18 00:28:33','2017-06-18 00:28:33',0,9,'山东省临沂市平邑县',2,'平邑县',',1355,1459,',1459),(1469,'2017-06-18 00:28:34','2017-06-18 00:28:34',0,10,'山东省临沂市莒南县',2,'莒南县',',1355,1459,',1459),(1470,'2017-06-18 00:28:35','2017-06-18 00:28:35',0,11,'山东省临沂市蒙阴县',2,'蒙阴县',',1355,1459,',1459),(1471,'2017-06-18 00:28:36','2017-06-18 00:28:36',0,12,'山东省临沂市临沭县',2,'临沭县',',1355,1459,',1459),(1472,'2017-06-18 00:28:37','2017-06-18 00:28:37',0,14,'山东省德州市',1,'德州市',',1355,',1355),(1473,'2017-06-18 00:28:38','2017-06-18 00:28:38',0,1,'山东省德州市德城区',2,'德城区',',1355,1472,',1472),(1474,'2017-06-18 00:28:39','2017-06-18 00:28:39',0,2,'山东省德州市陵县',2,'陵县',',1355,1472,',1472),(1475,'2017-06-18 00:28:40','2017-06-18 00:28:40',0,3,'山东省德州市宁津县',2,'宁津县',',1355,1472,',1472),(1476,'2017-06-18 00:28:41','2017-06-18 00:28:41',0,4,'山东省德州市庆云县',2,'庆云县',',1355,1472,',1472),(1477,'2017-06-18 00:28:42','2017-06-18 00:28:42',0,5,'山东省德州市临邑县',2,'临邑县',',1355,1472,',1472),(1478,'2017-06-18 00:28:43','2017-06-18 00:28:43',0,6,'山东省德州市齐河县',2,'齐河县',',1355,1472,',1472),(1479,'2017-06-18 00:28:44','2017-06-18 00:28:44',0,7,'山东省德州市平原县',2,'平原县',',1355,1472,',1472),(1480,'2017-06-18 00:28:45','2017-06-18 00:28:45',0,8,'山东省德州市夏津县',2,'夏津县',',1355,1472,',1472),(1481,'2017-06-18 00:28:46','2017-06-18 00:28:46',0,9,'山东省德州市武城县',2,'武城县',',1355,1472,',1472),(1482,'2017-06-18 00:28:47','2017-06-18 00:28:47',0,10,'山东省德州市乐陵市',2,'乐陵市',',1355,1472,',1472),(1483,'2017-06-18 00:28:48','2017-06-18 00:28:48',0,11,'山东省德州市禹城市',2,'禹城市',',1355,1472,',1472),(1484,'2017-06-18 00:28:49','2017-06-18 00:28:49',0,15,'山东省聊城市',1,'聊城市',',1355,',1355),(1485,'2017-06-18 00:28:50','2017-06-18 00:28:50',0,1,'山东省聊城市东昌府区',2,'东昌府区',',1355,1484,',1484),(1486,'2017-06-18 00:28:51','2017-06-18 00:28:51',0,2,'山东省聊城市阳谷县',2,'阳谷县',',1355,1484,',1484),(1487,'2017-06-18 00:28:52','2017-06-18 00:28:52',0,3,'山东省聊城市莘县',2,'莘县',',1355,1484,',1484),(1488,'2017-06-18 00:28:53','2017-06-18 00:28:53',0,4,'山东省聊城市茌平县',2,'茌平县',',1355,1484,',1484),(1489,'2017-06-18 00:28:54','2017-06-18 00:28:54',0,5,'山东省聊城市东阿县',2,'东阿县',',1355,1484,',1484),(1490,'2017-06-18 00:28:55','2017-06-18 00:28:55',0,6,'山东省聊城市冠县',2,'冠县',',1355,1484,',1484),(1491,'2017-06-18 00:28:56','2017-06-18 00:28:56',0,7,'山东省聊城市高唐县',2,'高唐县',',1355,1484,',1484),(1492,'2017-06-18 00:28:57','2017-06-18 00:28:57',0,8,'山东省聊城市临清市',2,'临清市',',1355,1484,',1484),(1493,'2017-06-18 00:28:58','2017-06-18 00:28:58',0,16,'山东省滨州市',1,'滨州市',',1355,',1355),(1494,'2017-06-18 00:28:59','2017-06-18 00:28:59',0,1,'山东省滨州市滨城区',2,'滨城区',',1355,1493,',1493),(1495,'2017-06-18 00:29:00','2017-06-18 00:29:00',0,2,'山东省滨州市惠民县',2,'惠民县',',1355,1493,',1493),(1496,'2017-06-18 00:29:01','2017-06-18 00:29:01',0,3,'山东省滨州市阳信县',2,'阳信县',',1355,1493,',1493),(1497,'2017-06-18 00:29:02','2017-06-18 00:29:02',0,4,'山东省滨州市无棣县',2,'无棣县',',1355,1493,',1493),(1498,'2017-06-18 00:29:03','2017-06-18 00:29:03',0,5,'山东省滨州市沾化县',2,'沾化县',',1355,1493,',1493),(1499,'2017-06-18 00:29:04','2017-06-18 00:29:04',0,6,'山东省滨州市博兴县',2,'博兴县',',1355,1493,',1493),(1500,'2017-06-18 00:29:05','2017-06-18 00:29:05',0,7,'山东省滨州市邹平县',2,'邹平县',',1355,1493,',1493),(1501,'2017-06-18 00:29:06','2017-06-18 00:29:06',0,17,'山东省菏泽市',1,'菏泽市',',1355,',1355),(1502,'2017-06-18 00:29:07','2017-06-18 00:29:07',0,1,'山东省菏泽市牡丹区',2,'牡丹区',',1355,1501,',1501),(1503,'2017-06-18 00:29:08','2017-06-18 00:29:08',0,2,'山东省菏泽市曹县',2,'曹县',',1355,1501,',1501),(1504,'2017-06-18 00:29:09','2017-06-18 00:29:09',0,3,'山东省菏泽市单县',2,'单县',',1355,1501,',1501),(1505,'2017-06-18 00:29:10','2017-06-18 00:29:10',0,4,'山东省菏泽市成武县',2,'成武县',',1355,1501,',1501),(1506,'2017-06-18 00:29:11','2017-06-18 00:29:11',0,5,'山东省菏泽市巨野县',2,'巨野县',',1355,1501,',1501),(1507,'2017-06-18 00:29:12','2017-06-18 00:29:12',0,6,'山东省菏泽市郓城县',2,'郓城县',',1355,1501,',1501),(1508,'2017-06-18 00:29:13','2017-06-18 00:29:13',0,7,'山东省菏泽市鄄城县',2,'鄄城县',',1355,1501,',1501),(1509,'2017-06-18 00:29:14','2017-06-18 00:29:14',0,8,'山东省菏泽市定陶县',2,'定陶县',',1355,1501,',1501),(1510,'2017-06-18 00:29:15','2017-06-18 00:29:15',0,9,'山东省菏泽市东明县',2,'东明县',',1355,1501,',1501),(1511,'2017-06-18 00:29:16','2017-06-18 00:29:16',0,16,'河南省',0,'河南省',',',NULL),(1512,'2017-06-18 00:29:17','2017-06-18 00:29:17',0,1,'河南省郑州市',1,'郑州市',',1511,',1511),(1513,'2017-06-18 00:29:18','2017-06-18 00:29:18',0,1,'河南省郑州市中原区',2,'中原区',',1511,1512,',1512),(1514,'2017-06-18 00:29:19','2017-06-18 00:29:19',0,2,'河南省郑州市二七区',2,'二七区',',1511,1512,',1512),(1515,'2017-06-18 00:29:20','2017-06-18 00:29:20',0,3,'河南省郑州市管城回族区',2,'管城回族区',',1511,1512,',1512),(1516,'2017-06-18 00:29:21','2017-06-18 00:29:21',0,4,'河南省郑州市金水区',2,'金水区',',1511,1512,',1512),(1517,'2017-06-18 00:29:22','2017-06-18 00:29:22',0,5,'河南省郑州市上街区',2,'上街区',',1511,1512,',1512),(1518,'2017-06-18 00:29:23','2017-06-18 00:29:23',0,6,'河南省郑州市惠济区',2,'惠济区',',1511,1512,',1512),(1519,'2017-06-18 00:29:24','2017-06-18 00:29:24',0,7,'河南省郑州市中牟县',2,'中牟县',',1511,1512,',1512),(1520,'2017-06-18 00:29:25','2017-06-18 00:29:25',0,8,'河南省郑州市巩义市',2,'巩义市',',1511,1512,',1512),(1521,'2017-06-18 00:29:26','2017-06-18 00:29:26',0,9,'河南省郑州市荥阳市',2,'荥阳市',',1511,1512,',1512),(1522,'2017-06-18 00:29:27','2017-06-18 00:29:27',0,10,'河南省郑州市新密市',2,'新密市',',1511,1512,',1512),(1523,'2017-06-18 00:29:28','2017-06-18 00:29:28',0,11,'河南省郑州市新郑市',2,'新郑市',',1511,1512,',1512),(1524,'2017-06-18 00:29:29','2017-06-18 00:29:29',0,12,'河南省郑州市登封市',2,'登封市',',1511,1512,',1512),(1525,'2017-06-18 00:29:30','2017-06-18 00:29:30',0,2,'河南省开封市',1,'开封市',',1511,',1511),(1526,'2017-06-18 00:29:31','2017-06-18 00:29:31',0,1,'河南省开封市龙亭区',2,'龙亭区',',1511,1525,',1525),(1527,'2017-06-18 00:29:32','2017-06-18 00:29:32',0,2,'河南省开封市顺河回族区',2,'顺河回族区',',1511,1525,',1525),(1528,'2017-06-18 00:29:33','2017-06-18 00:29:33',0,3,'河南省开封市鼓楼区',2,'鼓楼区',',1511,1525,',1525),(1529,'2017-06-18 00:29:34','2017-06-18 00:29:34',0,4,'河南省开封市禹王台区',2,'禹王台区',',1511,1525,',1525),(1530,'2017-06-18 00:29:35','2017-06-18 00:29:35',0,5,'河南省开封市金明区',2,'金明区',',1511,1525,',1525),(1531,'2017-06-18 00:29:36','2017-06-18 00:29:36',0,6,'河南省开封市杞县',2,'杞县',',1511,1525,',1525),(1532,'2017-06-18 00:29:37','2017-06-18 00:29:37',0,7,'河南省开封市通许县',2,'通许县',',1511,1525,',1525),(1533,'2017-06-18 00:29:38','2017-06-18 00:29:38',0,8,'河南省开封市尉氏县',2,'尉氏县',',1511,1525,',1525),(1534,'2017-06-18 00:29:39','2017-06-18 00:29:39',0,9,'河南省开封市开封县',2,'开封县',',1511,1525,',1525),(1535,'2017-06-18 00:29:40','2017-06-18 00:29:40',0,10,'河南省开封市兰考县',2,'兰考县',',1511,1525,',1525),(1536,'2017-06-18 00:29:41','2017-06-18 00:29:41',0,3,'河南省洛阳市',1,'洛阳市',',1511,',1511),(1537,'2017-06-18 00:29:42','2017-06-18 00:29:42',0,1,'河南省洛阳市老城区',2,'老城区',',1511,1536,',1536),(1538,'2017-06-18 00:29:43','2017-06-18 00:29:43',0,2,'河南省洛阳市西工区',2,'西工区',',1511,1536,',1536),(1539,'2017-06-18 00:29:44','2017-06-18 00:29:44',0,3,'河南省洛阳市瀍河回族区',2,'瀍河回族区',',1511,1536,',1536),(1540,'2017-06-18 00:29:45','2017-06-18 00:29:45',0,4,'河南省洛阳市涧西区',2,'涧西区',',1511,1536,',1536),(1541,'2017-06-18 00:29:46','2017-06-18 00:29:46',0,5,'河南省洛阳市吉利区',2,'吉利区',',1511,1536,',1536),(1542,'2017-06-18 00:29:47','2017-06-18 00:29:47',0,6,'河南省洛阳市洛龙区',2,'洛龙区',',1511,1536,',1536),(1543,'2017-06-18 00:29:48','2017-06-18 00:29:48',0,7,'河南省洛阳市孟津县',2,'孟津县',',1511,1536,',1536),(1544,'2017-06-18 00:29:49','2017-06-18 00:29:49',0,8,'河南省洛阳市新安县',2,'新安县',',1511,1536,',1536),(1545,'2017-06-18 00:29:50','2017-06-18 00:29:50',0,9,'河南省洛阳市栾川县',2,'栾川县',',1511,1536,',1536),(1546,'2017-06-18 00:29:51','2017-06-18 00:29:51',0,10,'河南省洛阳市嵩县',2,'嵩县',',1511,1536,',1536),(1547,'2017-06-18 00:29:52','2017-06-18 00:29:52',0,11,'河南省洛阳市汝阳县',2,'汝阳县',',1511,1536,',1536),(1548,'2017-06-18 00:29:53','2017-06-18 00:29:53',0,12,'河南省洛阳市宜阳县',2,'宜阳县',',1511,1536,',1536),(1549,'2017-06-18 00:29:54','2017-06-18 00:29:54',0,13,'河南省洛阳市洛宁县',2,'洛宁县',',1511,1536,',1536),(1550,'2017-06-18 00:29:55','2017-06-18 00:29:55',0,14,'河南省洛阳市伊川县',2,'伊川县',',1511,1536,',1536),(1551,'2017-06-18 00:29:56','2017-06-18 00:29:56',0,15,'河南省洛阳市偃师市',2,'偃师市',',1511,1536,',1536),(1552,'2017-06-18 00:29:57','2017-06-18 00:29:57',0,4,'河南省平顶山市',1,'平顶山市',',1511,',1511),(1553,'2017-06-18 00:29:58','2017-06-18 00:29:58',0,1,'河南省平顶山市新华区',2,'新华区',',1511,1552,',1552),(1554,'2017-06-18 00:29:59','2017-06-18 00:29:59',0,2,'河南省平顶山市卫东区',2,'卫东区',',1511,1552,',1552),(1555,'2017-06-18 00:30:00','2017-06-18 00:30:00',0,3,'河南省平顶山市石龙区',2,'石龙区',',1511,1552,',1552),(1556,'2017-06-18 00:30:01','2017-06-18 00:30:01',0,4,'河南省平顶山市湛河区',2,'湛河区',',1511,1552,',1552),(1557,'2017-06-18 00:30:02','2017-06-18 00:30:02',0,5,'河南省平顶山市宝丰县',2,'宝丰县',',1511,1552,',1552),(1558,'2017-06-18 00:30:03','2017-06-18 00:30:03',0,6,'河南省平顶山市叶县',2,'叶县',',1511,1552,',1552),(1559,'2017-06-18 00:30:04','2017-06-18 00:30:04',0,7,'河南省平顶山市鲁山县',2,'鲁山县',',1511,1552,',1552),(1560,'2017-06-18 00:30:05','2017-06-18 00:30:05',0,8,'河南省平顶山市郏县',2,'郏县',',1511,1552,',1552),(1561,'2017-06-18 00:30:06','2017-06-18 00:30:06',0,9,'河南省平顶山市舞钢市',2,'舞钢市',',1511,1552,',1552),(1562,'2017-06-18 00:30:07','2017-06-18 00:30:07',0,10,'河南省平顶山市汝州市',2,'汝州市',',1511,1552,',1552),(1563,'2017-06-18 00:30:08','2017-06-18 00:30:08',0,5,'河南省安阳市',1,'安阳市',',1511,',1511),(1564,'2017-06-18 00:30:09','2017-06-18 00:30:09',0,1,'河南省安阳市文峰区',2,'文峰区',',1511,1563,',1563),(1565,'2017-06-18 00:30:10','2017-06-18 00:30:10',0,2,'河南省安阳市北关区',2,'北关区',',1511,1563,',1563),(1566,'2017-06-18 00:30:11','2017-06-18 00:30:11',0,3,'河南省安阳市殷都区',2,'殷都区',',1511,1563,',1563),(1567,'2017-06-18 00:30:12','2017-06-18 00:30:12',0,4,'河南省安阳市龙安区',2,'龙安区',',1511,1563,',1563),(1568,'2017-06-18 00:30:13','2017-06-18 00:30:13',0,5,'河南省安阳市安阳县',2,'安阳县',',1511,1563,',1563),(1569,'2017-06-18 00:30:14','2017-06-18 00:30:14',0,6,'河南省安阳市汤阴县',2,'汤阴县',',1511,1563,',1563),(1570,'2017-06-18 00:30:15','2017-06-18 00:30:15',0,7,'河南省安阳市滑县',2,'滑县',',1511,1563,',1563),(1571,'2017-06-18 00:30:16','2017-06-18 00:30:16',0,8,'河南省安阳市内黄县',2,'内黄县',',1511,1563,',1563),(1572,'2017-06-18 00:30:17','2017-06-18 00:30:17',0,9,'河南省安阳市林州市',2,'林州市',',1511,1563,',1563),(1573,'2017-06-18 00:30:18','2017-06-18 00:30:18',0,6,'河南省鹤壁市',1,'鹤壁市',',1511,',1511),(1574,'2017-06-18 00:30:19','2017-06-18 00:30:19',0,1,'河南省鹤壁市鹤山区',2,'鹤山区',',1511,1573,',1573),(1575,'2017-06-18 00:30:20','2017-06-18 00:30:20',0,2,'河南省鹤壁市山城区',2,'山城区',',1511,1573,',1573),(1576,'2017-06-18 00:30:21','2017-06-18 00:30:21',0,3,'河南省鹤壁市淇滨区',2,'淇滨区',',1511,1573,',1573),(1577,'2017-06-18 00:30:22','2017-06-18 00:30:22',0,4,'河南省鹤壁市浚县',2,'浚县',',1511,1573,',1573),(1578,'2017-06-18 00:30:23','2017-06-18 00:30:23',0,5,'河南省鹤壁市淇县',2,'淇县',',1511,1573,',1573),(1579,'2017-06-18 00:30:24','2017-06-18 00:30:24',0,7,'河南省新乡市',1,'新乡市',',1511,',1511),(1580,'2017-06-18 00:30:25','2017-06-18 00:30:25',0,1,'河南省新乡市红旗区',2,'红旗区',',1511,1579,',1579),(1581,'2017-06-18 00:30:26','2017-06-18 00:30:26',0,2,'河南省新乡市卫滨区',2,'卫滨区',',1511,1579,',1579),(1582,'2017-06-18 00:30:27','2017-06-18 00:30:27',0,3,'河南省新乡市凤泉区',2,'凤泉区',',1511,1579,',1579),(1583,'2017-06-18 00:30:28','2017-06-18 00:30:28',0,4,'河南省新乡市牧野区',2,'牧野区',',1511,1579,',1579),(1584,'2017-06-18 00:30:29','2017-06-18 00:30:29',0,5,'河南省新乡市新乡县',2,'新乡县',',1511,1579,',1579),(1585,'2017-06-18 00:30:30','2017-06-18 00:30:30',0,6,'河南省新乡市获嘉县',2,'获嘉县',',1511,1579,',1579),(1586,'2017-06-18 00:30:31','2017-06-18 00:30:31',0,7,'河南省新乡市原阳县',2,'原阳县',',1511,1579,',1579),(1587,'2017-06-18 00:30:32','2017-06-18 00:30:32',0,8,'河南省新乡市延津县',2,'延津县',',1511,1579,',1579),(1588,'2017-06-18 00:30:33','2017-06-18 00:30:33',0,9,'河南省新乡市封丘县',2,'封丘县',',1511,1579,',1579),(1589,'2017-06-18 00:30:34','2017-06-18 00:30:34',0,10,'河南省新乡市长垣县',2,'长垣县',',1511,1579,',1579),(1590,'2017-06-18 00:30:35','2017-06-18 00:30:35',0,11,'河南省新乡市卫辉市',2,'卫辉市',',1511,1579,',1579),(1591,'2017-06-18 00:30:36','2017-06-18 00:30:36',0,12,'河南省新乡市辉县市',2,'辉县市',',1511,1579,',1579),(1592,'2017-06-18 00:30:37','2017-06-18 00:30:37',0,8,'河南省焦作市',1,'焦作市',',1511,',1511),(1593,'2017-06-18 00:30:38','2017-06-18 00:30:38',0,1,'河南省焦作市解放区',2,'解放区',',1511,1592,',1592),(1594,'2017-06-18 00:30:39','2017-06-18 00:30:39',0,2,'河南省焦作市中站区',2,'中站区',',1511,1592,',1592),(1595,'2017-06-18 00:30:40','2017-06-18 00:30:40',0,3,'河南省焦作市马村区',2,'马村区',',1511,1592,',1592),(1596,'2017-06-18 00:30:41','2017-06-18 00:30:41',0,4,'河南省焦作市山阳区',2,'山阳区',',1511,1592,',1592),(1597,'2017-06-18 00:30:42','2017-06-18 00:30:42',0,5,'河南省焦作市修武县',2,'修武县',',1511,1592,',1592),(1598,'2017-06-18 00:30:43','2017-06-18 00:30:43',0,6,'河南省焦作市博爱县',2,'博爱县',',1511,1592,',1592),(1599,'2017-06-18 00:30:44','2017-06-18 00:30:44',0,7,'河南省焦作市武陟县',2,'武陟县',',1511,1592,',1592),(1600,'2017-06-18 00:30:45','2017-06-18 00:30:45',0,8,'河南省焦作市温县',2,'温县',',1511,1592,',1592),(1601,'2017-06-18 00:30:46','2017-06-18 00:30:46',0,9,'河南省焦作市沁阳市',2,'沁阳市',',1511,1592,',1592),(1602,'2017-06-18 00:30:47','2017-06-18 00:30:47',0,10,'河南省焦作市孟州市',2,'孟州市',',1511,1592,',1592),(1603,'2017-06-18 00:30:48','2017-06-18 00:30:48',0,9,'河南省濮阳市',1,'濮阳市',',1511,',1511),(1604,'2017-06-18 00:30:49','2017-06-18 00:30:49',0,1,'河南省濮阳市华龙区',2,'华龙区',',1511,1603,',1603),(1605,'2017-06-18 00:30:50','2017-06-18 00:30:50',0,2,'河南省濮阳市清丰县',2,'清丰县',',1511,1603,',1603),(1606,'2017-06-18 00:30:51','2017-06-18 00:30:51',0,3,'河南省濮阳市南乐县',2,'南乐县',',1511,1603,',1603),(1607,'2017-06-18 00:30:52','2017-06-18 00:30:52',0,4,'河南省濮阳市范县',2,'范县',',1511,1603,',1603),(1608,'2017-06-18 00:30:53','2017-06-18 00:30:53',0,5,'河南省濮阳市台前县',2,'台前县',',1511,1603,',1603),(1609,'2017-06-18 00:30:54','2017-06-18 00:30:54',0,6,'河南省濮阳市濮阳县',2,'濮阳县',',1511,1603,',1603),(1610,'2017-06-18 00:30:55','2017-06-18 00:30:55',0,10,'河南省许昌市',1,'许昌市',',1511,',1511),(1611,'2017-06-18 00:30:56','2017-06-18 00:30:56',0,1,'河南省许昌市魏都区',2,'魏都区',',1511,1610,',1610),(1612,'2017-06-18 00:30:57','2017-06-18 00:30:57',0,2,'河南省许昌市许昌县',2,'许昌县',',1511,1610,',1610),(1613,'2017-06-18 00:30:58','2017-06-18 00:30:58',0,3,'河南省许昌市鄢陵县',2,'鄢陵县',',1511,1610,',1610),(1614,'2017-06-18 00:30:59','2017-06-18 00:30:59',0,4,'河南省许昌市襄城县',2,'襄城县',',1511,1610,',1610),(1615,'2017-06-18 00:31:00','2017-06-18 00:31:00',0,5,'河南省许昌市禹州市',2,'禹州市',',1511,1610,',1610),(1616,'2017-06-18 00:31:01','2017-06-18 00:31:01',0,6,'河南省许昌市长葛市',2,'长葛市',',1511,1610,',1610),(1617,'2017-06-18 00:31:02','2017-06-18 00:31:02',0,11,'河南省漯河市',1,'漯河市',',1511,',1511),(1618,'2017-06-18 00:31:03','2017-06-18 00:31:03',0,1,'河南省漯河市源汇区',2,'源汇区',',1511,1617,',1617),(1619,'2017-06-18 00:31:04','2017-06-18 00:31:04',0,2,'河南省漯河市郾城区',2,'郾城区',',1511,1617,',1617),(1620,'2017-06-18 00:31:05','2017-06-18 00:31:05',0,3,'河南省漯河市召陵区',2,'召陵区',',1511,1617,',1617),(1621,'2017-06-18 00:31:06','2017-06-18 00:31:06',0,4,'河南省漯河市舞阳县',2,'舞阳县',',1511,1617,',1617),(1622,'2017-06-18 00:31:07','2017-06-18 00:31:07',0,5,'河南省漯河市临颍县',2,'临颍县',',1511,1617,',1617),(1623,'2017-06-18 00:31:08','2017-06-18 00:31:08',0,12,'河南省三门峡市',1,'三门峡市',',1511,',1511),(1624,'2017-06-18 00:31:09','2017-06-18 00:31:09',0,1,'河南省三门峡市湖滨区',2,'湖滨区',',1511,1623,',1623),(1625,'2017-06-18 00:31:10','2017-06-18 00:31:10',0,2,'河南省三门峡市渑池县',2,'渑池县',',1511,1623,',1623),(1626,'2017-06-18 00:31:11','2017-06-18 00:31:11',0,3,'河南省三门峡市陕县',2,'陕县',',1511,1623,',1623),(1627,'2017-06-18 00:31:12','2017-06-18 00:31:12',0,4,'河南省三门峡市卢氏县',2,'卢氏县',',1511,1623,',1623),(1628,'2017-06-18 00:31:13','2017-06-18 00:31:13',0,5,'河南省三门峡市义马市',2,'义马市',',1511,1623,',1623),(1629,'2017-06-18 00:31:14','2017-06-18 00:31:14',0,6,'河南省三门峡市灵宝市',2,'灵宝市',',1511,1623,',1623),(1630,'2017-06-18 00:31:15','2017-06-18 00:31:15',0,13,'河南省南阳市',1,'南阳市',',1511,',1511),(1631,'2017-06-18 00:31:16','2017-06-18 00:31:16',0,1,'河南省南阳市宛城区',2,'宛城区',',1511,1630,',1630),(1632,'2017-06-18 00:31:17','2017-06-18 00:31:17',0,2,'河南省南阳市卧龙区',2,'卧龙区',',1511,1630,',1630),(1633,'2017-06-18 00:31:18','2017-06-18 00:31:18',0,3,'河南省南阳市南召县',2,'南召县',',1511,1630,',1630),(1634,'2017-06-18 00:31:19','2017-06-18 00:31:19',0,4,'河南省南阳市方城县',2,'方城县',',1511,1630,',1630),(1635,'2017-06-18 00:31:20','2017-06-18 00:31:20',0,5,'河南省南阳市西峡县',2,'西峡县',',1511,1630,',1630),(1636,'2017-06-18 00:31:21','2017-06-18 00:31:21',0,6,'河南省南阳市镇平县',2,'镇平县',',1511,1630,',1630),(1637,'2017-06-18 00:31:22','2017-06-18 00:31:22',0,7,'河南省南阳市内乡县',2,'内乡县',',1511,1630,',1630),(1638,'2017-06-18 00:31:23','2017-06-18 00:31:23',0,8,'河南省南阳市淅川县',2,'淅川县',',1511,1630,',1630),(1639,'2017-06-18 00:31:24','2017-06-18 00:31:24',0,9,'河南省南阳市社旗县',2,'社旗县',',1511,1630,',1630),(1640,'2017-06-18 00:31:25','2017-06-18 00:31:25',0,10,'河南省南阳市唐河县',2,'唐河县',',1511,1630,',1630),(1641,'2017-06-18 00:31:26','2017-06-18 00:31:26',0,11,'河南省南阳市新野县',2,'新野县',',1511,1630,',1630),(1642,'2017-06-18 00:31:27','2017-06-18 00:31:27',0,12,'河南省南阳市桐柏县',2,'桐柏县',',1511,1630,',1630),(1643,'2017-06-18 00:31:28','2017-06-18 00:31:28',0,13,'河南省南阳市邓州市',2,'邓州市',',1511,1630,',1630),(1644,'2017-06-18 00:31:29','2017-06-18 00:31:29',0,14,'河南省商丘市',1,'商丘市',',1511,',1511),(1645,'2017-06-18 00:31:30','2017-06-18 00:31:30',0,1,'河南省商丘市梁园区',2,'梁园区',',1511,1644,',1644),(1646,'2017-06-18 00:31:31','2017-06-18 00:31:31',0,2,'河南省商丘市睢阳区',2,'睢阳区',',1511,1644,',1644),(1647,'2017-06-18 00:31:32','2017-06-18 00:31:32',0,3,'河南省商丘市民权县',2,'民权县',',1511,1644,',1644),(1648,'2017-06-18 00:31:33','2017-06-18 00:31:33',0,4,'河南省商丘市睢县',2,'睢县',',1511,1644,',1644),(1649,'2017-06-18 00:31:34','2017-06-18 00:31:34',0,5,'河南省商丘市宁陵县',2,'宁陵县',',1511,1644,',1644),(1650,'2017-06-18 00:31:35','2017-06-18 00:31:35',0,6,'河南省商丘市柘城县',2,'柘城县',',1511,1644,',1644),(1651,'2017-06-18 00:31:36','2017-06-18 00:31:36',0,7,'河南省商丘市虞城县',2,'虞城县',',1511,1644,',1644),(1652,'2017-06-18 00:31:37','2017-06-18 00:31:37',0,8,'河南省商丘市夏邑县',2,'夏邑县',',1511,1644,',1644),(1653,'2017-06-18 00:31:38','2017-06-18 00:31:38',0,9,'河南省商丘市永城市',2,'永城市',',1511,1644,',1644),(1654,'2017-06-18 00:31:39','2017-06-18 00:31:39',0,15,'河南省信阳市',1,'信阳市',',1511,',1511),(1655,'2017-06-18 00:31:40','2017-06-18 00:31:40',0,1,'河南省信阳市浉河区',2,'浉河区',',1511,1654,',1654),(1656,'2017-06-18 00:31:41','2017-06-18 00:31:41',0,2,'河南省信阳市平桥区',2,'平桥区',',1511,1654,',1654),(1657,'2017-06-18 00:31:42','2017-06-18 00:31:42',0,3,'河南省信阳市罗山县',2,'罗山县',',1511,1654,',1654),(1658,'2017-06-18 00:31:43','2017-06-18 00:31:43',0,4,'河南省信阳市光山县',2,'光山县',',1511,1654,',1654),(1659,'2017-06-18 00:31:44','2017-06-18 00:31:44',0,5,'河南省信阳市新县',2,'新县',',1511,1654,',1654),(1660,'2017-06-18 00:31:45','2017-06-18 00:31:45',0,6,'河南省信阳市商城县',2,'商城县',',1511,1654,',1654),(1661,'2017-06-18 00:31:46','2017-06-18 00:31:46',0,7,'河南省信阳市固始县',2,'固始县',',1511,1654,',1654),(1662,'2017-06-18 00:31:47','2017-06-18 00:31:47',0,8,'河南省信阳市潢川县',2,'潢川县',',1511,1654,',1654),(1663,'2017-06-18 00:31:48','2017-06-18 00:31:48',0,9,'河南省信阳市淮滨县',2,'淮滨县',',1511,1654,',1654),(1664,'2017-06-18 00:31:49','2017-06-18 00:31:49',0,10,'河南省信阳市息县',2,'息县',',1511,1654,',1654),(1665,'2017-06-18 00:31:50','2017-06-18 00:31:50',0,16,'河南省周口市',1,'周口市',',1511,',1511),(1666,'2017-06-18 00:31:51','2017-06-18 00:31:51',0,1,'河南省周口市川汇区',2,'川汇区',',1511,1665,',1665),(1667,'2017-06-18 00:31:52','2017-06-18 00:31:52',0,2,'河南省周口市扶沟县',2,'扶沟县',',1511,1665,',1665),(1668,'2017-06-18 00:31:53','2017-06-18 00:31:53',0,3,'河南省周口市西华县',2,'西华县',',1511,1665,',1665),(1669,'2017-06-18 00:31:54','2017-06-18 00:31:54',0,4,'河南省周口市商水县',2,'商水县',',1511,1665,',1665),(1670,'2017-06-18 00:31:55','2017-06-18 00:31:55',0,5,'河南省周口市沈丘县',2,'沈丘县',',1511,1665,',1665),(1671,'2017-06-18 00:31:56','2017-06-18 00:31:56',0,6,'河南省周口市郸城县',2,'郸城县',',1511,1665,',1665),(1672,'2017-06-18 00:31:57','2017-06-18 00:31:57',0,7,'河南省周口市淮阳县',2,'淮阳县',',1511,1665,',1665),(1673,'2017-06-18 00:31:58','2017-06-18 00:31:58',0,8,'河南省周口市太康县',2,'太康县',',1511,1665,',1665),(1674,'2017-06-18 00:31:59','2017-06-18 00:31:59',0,9,'河南省周口市鹿邑县',2,'鹿邑县',',1511,1665,',1665),(1675,'2017-06-18 00:32:00','2017-06-18 00:32:00',0,10,'河南省周口市项城市',2,'项城市',',1511,1665,',1665),(1676,'2017-06-18 00:32:01','2017-06-18 00:32:01',0,17,'河南省驻马店市',1,'驻马店市',',1511,',1511),(1677,'2017-06-18 00:32:02','2017-06-18 00:32:02',0,1,'河南省驻马店市驿城区',2,'驿城区',',1511,1676,',1676),(1678,'2017-06-18 00:32:03','2017-06-18 00:32:03',0,2,'河南省驻马店市西平县',2,'西平县',',1511,1676,',1676),(1679,'2017-06-18 00:32:04','2017-06-18 00:32:04',0,3,'河南省驻马店市上蔡县',2,'上蔡县',',1511,1676,',1676),(1680,'2017-06-18 00:32:05','2017-06-18 00:32:05',0,4,'河南省驻马店市平舆县',2,'平舆县',',1511,1676,',1676),(1681,'2017-06-18 00:32:06','2017-06-18 00:32:06',0,5,'河南省驻马店市正阳县',2,'正阳县',',1511,1676,',1676),(1682,'2017-06-18 00:32:07','2017-06-18 00:32:07',0,6,'河南省驻马店市确山县',2,'确山县',',1511,1676,',1676),(1683,'2017-06-18 00:32:08','2017-06-18 00:32:08',0,7,'河南省驻马店市泌阳县',2,'泌阳县',',1511,1676,',1676),(1684,'2017-06-18 00:32:09','2017-06-18 00:32:09',0,8,'河南省驻马店市汝南县',2,'汝南县',',1511,1676,',1676),(1685,'2017-06-18 00:32:10','2017-06-18 00:32:10',0,9,'河南省驻马店市遂平县',2,'遂平县',',1511,1676,',1676),(1686,'2017-06-18 00:32:11','2017-06-18 00:32:11',0,10,'河南省驻马店市新蔡县',2,'新蔡县',',1511,1676,',1676),(1687,'2017-06-18 00:32:12','2017-06-18 00:32:12',0,18,'河南省济源市',1,'济源市',',1511,',1511),(1688,'2017-06-18 00:32:13','2017-06-18 00:32:13',0,17,'湖北省',0,'湖北省',',',NULL),(1689,'2017-06-18 00:32:14','2017-06-18 00:32:14',0,1,'湖北省武汉市',1,'武汉市',',1688,',1688),(1690,'2017-06-18 00:32:15','2017-06-18 00:32:15',0,1,'湖北省武汉市江岸区',2,'江岸区',',1688,1689,',1689),(1691,'2017-06-18 00:32:16','2017-06-18 00:32:16',0,2,'湖北省武汉市江汉区',2,'江汉区',',1688,1689,',1689),(1692,'2017-06-18 00:32:17','2017-06-18 00:32:17',0,3,'湖北省武汉市硚口区',2,'硚口区',',1688,1689,',1689),(1693,'2017-06-18 00:32:18','2017-06-18 00:32:18',0,4,'湖北省武汉市汉阳区',2,'汉阳区',',1688,1689,',1689),(1694,'2017-06-18 00:32:19','2017-06-18 00:32:19',0,5,'湖北省武汉市武昌区',2,'武昌区',',1688,1689,',1689),(1695,'2017-06-18 00:32:20','2017-06-18 00:32:20',0,6,'湖北省武汉市青山区',2,'青山区',',1688,1689,',1689),(1696,'2017-06-18 00:32:21','2017-06-18 00:32:21',0,7,'湖北省武汉市洪山区',2,'洪山区',',1688,1689,',1689),(1697,'2017-06-18 00:32:22','2017-06-18 00:32:22',0,8,'湖北省武汉市东西湖区',2,'东西湖区',',1688,1689,',1689),(1698,'2017-06-18 00:32:23','2017-06-18 00:32:23',0,9,'湖北省武汉市汉南区',2,'汉南区',',1688,1689,',1689),(1699,'2017-06-18 00:32:24','2017-06-18 00:32:24',0,10,'湖北省武汉市蔡甸区',2,'蔡甸区',',1688,1689,',1689),(1700,'2017-06-18 00:32:25','2017-06-18 00:32:25',0,11,'湖北省武汉市江夏区',2,'江夏区',',1688,1689,',1689),(1701,'2017-06-18 00:32:26','2017-06-18 00:32:26',0,12,'湖北省武汉市黄陂区',2,'黄陂区',',1688,1689,',1689),(1702,'2017-06-18 00:32:27','2017-06-18 00:32:27',0,13,'湖北省武汉市新洲区',2,'新洲区',',1688,1689,',1689),(1703,'2017-06-18 00:32:28','2017-06-18 00:32:28',0,2,'湖北省黄石市',1,'黄石市',',1688,',1688),(1704,'2017-06-18 00:32:29','2017-06-18 00:32:29',0,1,'湖北省黄石市黄石港区',2,'黄石港区',',1688,1703,',1703),(1705,'2017-06-18 00:32:30','2017-06-18 00:32:30',0,2,'湖北省黄石市西塞山区',2,'西塞山区',',1688,1703,',1703),(1706,'2017-06-18 00:32:31','2017-06-18 00:32:31',0,3,'湖北省黄石市下陆区',2,'下陆区',',1688,1703,',1703),(1707,'2017-06-18 00:32:32','2017-06-18 00:32:32',0,4,'湖北省黄石市铁山区',2,'铁山区',',1688,1703,',1703),(1708,'2017-06-18 00:32:33','2017-06-18 00:32:33',0,5,'湖北省黄石市阳新县',2,'阳新县',',1688,1703,',1703),(1709,'2017-06-18 00:32:34','2017-06-18 00:32:34',0,6,'湖北省黄石市大冶市',2,'大冶市',',1688,1703,',1703),(1710,'2017-06-18 00:32:35','2017-06-18 00:32:35',0,3,'湖北省十堰市',1,'十堰市',',1688,',1688),(1711,'2017-06-18 00:32:36','2017-06-18 00:32:36',0,1,'湖北省十堰市茅箭区',2,'茅箭区',',1688,1710,',1710),(1712,'2017-06-18 00:32:37','2017-06-18 00:32:37',0,2,'湖北省十堰市张湾区',2,'张湾区',',1688,1710,',1710),(1713,'2017-06-18 00:32:38','2017-06-18 00:32:38',0,3,'湖北省十堰市郧县',2,'郧县',',1688,1710,',1710),(1714,'2017-06-18 00:32:39','2017-06-18 00:32:39',0,4,'湖北省十堰市郧西县',2,'郧西县',',1688,1710,',1710),(1715,'2017-06-18 00:32:40','2017-06-18 00:32:40',0,5,'湖北省十堰市竹山县',2,'竹山县',',1688,1710,',1710),(1716,'2017-06-18 00:32:41','2017-06-18 00:32:41',0,6,'湖北省十堰市竹溪县',2,'竹溪县',',1688,1710,',1710),(1717,'2017-06-18 00:32:42','2017-06-18 00:32:42',0,7,'湖北省十堰市房县',2,'房县',',1688,1710,',1710),(1718,'2017-06-18 00:32:43','2017-06-18 00:32:43',0,8,'湖北省十堰市丹江口市',2,'丹江口市',',1688,1710,',1710),(1719,'2017-06-18 00:32:44','2017-06-18 00:32:44',0,4,'湖北省宜昌市',1,'宜昌市',',1688,',1688),(1720,'2017-06-18 00:32:45','2017-06-18 00:32:45',0,1,'湖北省宜昌市西陵区',2,'西陵区',',1688,1719,',1719),(1721,'2017-06-18 00:32:46','2017-06-18 00:32:46',0,2,'湖北省宜昌市伍家岗区',2,'伍家岗区',',1688,1719,',1719),(1722,'2017-06-18 00:32:47','2017-06-18 00:32:47',0,3,'湖北省宜昌市点军区',2,'点军区',',1688,1719,',1719),(1723,'2017-06-18 00:32:48','2017-06-18 00:32:48',0,4,'湖北省宜昌市猇亭区',2,'猇亭区',',1688,1719,',1719),(1724,'2017-06-18 00:32:49','2017-06-18 00:32:49',0,5,'湖北省宜昌市夷陵区',2,'夷陵区',',1688,1719,',1719),(1725,'2017-06-18 00:32:50','2017-06-18 00:32:50',0,6,'湖北省宜昌市远安县',2,'远安县',',1688,1719,',1719),(1726,'2017-06-18 00:32:51','2017-06-18 00:32:51',0,7,'湖北省宜昌市兴山县',2,'兴山县',',1688,1719,',1719),(1727,'2017-06-18 00:32:52','2017-06-18 00:32:52',0,8,'湖北省宜昌市秭归县',2,'秭归县',',1688,1719,',1719),(1728,'2017-06-18 00:32:53','2017-06-18 00:32:53',0,9,'湖北省宜昌市长阳土家族自治县',2,'长阳土家族自治县',',1688,1719,',1719),(1729,'2017-06-18 00:32:54','2017-06-18 00:32:54',0,10,'湖北省宜昌市五峰土家族自治县',2,'五峰土家族自治县',',1688,1719,',1719),(1730,'2017-06-18 00:32:55','2017-06-18 00:32:55',0,11,'湖北省宜昌市宜都市',2,'宜都市',',1688,1719,',1719),(1731,'2017-06-18 00:32:56','2017-06-18 00:32:56',0,12,'湖北省宜昌市当阳市',2,'当阳市',',1688,1719,',1719),(1732,'2017-06-18 00:32:57','2017-06-18 00:32:57',0,13,'湖北省宜昌市枝江市',2,'枝江市',',1688,1719,',1719),(1733,'2017-06-18 00:32:58','2017-06-18 00:32:58',0,5,'湖北省襄阳市',1,'襄阳市',',1688,',1688),(1734,'2017-06-18 00:32:59','2017-06-18 00:32:59',0,1,'湖北省襄阳市襄城区',2,'襄城区',',1688,1733,',1733),(1735,'2017-06-18 00:33:00','2017-06-18 00:33:00',0,2,'湖北省襄阳市樊城区',2,'樊城区',',1688,1733,',1733),(1736,'2017-06-18 00:33:01','2017-06-18 00:33:01',0,3,'湖北省襄阳市襄州区',2,'襄州区',',1688,1733,',1733),(1737,'2017-06-18 00:33:02','2017-06-18 00:33:02',0,4,'湖北省襄阳市南漳县',2,'南漳县',',1688,1733,',1733),(1738,'2017-06-18 00:33:03','2017-06-18 00:33:03',0,5,'湖北省襄阳市谷城县',2,'谷城县',',1688,1733,',1733),(1739,'2017-06-18 00:33:04','2017-06-18 00:33:04',0,6,'湖北省襄阳市保康县',2,'保康县',',1688,1733,',1733),(1740,'2017-06-18 00:33:05','2017-06-18 00:33:05',0,7,'湖北省襄阳市老河口市',2,'老河口市',',1688,1733,',1733),(1741,'2017-06-18 00:33:06','2017-06-18 00:33:06',0,8,'湖北省襄阳市枣阳市',2,'枣阳市',',1688,1733,',1733),(1742,'2017-06-18 00:33:07','2017-06-18 00:33:07',0,9,'湖北省襄阳市宜城市',2,'宜城市',',1688,1733,',1733),(1743,'2017-06-18 00:33:08','2017-06-18 00:33:08',0,6,'湖北省鄂州市',1,'鄂州市',',1688,',1688),(1744,'2017-06-18 00:33:09','2017-06-18 00:33:09',0,1,'湖北省鄂州市梁子湖区',2,'梁子湖区',',1688,1743,',1743),(1745,'2017-06-18 00:33:10','2017-06-18 00:33:10',0,2,'湖北省鄂州市华容区',2,'华容区',',1688,1743,',1743),(1746,'2017-06-18 00:33:11','2017-06-18 00:33:11',0,3,'湖北省鄂州市鄂城区',2,'鄂城区',',1688,1743,',1743),(1747,'2017-06-18 00:33:12','2017-06-18 00:33:12',0,7,'湖北省荆门市',1,'荆门市',',1688,',1688),(1748,'2017-06-18 00:33:13','2017-06-18 00:33:13',0,1,'湖北省荆门市东宝区',2,'东宝区',',1688,1747,',1747),(1749,'2017-06-18 00:33:14','2017-06-18 00:33:14',0,2,'湖北省荆门市掇刀区',2,'掇刀区',',1688,1747,',1747),(1750,'2017-06-18 00:33:15','2017-06-18 00:33:15',0,3,'湖北省荆门市京山县',2,'京山县',',1688,1747,',1747),(1751,'2017-06-18 00:33:16','2017-06-18 00:33:16',0,4,'湖北省荆门市沙洋县',2,'沙洋县',',1688,1747,',1747),(1752,'2017-06-18 00:33:17','2017-06-18 00:33:17',0,5,'湖北省荆门市钟祥市',2,'钟祥市',',1688,1747,',1747),(1753,'2017-06-18 00:33:18','2017-06-18 00:33:18',0,8,'湖北省孝感市',1,'孝感市',',1688,',1688),(1754,'2017-06-18 00:33:19','2017-06-18 00:33:19',0,1,'湖北省孝感市孝南区',2,'孝南区',',1688,1753,',1753),(1755,'2017-06-18 00:33:20','2017-06-18 00:33:20',0,2,'湖北省孝感市孝昌县',2,'孝昌县',',1688,1753,',1753),(1756,'2017-06-18 00:33:21','2017-06-18 00:33:21',0,3,'湖北省孝感市大悟县',2,'大悟县',',1688,1753,',1753),(1757,'2017-06-18 00:33:22','2017-06-18 00:33:22',0,4,'湖北省孝感市云梦县',2,'云梦县',',1688,1753,',1753),(1758,'2017-06-18 00:33:23','2017-06-18 00:33:23',0,5,'湖北省孝感市应城市',2,'应城市',',1688,1753,',1753),(1759,'2017-06-18 00:33:24','2017-06-18 00:33:24',0,6,'湖北省孝感市安陆市',2,'安陆市',',1688,1753,',1753),(1760,'2017-06-18 00:33:25','2017-06-18 00:33:25',0,7,'湖北省孝感市汉川市',2,'汉川市',',1688,1753,',1753),(1761,'2017-06-18 00:33:26','2017-06-18 00:33:26',0,9,'湖北省荆州市',1,'荆州市',',1688,',1688),(1762,'2017-06-18 00:33:27','2017-06-18 00:33:27',0,1,'湖北省荆州市沙市区',2,'沙市区',',1688,1761,',1761),(1763,'2017-06-18 00:33:28','2017-06-18 00:33:28',0,2,'湖北省荆州市荆州区',2,'荆州区',',1688,1761,',1761),(1764,'2017-06-18 00:33:29','2017-06-18 00:33:29',0,3,'湖北省荆州市公安县',2,'公安县',',1688,1761,',1761),(1765,'2017-06-18 00:33:30','2017-06-18 00:33:30',0,4,'湖北省荆州市监利县',2,'监利县',',1688,1761,',1761),(1766,'2017-06-18 00:33:31','2017-06-18 00:33:31',0,5,'湖北省荆州市江陵县',2,'江陵县',',1688,1761,',1761),(1767,'2017-06-18 00:33:32','2017-06-18 00:33:32',0,6,'湖北省荆州市石首市',2,'石首市',',1688,1761,',1761),(1768,'2017-06-18 00:33:33','2017-06-18 00:33:33',0,7,'湖北省荆州市洪湖市',2,'洪湖市',',1688,1761,',1761),(1769,'2017-06-18 00:33:34','2017-06-18 00:33:34',0,8,'湖北省荆州市松滋市',2,'松滋市',',1688,1761,',1761),(1770,'2017-06-18 00:33:35','2017-06-18 00:33:35',0,10,'湖北省黄冈市',1,'黄冈市',',1688,',1688),(1771,'2017-06-18 00:33:36','2017-06-18 00:33:36',0,1,'湖北省黄冈市黄州区',2,'黄州区',',1688,1770,',1770),(1772,'2017-06-18 00:33:37','2017-06-18 00:33:37',0,2,'湖北省黄冈市团风县',2,'团风县',',1688,1770,',1770),(1773,'2017-06-18 00:33:38','2017-06-18 00:33:38',0,3,'湖北省黄冈市红安县',2,'红安县',',1688,1770,',1770),(1774,'2017-06-18 00:33:39','2017-06-18 00:33:39',0,4,'湖北省黄冈市罗田县',2,'罗田县',',1688,1770,',1770),(1775,'2017-06-18 00:33:40','2017-06-18 00:33:40',0,5,'湖北省黄冈市英山县',2,'英山县',',1688,1770,',1770),(1776,'2017-06-18 00:33:41','2017-06-18 00:33:41',0,6,'湖北省黄冈市浠水县',2,'浠水县',',1688,1770,',1770),(1777,'2017-06-18 00:33:42','2017-06-18 00:33:42',0,7,'湖北省黄冈市蕲春县',2,'蕲春县',',1688,1770,',1770),(1778,'2017-06-18 00:33:43','2017-06-18 00:33:43',0,8,'湖北省黄冈市黄梅县',2,'黄梅县',',1688,1770,',1770),(1779,'2017-06-18 00:33:44','2017-06-18 00:33:44',0,9,'湖北省黄冈市麻城市',2,'麻城市',',1688,1770,',1770),(1780,'2017-06-18 00:33:45','2017-06-18 00:33:45',0,10,'湖北省黄冈市武穴市',2,'武穴市',',1688,1770,',1770),(1781,'2017-06-18 00:33:46','2017-06-18 00:33:46',0,11,'湖北省咸宁市',1,'咸宁市',',1688,',1688),(1782,'2017-06-18 00:33:47','2017-06-18 00:33:47',0,1,'湖北省咸宁市咸安区',2,'咸安区',',1688,1781,',1781),(1783,'2017-06-18 00:33:48','2017-06-18 00:33:48',0,2,'湖北省咸宁市嘉鱼县',2,'嘉鱼县',',1688,1781,',1781),(1784,'2017-06-18 00:33:49','2017-06-18 00:33:49',0,3,'湖北省咸宁市通城县',2,'通城县',',1688,1781,',1781),(1785,'2017-06-18 00:33:50','2017-06-18 00:33:50',0,4,'湖北省咸宁市崇阳县',2,'崇阳县',',1688,1781,',1781),(1786,'2017-06-18 00:33:51','2017-06-18 00:33:51',0,5,'湖北省咸宁市通山县',2,'通山县',',1688,1781,',1781),(1787,'2017-06-18 00:33:52','2017-06-18 00:33:52',0,6,'湖北省咸宁市赤壁市',2,'赤壁市',',1688,1781,',1781),(1788,'2017-06-18 00:33:53','2017-06-18 00:33:53',0,12,'湖北省随州市',1,'随州市',',1688,',1688),(1789,'2017-06-18 00:33:54','2017-06-18 00:33:54',0,1,'湖北省随州市曾都区',2,'曾都区',',1688,1788,',1788),(1790,'2017-06-18 00:33:55','2017-06-18 00:33:55',0,2,'湖北省随州市随县',2,'随县',',1688,1788,',1788),(1791,'2017-06-18 00:33:56','2017-06-18 00:33:56',0,3,'湖北省随州市广水市',2,'广水市',',1688,1788,',1788),(1792,'2017-06-18 00:33:57','2017-06-18 00:33:57',0,13,'湖北省恩施土家族苗族自治州',1,'恩施土家族苗族自治州',',1688,',1688),(1793,'2017-06-18 00:33:58','2017-06-18 00:33:58',0,1,'湖北省恩施土家族苗族自治州恩施市',2,'恩施市',',1688,1792,',1792),(1794,'2017-06-18 00:33:59','2017-06-18 00:33:59',0,2,'湖北省恩施土家族苗族自治州利川市',2,'利川市',',1688,1792,',1792),(1795,'2017-06-18 00:34:00','2017-06-18 00:34:00',0,3,'湖北省恩施土家族苗族自治州建始县',2,'建始县',',1688,1792,',1792),(1796,'2017-06-18 00:34:01','2017-06-18 00:34:01',0,4,'湖北省恩施土家族苗族自治州巴东县',2,'巴东县',',1688,1792,',1792),(1797,'2017-06-18 00:34:02','2017-06-18 00:34:02',0,5,'湖北省恩施土家族苗族自治州宣恩县',2,'宣恩县',',1688,1792,',1792),(1798,'2017-06-18 00:34:03','2017-06-18 00:34:03',0,6,'湖北省恩施土家族苗族自治州咸丰县',2,'咸丰县',',1688,1792,',1792),(1799,'2017-06-18 00:34:04','2017-06-18 00:34:04',0,7,'湖北省恩施土家族苗族自治州来凤县',2,'来凤县',',1688,1792,',1792),(1800,'2017-06-18 00:34:05','2017-06-18 00:34:05',0,8,'湖北省恩施土家族苗族自治州鹤峰县',2,'鹤峰县',',1688,1792,',1792),(1801,'2017-06-18 00:34:06','2017-06-18 00:34:06',0,14,'湖北省仙桃市',1,'仙桃市',',1688,',1688),(1802,'2017-06-18 00:34:07','2017-06-18 00:34:07',0,15,'湖北省潜江市',1,'潜江市',',1688,',1688),(1803,'2017-06-18 00:34:08','2017-06-18 00:34:08',0,16,'湖北省天门市',1,'天门市',',1688,',1688),(1804,'2017-06-18 00:34:09','2017-06-18 00:34:09',0,17,'湖北省神农架林区',1,'神农架林区',',1688,',1688),(1805,'2017-06-18 00:34:10','2017-06-18 00:34:10',0,18,'湖南省',0,'湖南省',',',NULL),(1806,'2017-06-18 00:34:11','2017-06-18 00:34:11',0,1,'湖南省长沙市',1,'长沙市',',1805,',1805),(1807,'2017-06-18 00:34:12','2017-06-18 00:34:12',0,1,'湖南省长沙市芙蓉区',2,'芙蓉区',',1805,1806,',1806),(1808,'2017-06-18 00:34:13','2017-06-18 00:34:13',0,2,'湖南省长沙市天心区',2,'天心区',',1805,1806,',1806),(1809,'2017-06-18 00:34:14','2017-06-18 00:34:14',0,3,'湖南省长沙市岳麓区',2,'岳麓区',',1805,1806,',1806),(1810,'2017-06-18 00:34:15','2017-06-18 00:34:15',0,4,'湖南省长沙市开福区',2,'开福区',',1805,1806,',1806),(1811,'2017-06-18 00:34:16','2017-06-18 00:34:16',0,5,'湖南省长沙市雨花区',2,'雨花区',',1805,1806,',1806),(1812,'2017-06-18 00:34:17','2017-06-18 00:34:17',0,6,'湖南省长沙市望城区',2,'望城区',',1805,1806,',1806),(1813,'2017-06-18 00:34:18','2017-06-18 00:34:18',0,7,'湖南省长沙市长沙县',2,'长沙县',',1805,1806,',1806),(1814,'2017-06-18 00:34:19','2017-06-18 00:34:19',0,8,'湖南省长沙市宁乡县',2,'宁乡县',',1805,1806,',1806),(1815,'2017-06-18 00:34:20','2017-06-18 00:34:20',0,9,'湖南省长沙市浏阳市',2,'浏阳市',',1805,1806,',1806),(1816,'2017-06-18 00:34:21','2017-06-18 00:34:21',0,2,'湖南省株洲市',1,'株洲市',',1805,',1805),(1817,'2017-06-18 00:34:22','2017-06-18 00:34:22',0,1,'湖南省株洲市荷塘区',2,'荷塘区',',1805,1816,',1816),(1818,'2017-06-18 00:34:23','2017-06-18 00:34:23',0,2,'湖南省株洲市芦淞区',2,'芦淞区',',1805,1816,',1816),(1819,'2017-06-18 00:34:24','2017-06-18 00:34:24',0,3,'湖南省株洲市石峰区',2,'石峰区',',1805,1816,',1816),(1820,'2017-06-18 00:34:25','2017-06-18 00:34:25',0,4,'湖南省株洲市天元区',2,'天元区',',1805,1816,',1816),(1821,'2017-06-18 00:34:26','2017-06-18 00:34:26',0,5,'湖南省株洲市株洲县',2,'株洲县',',1805,1816,',1816),(1822,'2017-06-18 00:34:27','2017-06-18 00:34:27',0,6,'湖南省株洲市攸县',2,'攸县',',1805,1816,',1816),(1823,'2017-06-18 00:34:28','2017-06-18 00:34:28',0,7,'湖南省株洲市茶陵县',2,'茶陵县',',1805,1816,',1816),(1824,'2017-06-18 00:34:29','2017-06-18 00:34:29',0,8,'湖南省株洲市炎陵县',2,'炎陵县',',1805,1816,',1816),(1825,'2017-06-18 00:34:30','2017-06-18 00:34:30',0,9,'湖南省株洲市醴陵市',2,'醴陵市',',1805,1816,',1816),(1826,'2017-06-18 00:34:31','2017-06-18 00:34:31',0,3,'湖南省湘潭市',1,'湘潭市',',1805,',1805),(1827,'2017-06-18 00:34:32','2017-06-18 00:34:32',0,1,'湖南省湘潭市雨湖区',2,'雨湖区',',1805,1826,',1826),(1828,'2017-06-18 00:34:33','2017-06-18 00:34:33',0,2,'湖南省湘潭市岳塘区',2,'岳塘区',',1805,1826,',1826),(1829,'2017-06-18 00:34:34','2017-06-18 00:34:34',0,3,'湖南省湘潭市湘潭县',2,'湘潭县',',1805,1826,',1826),(1830,'2017-06-18 00:34:35','2017-06-18 00:34:35',0,4,'湖南省湘潭市湘乡市',2,'湘乡市',',1805,1826,',1826),(1831,'2017-06-18 00:34:36','2017-06-18 00:34:36',0,5,'湖南省湘潭市韶山市',2,'韶山市',',1805,1826,',1826),(1832,'2017-06-18 00:34:37','2017-06-18 00:34:37',0,4,'湖南省衡阳市',1,'衡阳市',',1805,',1805),(1833,'2017-06-18 00:34:38','2017-06-18 00:34:38',0,1,'湖南省衡阳市珠晖区',2,'珠晖区',',1805,1832,',1832),(1834,'2017-06-18 00:34:39','2017-06-18 00:34:39',0,2,'湖南省衡阳市雁峰区',2,'雁峰区',',1805,1832,',1832),(1835,'2017-06-18 00:34:40','2017-06-18 00:34:40',0,3,'湖南省衡阳市石鼓区',2,'石鼓区',',1805,1832,',1832),(1836,'2017-06-18 00:34:41','2017-06-18 00:34:41',0,4,'湖南省衡阳市蒸湘区',2,'蒸湘区',',1805,1832,',1832),(1837,'2017-06-18 00:34:42','2017-06-18 00:34:42',0,5,'湖南省衡阳市南岳区',2,'南岳区',',1805,1832,',1832),(1838,'2017-06-18 00:34:43','2017-06-18 00:34:43',0,6,'湖南省衡阳市衡阳县',2,'衡阳县',',1805,1832,',1832),(1839,'2017-06-18 00:34:44','2017-06-18 00:34:44',0,7,'湖南省衡阳市衡南县',2,'衡南县',',1805,1832,',1832),(1840,'2017-06-18 00:34:45','2017-06-18 00:34:45',0,8,'湖南省衡阳市衡山县',2,'衡山县',',1805,1832,',1832),(1841,'2017-06-18 00:34:46','2017-06-18 00:34:46',0,9,'湖南省衡阳市衡东县',2,'衡东县',',1805,1832,',1832),(1842,'2017-06-18 00:34:47','2017-06-18 00:34:47',0,10,'湖南省衡阳市祁东县',2,'祁东县',',1805,1832,',1832),(1843,'2017-06-18 00:34:48','2017-06-18 00:34:48',0,11,'湖南省衡阳市耒阳市',2,'耒阳市',',1805,1832,',1832),(1844,'2017-06-18 00:34:49','2017-06-18 00:34:49',0,12,'湖南省衡阳市常宁市',2,'常宁市',',1805,1832,',1832),(1845,'2017-06-18 00:34:50','2017-06-18 00:34:50',0,5,'湖南省邵阳市',1,'邵阳市',',1805,',1805),(1846,'2017-06-18 00:34:51','2017-06-18 00:34:51',0,1,'湖南省邵阳市双清区',2,'双清区',',1805,1845,',1845),(1847,'2017-06-18 00:34:52','2017-06-18 00:34:52',0,2,'湖南省邵阳市大祥区',2,'大祥区',',1805,1845,',1845),(1848,'2017-06-18 00:34:53','2017-06-18 00:34:53',0,3,'湖南省邵阳市北塔区',2,'北塔区',',1805,1845,',1845),(1849,'2017-06-18 00:34:54','2017-06-18 00:34:54',0,4,'湖南省邵阳市邵东县',2,'邵东县',',1805,1845,',1845),(1850,'2017-06-18 00:34:55','2017-06-18 00:34:55',0,5,'湖南省邵阳市新邵县',2,'新邵县',',1805,1845,',1845),(1851,'2017-06-18 00:34:56','2017-06-18 00:34:56',0,6,'湖南省邵阳市邵阳县',2,'邵阳县',',1805,1845,',1845),(1852,'2017-06-18 00:34:57','2017-06-18 00:34:57',0,7,'湖南省邵阳市隆回县',2,'隆回县',',1805,1845,',1845),(1853,'2017-06-18 00:34:58','2017-06-18 00:34:58',0,8,'湖南省邵阳市洞口县',2,'洞口县',',1805,1845,',1845),(1854,'2017-06-18 00:34:59','2017-06-18 00:34:59',0,9,'湖南省邵阳市绥宁县',2,'绥宁县',',1805,1845,',1845),(1855,'2017-06-18 00:35:00','2017-06-18 00:35:00',0,10,'湖南省邵阳市新宁县',2,'新宁县',',1805,1845,',1845),(1856,'2017-06-18 00:35:01','2017-06-18 00:35:01',0,11,'湖南省邵阳市城步苗族自治县',2,'城步苗族自治县',',1805,1845,',1845),(1857,'2017-06-18 00:35:02','2017-06-18 00:35:02',0,12,'湖南省邵阳市武冈市',2,'武冈市',',1805,1845,',1845),(1858,'2017-06-18 00:35:03','2017-06-18 00:35:03',0,6,'湖南省岳阳市',1,'岳阳市',',1805,',1805),(1859,'2017-06-18 00:35:04','2017-06-18 00:35:04',0,1,'湖南省岳阳市岳阳楼区',2,'岳阳楼区',',1805,1858,',1858),(1860,'2017-06-18 00:35:05','2017-06-18 00:35:05',0,2,'湖南省岳阳市云溪区',2,'云溪区',',1805,1858,',1858),(1861,'2017-06-18 00:35:06','2017-06-18 00:35:06',0,3,'湖南省岳阳市君山区',2,'君山区',',1805,1858,',1858),(1862,'2017-06-18 00:35:07','2017-06-18 00:35:07',0,4,'湖南省岳阳市岳阳县',2,'岳阳县',',1805,1858,',1858),(1863,'2017-06-18 00:35:08','2017-06-18 00:35:08',0,5,'湖南省岳阳市华容县',2,'华容县',',1805,1858,',1858),(1864,'2017-06-18 00:35:09','2017-06-18 00:35:09',0,6,'湖南省岳阳市湘阴县',2,'湘阴县',',1805,1858,',1858),(1865,'2017-06-18 00:35:10','2017-06-18 00:35:10',0,7,'湖南省岳阳市平江县',2,'平江县',',1805,1858,',1858),(1866,'2017-06-18 00:35:11','2017-06-18 00:35:11',0,8,'湖南省岳阳市汨罗市',2,'汨罗市',',1805,1858,',1858),(1867,'2017-06-18 00:35:12','2017-06-18 00:35:12',0,9,'湖南省岳阳市临湘市',2,'临湘市',',1805,1858,',1858),(1868,'2017-06-18 00:35:13','2017-06-18 00:35:13',0,7,'湖南省常德市',1,'常德市',',1805,',1805),(1869,'2017-06-18 00:35:14','2017-06-18 00:35:14',0,1,'湖南省常德市武陵区',2,'武陵区',',1805,1868,',1868),(1870,'2017-06-18 00:35:15','2017-06-18 00:35:15',0,2,'湖南省常德市鼎城区',2,'鼎城区',',1805,1868,',1868),(1871,'2017-06-18 00:35:16','2017-06-18 00:35:16',0,3,'湖南省常德市安乡县',2,'安乡县',',1805,1868,',1868),(1872,'2017-06-18 00:35:17','2017-06-18 00:35:17',0,4,'湖南省常德市汉寿县',2,'汉寿县',',1805,1868,',1868),(1873,'2017-06-18 00:35:18','2017-06-18 00:35:18',0,5,'湖南省常德市澧县',2,'澧县',',1805,1868,',1868),(1874,'2017-06-18 00:35:19','2017-06-18 00:35:19',0,6,'湖南省常德市临澧县',2,'临澧县',',1805,1868,',1868),(1875,'2017-06-18 00:35:20','2017-06-18 00:35:20',0,7,'湖南省常德市桃源县',2,'桃源县',',1805,1868,',1868),(1876,'2017-06-18 00:35:21','2017-06-18 00:35:21',0,8,'湖南省常德市石门县',2,'石门县',',1805,1868,',1868),(1877,'2017-06-18 00:35:22','2017-06-18 00:35:22',0,9,'湖南省常德市津市市',2,'津市市',',1805,1868,',1868),(1878,'2017-06-18 00:35:23','2017-06-18 00:35:23',0,8,'湖南省张家界市',1,'张家界市',',1805,',1805),(1879,'2017-06-18 00:35:24','2017-06-18 00:35:24',0,1,'湖南省张家界市永定区',2,'永定区',',1805,1878,',1878),(1880,'2017-06-18 00:35:25','2017-06-18 00:35:25',0,2,'湖南省张家界市武陵源区',2,'武陵源区',',1805,1878,',1878),(1881,'2017-06-18 00:35:26','2017-06-18 00:35:26',0,3,'湖南省张家界市慈利县',2,'慈利县',',1805,1878,',1878),(1882,'2017-06-18 00:35:27','2017-06-18 00:35:27',0,4,'湖南省张家界市桑植县',2,'桑植县',',1805,1878,',1878),(1883,'2017-06-18 00:35:28','2017-06-18 00:35:28',0,9,'湖南省益阳市',1,'益阳市',',1805,',1805),(1884,'2017-06-18 00:35:29','2017-06-18 00:35:29',0,1,'湖南省益阳市资阳区',2,'资阳区',',1805,1883,',1883),(1885,'2017-06-18 00:35:30','2017-06-18 00:35:30',0,2,'湖南省益阳市赫山区',2,'赫山区',',1805,1883,',1883),(1886,'2017-06-18 00:35:31','2017-06-18 00:35:31',0,3,'湖南省益阳市南县',2,'南县',',1805,1883,',1883),(1887,'2017-06-18 00:35:32','2017-06-18 00:35:32',0,4,'湖南省益阳市桃江县',2,'桃江县',',1805,1883,',1883),(1888,'2017-06-18 00:35:33','2017-06-18 00:35:33',0,5,'湖南省益阳市安化县',2,'安化县',',1805,1883,',1883),(1889,'2017-06-18 00:35:34','2017-06-18 00:35:34',0,6,'湖南省益阳市沅江市',2,'沅江市',',1805,1883,',1883),(1890,'2017-06-18 00:35:35','2017-06-18 00:35:35',0,10,'湖南省郴州市',1,'郴州市',',1805,',1805),(1891,'2017-06-18 00:35:36','2017-06-18 00:35:36',0,1,'湖南省郴州市北湖区',2,'北湖区',',1805,1890,',1890),(1892,'2017-06-18 00:35:37','2017-06-18 00:35:37',0,2,'湖南省郴州市苏仙区',2,'苏仙区',',1805,1890,',1890),(1893,'2017-06-18 00:35:38','2017-06-18 00:35:38',0,3,'湖南省郴州市桂阳县',2,'桂阳县',',1805,1890,',1890),(1894,'2017-06-18 00:35:39','2017-06-18 00:35:39',0,4,'湖南省郴州市宜章县',2,'宜章县',',1805,1890,',1890),(1895,'2017-06-18 00:35:40','2017-06-18 00:35:40',0,5,'湖南省郴州市永兴县',2,'永兴县',',1805,1890,',1890),(1896,'2017-06-18 00:35:41','2017-06-18 00:35:41',0,6,'湖南省郴州市嘉禾县',2,'嘉禾县',',1805,1890,',1890),(1897,'2017-06-18 00:35:42','2017-06-18 00:35:42',0,7,'湖南省郴州市临武县',2,'临武县',',1805,1890,',1890),(1898,'2017-06-18 00:35:43','2017-06-18 00:35:43',0,8,'湖南省郴州市汝城县',2,'汝城县',',1805,1890,',1890),(1899,'2017-06-18 00:35:44','2017-06-18 00:35:44',0,9,'湖南省郴州市桂东县',2,'桂东县',',1805,1890,',1890),(1900,'2017-06-18 00:35:45','2017-06-18 00:35:45',0,10,'湖南省郴州市安仁县',2,'安仁县',',1805,1890,',1890),(1901,'2017-06-18 00:35:46','2017-06-18 00:35:46',0,11,'湖南省郴州市资兴市',2,'资兴市',',1805,1890,',1890),(1902,'2017-06-18 00:35:47','2017-06-18 00:35:47',0,11,'湖南省永州市',1,'永州市',',1805,',1805),(1903,'2017-06-18 00:35:48','2017-06-18 00:35:48',0,1,'湖南省永州市零陵区',2,'零陵区',',1805,1902,',1902),(1904,'2017-06-18 00:35:49','2017-06-18 00:35:49',0,2,'湖南省永州市冷水滩区',2,'冷水滩区',',1805,1902,',1902),(1905,'2017-06-18 00:35:50','2017-06-18 00:35:50',0,3,'湖南省永州市祁阳县',2,'祁阳县',',1805,1902,',1902),(1906,'2017-06-18 00:35:51','2017-06-18 00:35:51',0,4,'湖南省永州市东安县',2,'东安县',',1805,1902,',1902),(1907,'2017-06-18 00:35:52','2017-06-18 00:35:52',0,5,'湖南省永州市双牌县',2,'双牌县',',1805,1902,',1902),(1908,'2017-06-18 00:35:53','2017-06-18 00:35:53',0,6,'湖南省永州市道县',2,'道县',',1805,1902,',1902),(1909,'2017-06-18 00:35:54','2017-06-18 00:35:54',0,7,'湖南省永州市江永县',2,'江永县',',1805,1902,',1902),(1910,'2017-06-18 00:35:55','2017-06-18 00:35:55',0,8,'湖南省永州市宁远县',2,'宁远县',',1805,1902,',1902),(1911,'2017-06-18 00:35:56','2017-06-18 00:35:56',0,9,'湖南省永州市蓝山县',2,'蓝山县',',1805,1902,',1902),(1912,'2017-06-18 00:35:57','2017-06-18 00:35:57',0,10,'湖南省永州市新田县',2,'新田县',',1805,1902,',1902),(1913,'2017-06-18 00:35:58','2017-06-18 00:35:58',0,11,'湖南省永州市江华瑶族自治县',2,'江华瑶族自治县',',1805,1902,',1902),(1914,'2017-06-18 00:35:59','2017-06-18 00:35:59',0,12,'湖南省怀化市',1,'怀化市',',1805,',1805),(1915,'2017-06-18 00:36:00','2017-06-18 00:36:00',0,1,'湖南省怀化市鹤城区',2,'鹤城区',',1805,1914,',1914),(1916,'2017-06-18 00:36:01','2017-06-18 00:36:01',0,2,'湖南省怀化市中方县',2,'中方县',',1805,1914,',1914),(1917,'2017-06-18 00:36:02','2017-06-18 00:36:02',0,3,'湖南省怀化市沅陵县',2,'沅陵县',',1805,1914,',1914),(1918,'2017-06-18 00:36:03','2017-06-18 00:36:03',0,4,'湖南省怀化市辰溪县',2,'辰溪县',',1805,1914,',1914),(1919,'2017-06-18 00:36:04','2017-06-18 00:36:04',0,5,'湖南省怀化市溆浦县',2,'溆浦县',',1805,1914,',1914),(1920,'2017-06-18 00:36:05','2017-06-18 00:36:05',0,6,'湖南省怀化市会同县',2,'会同县',',1805,1914,',1914),(1921,'2017-06-18 00:36:06','2017-06-18 00:36:06',0,7,'湖南省怀化市麻阳苗族自治县',2,'麻阳苗族自治县',',1805,1914,',1914),(1922,'2017-06-18 00:36:07','2017-06-18 00:36:07',0,8,'湖南省怀化市新晃侗族自治县',2,'新晃侗族自治县',',1805,1914,',1914),(1923,'2017-06-18 00:36:08','2017-06-18 00:36:08',0,9,'湖南省怀化市芷江侗族自治县',2,'芷江侗族自治县',',1805,1914,',1914),(1924,'2017-06-18 00:36:09','2017-06-18 00:36:09',0,10,'湖南省怀化市靖州苗族侗族自治县',2,'靖州苗族侗族自治县',',1805,1914,',1914),(1925,'2017-06-18 00:36:10','2017-06-18 00:36:10',0,11,'湖南省怀化市通道侗族自治县',2,'通道侗族自治县',',1805,1914,',1914),(1926,'2017-06-18 00:36:11','2017-06-18 00:36:11',0,12,'湖南省怀化市洪江市',2,'洪江市',',1805,1914,',1914),(1927,'2017-06-18 00:36:12','2017-06-18 00:36:12',0,13,'湖南省娄底市',1,'娄底市',',1805,',1805),(1928,'2017-06-18 00:36:13','2017-06-18 00:36:13',0,1,'湖南省娄底市娄星区',2,'娄星区',',1805,1927,',1927),(1929,'2017-06-18 00:36:14','2017-06-18 00:36:14',0,2,'湖南省娄底市双峰县',2,'双峰县',',1805,1927,',1927),(1930,'2017-06-18 00:36:15','2017-06-18 00:36:15',0,3,'湖南省娄底市新化县',2,'新化县',',1805,1927,',1927),(1931,'2017-06-18 00:36:16','2017-06-18 00:36:16',0,4,'湖南省娄底市冷水江市',2,'冷水江市',',1805,1927,',1927),(1932,'2017-06-18 00:36:17','2017-06-18 00:36:17',0,5,'湖南省娄底市涟源市',2,'涟源市',',1805,1927,',1927),(1933,'2017-06-18 00:36:18','2017-06-18 00:36:18',0,14,'湖南省湘西土家族苗族自治州',1,'湘西土家族苗族自治州',',1805,',1805),(1934,'2017-06-18 00:36:19','2017-06-18 00:36:19',0,1,'湖南省湘西土家族苗族自治州吉首市',2,'吉首市',',1805,1933,',1933),(1935,'2017-06-18 00:36:20','2017-06-18 00:36:20',0,2,'湖南省湘西土家族苗族自治州泸溪县',2,'泸溪县',',1805,1933,',1933),(1936,'2017-06-18 00:36:21','2017-06-18 00:36:21',0,3,'湖南省湘西土家族苗族自治州凤凰县',2,'凤凰县',',1805,1933,',1933),(1937,'2017-06-18 00:36:22','2017-06-18 00:36:22',0,4,'湖南省湘西土家族苗族自治州花垣县',2,'花垣县',',1805,1933,',1933),(1938,'2017-06-18 00:36:23','2017-06-18 00:36:23',0,5,'湖南省湘西土家族苗族自治州保靖县',2,'保靖县',',1805,1933,',1933),(1939,'2017-06-18 00:36:24','2017-06-18 00:36:24',0,6,'湖南省湘西土家族苗族自治州古丈县',2,'古丈县',',1805,1933,',1933),(1940,'2017-06-18 00:36:25','2017-06-18 00:36:25',0,7,'湖南省湘西土家族苗族自治州永顺县',2,'永顺县',',1805,1933,',1933),(1941,'2017-06-18 00:36:26','2017-06-18 00:36:26',0,8,'湖南省湘西土家族苗族自治州龙山县',2,'龙山县',',1805,1933,',1933),(1942,'2017-06-18 00:36:27','2017-06-18 00:36:27',0,19,'广东省',0,'广东省',',',NULL),(1943,'2017-06-18 00:36:28','2017-06-18 00:36:28',0,1,'广东省广州市',1,'广州市',',1942,',1942),(1944,'2017-06-18 00:36:29','2017-06-18 00:36:29',0,1,'广东省广州市荔湾区',2,'荔湾区',',1942,1943,',1943),(1945,'2017-06-18 00:36:30','2017-06-18 00:36:30',0,2,'广东省广州市越秀区',2,'越秀区',',1942,1943,',1943),(1946,'2017-06-18 00:36:31','2017-06-18 00:36:31',0,3,'广东省广州市海珠区',2,'海珠区',',1942,1943,',1943),(1947,'2017-06-18 00:36:32','2017-06-18 00:36:32',0,4,'广东省广州市天河区',2,'天河区',',1942,1943,',1943),(1948,'2017-06-18 00:36:33','2017-06-18 00:36:33',0,5,'广东省广州市白云区',2,'白云区',',1942,1943,',1943),(1949,'2017-06-18 00:36:34','2017-06-18 00:36:34',0,6,'广东省广州市黄埔区',2,'黄埔区',',1942,1943,',1943),(1950,'2017-06-18 00:36:35','2017-06-18 00:36:35',0,7,'广东省广州市番禺区',2,'番禺区',',1942,1943,',1943),(1951,'2017-06-18 00:36:36','2017-06-18 00:36:36',0,8,'广东省广州市花都区',2,'花都区',',1942,1943,',1943),(1952,'2017-06-18 00:36:37','2017-06-18 00:36:37',0,9,'广东省广州市南沙区',2,'南沙区',',1942,1943,',1943),(1953,'2017-06-18 00:36:38','2017-06-18 00:36:38',0,10,'广东省广州市萝岗区',2,'萝岗区',',1942,1943,',1943),(1954,'2017-06-18 00:36:39','2017-06-18 00:36:39',0,11,'广东省广州市增城市',2,'增城市',',1942,1943,',1943),(1955,'2017-06-18 00:36:40','2017-06-18 00:36:40',0,12,'广东省广州市从化市',2,'从化市',',1942,1943,',1943),(1956,'2017-06-18 00:36:41','2017-06-18 00:36:41',0,2,'广东省韶关市',1,'韶关市',',1942,',1942),(1957,'2017-06-18 00:36:42','2017-06-18 00:36:42',0,1,'广东省韶关市武江区',2,'武江区',',1942,1956,',1956),(1958,'2017-06-18 00:36:43','2017-06-18 00:36:43',0,2,'广东省韶关市浈江区',2,'浈江区',',1942,1956,',1956),(1959,'2017-06-18 00:36:44','2017-06-18 00:36:44',0,3,'广东省韶关市曲江区',2,'曲江区',',1942,1956,',1956),(1960,'2017-06-18 00:36:45','2017-06-18 00:36:45',0,4,'广东省韶关市始兴县',2,'始兴县',',1942,1956,',1956),(1961,'2017-06-18 00:36:46','2017-06-18 00:36:46',0,5,'广东省韶关市仁化县',2,'仁化县',',1942,1956,',1956),(1962,'2017-06-18 00:36:47','2017-06-18 00:36:47',0,6,'广东省韶关市翁源县',2,'翁源县',',1942,1956,',1956),(1963,'2017-06-18 00:36:48','2017-06-18 00:36:48',0,7,'广东省韶关市乳源瑶族自治县',2,'乳源瑶族自治县',',1942,1956,',1956),(1964,'2017-06-18 00:36:49','2017-06-18 00:36:49',0,8,'广东省韶关市新丰县',2,'新丰县',',1942,1956,',1956),(1965,'2017-06-18 00:36:50','2017-06-18 00:36:50',0,9,'广东省韶关市乐昌市',2,'乐昌市',',1942,1956,',1956),(1966,'2017-06-18 00:36:51','2017-06-18 00:36:51',0,10,'广东省韶关市南雄市',2,'南雄市',',1942,1956,',1956),(1967,'2017-06-18 00:36:52','2017-06-18 00:36:52',0,3,'广东省深圳市',1,'深圳市',',1942,',1942),(1968,'2017-06-18 00:36:53','2017-06-18 00:36:53',0,1,'广东省深圳市罗湖区',2,'罗湖区',',1942,1967,',1967),(1969,'2017-06-18 00:36:54','2017-06-18 00:36:54',0,2,'广东省深圳市福田区',2,'福田区',',1942,1967,',1967),(1970,'2017-06-18 00:36:55','2017-06-18 00:36:55',0,3,'广东省深圳市南山区',2,'南山区',',1942,1967,',1967),(1971,'2017-06-18 00:36:56','2017-06-18 00:36:56',0,4,'广东省深圳市宝安区',2,'宝安区',',1942,1967,',1967),(1972,'2017-06-18 00:36:57','2017-06-18 00:36:57',0,5,'广东省深圳市龙岗区',2,'龙岗区',',1942,1967,',1967),(1973,'2017-06-18 00:36:58','2017-06-18 00:36:58',0,6,'广东省深圳市盐田区',2,'盐田区',',1942,1967,',1967),(1974,'2017-06-18 00:36:59','2017-06-18 00:36:59',0,4,'广东省珠海市',1,'珠海市',',1942,',1942),(1975,'2017-06-18 00:37:00','2017-06-18 00:37:00',0,1,'广东省珠海市香洲区',2,'香洲区',',1942,1974,',1974),(1976,'2017-06-18 00:37:01','2017-06-18 00:37:01',0,2,'广东省珠海市斗门区',2,'斗门区',',1942,1974,',1974),(1977,'2017-06-18 00:37:02','2017-06-18 00:37:02',0,3,'广东省珠海市金湾区',2,'金湾区',',1942,1974,',1974),(1978,'2017-06-18 00:37:03','2017-06-18 00:37:03',0,5,'广东省汕头市',1,'汕头市',',1942,',1942),(1979,'2017-06-18 00:37:04','2017-06-18 00:37:04',0,1,'广东省汕头市龙湖区',2,'龙湖区',',1942,1978,',1978),(1980,'2017-06-18 00:37:05','2017-06-18 00:37:05',0,2,'广东省汕头市金平区',2,'金平区',',1942,1978,',1978),(1981,'2017-06-18 00:37:06','2017-06-18 00:37:06',0,3,'广东省汕头市濠江区',2,'濠江区',',1942,1978,',1978),(1982,'2017-06-18 00:37:07','2017-06-18 00:37:07',0,4,'广东省汕头市潮阳区',2,'潮阳区',',1942,1978,',1978),(1983,'2017-06-18 00:37:08','2017-06-18 00:37:08',0,5,'广东省汕头市潮南区',2,'潮南区',',1942,1978,',1978),(1984,'2017-06-18 00:37:09','2017-06-18 00:37:09',0,6,'广东省汕头市澄海区',2,'澄海区',',1942,1978,',1978),(1985,'2017-06-18 00:37:10','2017-06-18 00:37:10',0,7,'广东省汕头市南澳县',2,'南澳县',',1942,1978,',1978),(1986,'2017-06-18 00:37:11','2017-06-18 00:37:11',0,6,'广东省佛山市',1,'佛山市',',1942,',1942),(1987,'2017-06-18 00:37:12','2017-06-18 00:37:12',0,1,'广东省佛山市禅城区',2,'禅城区',',1942,1986,',1986),(1988,'2017-06-18 00:37:13','2017-06-18 00:37:13',0,2,'广东省佛山市南海区',2,'南海区',',1942,1986,',1986),(1989,'2017-06-18 00:37:14','2017-06-18 00:37:14',0,3,'广东省佛山市顺德区',2,'顺德区',',1942,1986,',1986),(1990,'2017-06-18 00:37:15','2017-06-18 00:37:15',0,4,'广东省佛山市三水区',2,'三水区',',1942,1986,',1986),(1991,'2017-06-18 00:37:16','2017-06-18 00:37:16',0,5,'广东省佛山市高明区',2,'高明区',',1942,1986,',1986),(1992,'2017-06-18 00:37:17','2017-06-18 00:37:17',0,7,'广东省江门市',1,'江门市',',1942,',1942),(1993,'2017-06-18 00:37:18','2017-06-18 00:37:18',0,1,'广东省江门市蓬江区',2,'蓬江区',',1942,1992,',1992),(1994,'2017-06-18 00:37:19','2017-06-18 00:37:19',0,2,'广东省江门市江海区',2,'江海区',',1942,1992,',1992),(1995,'2017-06-18 00:37:20','2017-06-18 00:37:20',0,3,'广东省江门市新会区',2,'新会区',',1942,1992,',1992),(1996,'2017-06-18 00:37:21','2017-06-18 00:37:21',0,4,'广东省江门市台山市',2,'台山市',',1942,1992,',1992),(1997,'2017-06-18 00:37:22','2017-06-18 00:37:22',0,5,'广东省江门市开平市',2,'开平市',',1942,1992,',1992),(1998,'2017-06-18 00:37:23','2017-06-18 00:37:23',0,6,'广东省江门市鹤山市',2,'鹤山市',',1942,1992,',1992),(1999,'2017-06-18 00:37:24','2017-06-18 00:37:24',0,7,'广东省江门市恩平市',2,'恩平市',',1942,1992,',1992),(2000,'2017-06-18 00:37:25','2017-06-18 00:37:25',0,8,'广东省湛江市',1,'湛江市',',1942,',1942),(2001,'2017-06-18 00:37:26','2017-06-18 00:37:26',0,1,'广东省湛江市赤坎区',2,'赤坎区',',1942,2000,',2000),(2002,'2017-06-18 00:37:27','2017-06-18 00:37:27',0,2,'广东省湛江市霞山区',2,'霞山区',',1942,2000,',2000),(2003,'2017-06-18 00:37:28','2017-06-18 00:37:28',0,3,'广东省湛江市坡头区',2,'坡头区',',1942,2000,',2000),(2004,'2017-06-18 00:37:29','2017-06-18 00:37:29',0,4,'广东省湛江市麻章区',2,'麻章区',',1942,2000,',2000),(2005,'2017-06-18 00:37:30','2017-06-18 00:37:30',0,5,'广东省湛江市遂溪县',2,'遂溪县',',1942,2000,',2000),(2006,'2017-06-18 00:37:31','2017-06-18 00:37:31',0,6,'广东省湛江市徐闻县',2,'徐闻县',',1942,2000,',2000),(2007,'2017-06-18 00:37:32','2017-06-18 00:37:32',0,7,'广东省湛江市廉江市',2,'廉江市',',1942,2000,',2000),(2008,'2017-06-18 00:37:33','2017-06-18 00:37:33',0,8,'广东省湛江市雷州市',2,'雷州市',',1942,2000,',2000),(2009,'2017-06-18 00:37:34','2017-06-18 00:37:34',0,9,'广东省湛江市吴川市',2,'吴川市',',1942,2000,',2000),(2010,'2017-06-18 00:37:35','2017-06-18 00:37:35',0,9,'广东省茂名市',1,'茂名市',',1942,',1942),(2011,'2017-06-18 00:37:36','2017-06-18 00:37:36',0,1,'广东省茂名市茂南区',2,'茂南区',',1942,2010,',2010),(2012,'2017-06-18 00:37:37','2017-06-18 00:37:37',0,2,'广东省茂名市茂港区',2,'茂港区',',1942,2010,',2010),(2013,'2017-06-18 00:37:38','2017-06-18 00:37:38',0,3,'广东省茂名市电白县',2,'电白县',',1942,2010,',2010),(2014,'2017-06-18 00:37:39','2017-06-18 00:37:39',0,4,'广东省茂名市高州市',2,'高州市',',1942,2010,',2010),(2015,'2017-06-18 00:37:40','2017-06-18 00:37:40',0,5,'广东省茂名市化州市',2,'化州市',',1942,2010,',2010),(2016,'2017-06-18 00:37:41','2017-06-18 00:37:41',0,6,'广东省茂名市信宜市',2,'信宜市',',1942,2010,',2010),(2017,'2017-06-18 00:37:42','2017-06-18 00:37:42',0,10,'广东省肇庆市',1,'肇庆市',',1942,',1942),(2018,'2017-06-18 00:37:43','2017-06-18 00:37:43',0,1,'广东省肇庆市端州区',2,'端州区',',1942,2017,',2017),(2019,'2017-06-18 00:37:44','2017-06-18 00:37:44',0,2,'广东省肇庆市鼎湖区',2,'鼎湖区',',1942,2017,',2017),(2020,'2017-06-18 00:37:45','2017-06-18 00:37:45',0,3,'广东省肇庆市广宁县',2,'广宁县',',1942,2017,',2017),(2021,'2017-06-18 00:37:46','2017-06-18 00:37:46',0,4,'广东省肇庆市怀集县',2,'怀集县',',1942,2017,',2017),(2022,'2017-06-18 00:37:47','2017-06-18 00:37:47',0,5,'广东省肇庆市封开县',2,'封开县',',1942,2017,',2017),(2023,'2017-06-18 00:37:48','2017-06-18 00:37:48',0,6,'广东省肇庆市德庆县',2,'德庆县',',1942,2017,',2017),(2024,'2017-06-18 00:37:49','2017-06-18 00:37:49',0,7,'广东省肇庆市高要市',2,'高要市',',1942,2017,',2017),(2025,'2017-06-18 00:37:50','2017-06-18 00:37:50',0,8,'广东省肇庆市四会市',2,'四会市',',1942,2017,',2017),(2026,'2017-06-18 00:37:51','2017-06-18 00:37:51',0,11,'广东省惠州市',1,'惠州市',',1942,',1942),(2027,'2017-06-18 00:37:52','2017-06-18 00:37:52',0,1,'广东省惠州市惠城区',2,'惠城区',',1942,2026,',2026),(2028,'2017-06-18 00:37:53','2017-06-18 00:37:53',0,2,'广东省惠州市惠阳区',2,'惠阳区',',1942,2026,',2026),(2029,'2017-06-18 00:37:54','2017-06-18 00:37:54',0,3,'广东省惠州市博罗县',2,'博罗县',',1942,2026,',2026),(2030,'2017-06-18 00:37:55','2017-06-18 00:37:55',0,4,'广东省惠州市惠东县',2,'惠东县',',1942,2026,',2026),(2031,'2017-06-18 00:37:56','2017-06-18 00:37:56',0,5,'广东省惠州市龙门县',2,'龙门县',',1942,2026,',2026),(2032,'2017-06-18 00:37:57','2017-06-18 00:37:57',0,12,'广东省梅州市',1,'梅州市',',1942,',1942),(2033,'2017-06-18 00:37:58','2017-06-18 00:37:58',0,1,'广东省梅州市梅江区',2,'梅江区',',1942,2032,',2032),(2034,'2017-06-18 00:37:59','2017-06-18 00:37:59',0,2,'广东省梅州市梅县',2,'梅县',',1942,2032,',2032),(2035,'2017-06-18 00:38:00','2017-06-18 00:38:00',0,3,'广东省梅州市大埔县',2,'大埔县',',1942,2032,',2032),(2036,'2017-06-18 00:38:01','2017-06-18 00:38:01',0,4,'广东省梅州市丰顺县',2,'丰顺县',',1942,2032,',2032),(2037,'2017-06-18 00:38:02','2017-06-18 00:38:02',0,5,'广东省梅州市五华县',2,'五华县',',1942,2032,',2032),(2038,'2017-06-18 00:38:03','2017-06-18 00:38:03',0,6,'广东省梅州市平远县',2,'平远县',',1942,2032,',2032),(2039,'2017-06-18 00:38:04','2017-06-18 00:38:04',0,7,'广东省梅州市蕉岭县',2,'蕉岭县',',1942,2032,',2032),(2040,'2017-06-18 00:38:05','2017-06-18 00:38:05',0,8,'广东省梅州市兴宁市',2,'兴宁市',',1942,2032,',2032),(2041,'2017-06-18 00:38:06','2017-06-18 00:38:06',0,13,'广东省汕尾市',1,'汕尾市',',1942,',1942),(2042,'2017-06-18 00:38:07','2017-06-18 00:38:07',0,1,'广东省汕尾市城区',2,'城区',',1942,2041,',2041),(2043,'2017-06-18 00:38:08','2017-06-18 00:38:08',0,2,'广东省汕尾市海丰县',2,'海丰县',',1942,2041,',2041),(2044,'2017-06-18 00:38:09','2017-06-18 00:38:09',0,3,'广东省汕尾市陆河县',2,'陆河县',',1942,2041,',2041),(2045,'2017-06-18 00:38:10','2017-06-18 00:38:10',0,4,'广东省汕尾市陆丰市',2,'陆丰市',',1942,2041,',2041),(2046,'2017-06-18 00:38:11','2017-06-18 00:38:11',0,14,'广东省河源市',1,'河源市',',1942,',1942),(2047,'2017-06-18 00:38:12','2017-06-18 00:38:12',0,1,'广东省河源市源城区',2,'源城区',',1942,2046,',2046),(2048,'2017-06-18 00:38:13','2017-06-18 00:38:13',0,2,'广东省河源市紫金县',2,'紫金县',',1942,2046,',2046),(2049,'2017-06-18 00:38:14','2017-06-18 00:38:14',0,3,'广东省河源市龙川县',2,'龙川县',',1942,2046,',2046),(2050,'2017-06-18 00:38:15','2017-06-18 00:38:15',0,4,'广东省河源市连平县',2,'连平县',',1942,2046,',2046),(2051,'2017-06-18 00:38:16','2017-06-18 00:38:16',0,5,'广东省河源市和平县',2,'和平县',',1942,2046,',2046),(2052,'2017-06-18 00:38:17','2017-06-18 00:38:17',0,6,'广东省河源市东源县',2,'东源县',',1942,2046,',2046),(2053,'2017-06-18 00:38:18','2017-06-18 00:38:18',0,15,'广东省阳江市',1,'阳江市',',1942,',1942),(2054,'2017-06-18 00:38:19','2017-06-18 00:38:19',0,1,'广东省阳江市江城区',2,'江城区',',1942,2053,',2053),(2055,'2017-06-18 00:38:20','2017-06-18 00:38:20',0,2,'广东省阳江市阳西县',2,'阳西县',',1942,2053,',2053),(2056,'2017-06-18 00:38:21','2017-06-18 00:38:21',0,3,'广东省阳江市阳东县',2,'阳东县',',1942,2053,',2053),(2057,'2017-06-18 00:38:22','2017-06-18 00:38:22',0,4,'广东省阳江市阳春市',2,'阳春市',',1942,2053,',2053),(2058,'2017-06-18 00:38:23','2017-06-18 00:38:23',0,16,'广东省清远市',1,'清远市',',1942,',1942),(2059,'2017-06-18 00:38:24','2017-06-18 00:38:24',0,1,'广东省清远市清城区',2,'清城区',',1942,2058,',2058),(2060,'2017-06-18 00:38:25','2017-06-18 00:38:25',0,2,'广东省清远市清新区',2,'清新区',',1942,2058,',2058),(2061,'2017-06-18 00:38:26','2017-06-18 00:38:26',0,3,'广东省清远市佛冈县',2,'佛冈县',',1942,2058,',2058),(2062,'2017-06-18 00:38:27','2017-06-18 00:38:27',0,4,'广东省清远市阳山县',2,'阳山县',',1942,2058,',2058),(2063,'2017-06-18 00:38:28','2017-06-18 00:38:28',0,5,'广东省清远市连山壮族瑶族自治县',2,'连山壮族瑶族自治县',',1942,2058,',2058),(2064,'2017-06-18 00:38:29','2017-06-18 00:38:29',0,6,'广东省清远市连南瑶族自治县',2,'连南瑶族自治县',',1942,2058,',2058),(2065,'2017-06-18 00:38:30','2017-06-18 00:38:30',0,7,'广东省清远市英德市',2,'英德市',',1942,2058,',2058),(2066,'2017-06-18 00:38:31','2017-06-18 00:38:31',0,8,'广东省清远市连州市',2,'连州市',',1942,2058,',2058),(2067,'2017-06-18 00:38:32','2017-06-18 00:38:32',0,17,'广东省东莞市',1,'东莞市',',1942,',1942),(2068,'2017-06-18 00:38:33','2017-06-18 00:38:33',0,18,'广东省中山市',1,'中山市',',1942,',1942),(2069,'2017-06-18 00:38:34','2017-06-18 00:38:34',0,19,'广东省潮州市',1,'潮州市',',1942,',1942),(2070,'2017-06-18 00:38:35','2017-06-18 00:38:35',0,1,'广东省潮州市湘桥区',2,'湘桥区',',1942,2069,',2069),(2071,'2017-06-18 00:38:36','2017-06-18 00:38:36',0,2,'广东省潮州市潮安区',2,'潮安区',',1942,2069,',2069),(2072,'2017-06-18 00:38:37','2017-06-18 00:38:37',0,3,'广东省潮州市饶平县',2,'饶平县',',1942,2069,',2069),(2073,'2017-06-18 00:38:38','2017-06-18 00:38:38',0,20,'广东省揭阳市',1,'揭阳市',',1942,',1942),(2074,'2017-06-18 00:38:39','2017-06-18 00:38:39',0,1,'广东省揭阳市榕城区',2,'榕城区',',1942,2073,',2073),(2075,'2017-06-18 00:38:40','2017-06-18 00:38:40',0,2,'广东省揭阳市揭东区',2,'揭东区',',1942,2073,',2073),(2076,'2017-06-18 00:38:41','2017-06-18 00:38:41',0,3,'广东省揭阳市揭西县',2,'揭西县',',1942,2073,',2073),(2077,'2017-06-18 00:38:42','2017-06-18 00:38:42',0,4,'广东省揭阳市惠来县',2,'惠来县',',1942,2073,',2073),(2078,'2017-06-18 00:38:43','2017-06-18 00:38:43',0,5,'广东省揭阳市普宁市',2,'普宁市',',1942,2073,',2073),(2079,'2017-06-18 00:38:44','2017-06-18 00:38:44',0,21,'广东省云浮市',1,'云浮市',',1942,',1942),(2080,'2017-06-18 00:38:45','2017-06-18 00:38:45',0,1,'广东省云浮市云城区',2,'云城区',',1942,2079,',2079),(2081,'2017-06-18 00:38:46','2017-06-18 00:38:46',0,2,'广东省云浮市新兴县',2,'新兴县',',1942,2079,',2079),(2082,'2017-06-18 00:38:47','2017-06-18 00:38:47',0,3,'广东省云浮市郁南县',2,'郁南县',',1942,2079,',2079),(2083,'2017-06-18 00:38:48','2017-06-18 00:38:48',0,4,'广东省云浮市云安县',2,'云安县',',1942,2079,',2079),(2084,'2017-06-18 00:38:49','2017-06-18 00:38:49',0,5,'广东省云浮市罗定市',2,'罗定市',',1942,2079,',2079),(2085,'2017-06-18 00:38:50','2017-06-18 00:38:50',0,20,'广西壮族自治区',0,'广西壮族自治区',',',NULL),(2086,'2017-06-18 00:38:51','2017-06-18 00:38:51',0,1,'广西壮族自治区南宁市',1,'南宁市',',2085,',2085),(2087,'2017-06-18 00:38:52','2017-06-18 00:38:52',0,1,'广西壮族自治区南宁市兴宁区',2,'兴宁区',',2085,2086,',2086),(2088,'2017-06-18 00:38:53','2017-06-18 00:38:53',0,2,'广西壮族自治区南宁市青秀区',2,'青秀区',',2085,2086,',2086),(2089,'2017-06-18 00:38:54','2017-06-18 00:38:54',0,3,'广西壮族自治区南宁市江南区',2,'江南区',',2085,2086,',2086),(2090,'2017-06-18 00:38:55','2017-06-18 00:38:55',0,4,'广西壮族自治区南宁市西乡塘区',2,'西乡塘区',',2085,2086,',2086),(2091,'2017-06-18 00:38:56','2017-06-18 00:38:56',0,5,'广西壮族自治区南宁市良庆区',2,'良庆区',',2085,2086,',2086),(2092,'2017-06-18 00:38:57','2017-06-18 00:38:57',0,6,'广西壮族自治区南宁市邕宁区',2,'邕宁区',',2085,2086,',2086),(2093,'2017-06-18 00:38:58','2017-06-18 00:38:58',0,7,'广西壮族自治区南宁市武鸣县',2,'武鸣县',',2085,2086,',2086),(2094,'2017-06-18 00:38:59','2017-06-18 00:38:59',0,8,'广西壮族自治区南宁市隆安县',2,'隆安县',',2085,2086,',2086),(2095,'2017-06-18 00:39:00','2017-06-18 00:39:00',0,9,'广西壮族自治区南宁市马山县',2,'马山县',',2085,2086,',2086),(2096,'2017-06-18 00:39:01','2017-06-18 00:39:01',0,10,'广西壮族自治区南宁市上林县',2,'上林县',',2085,2086,',2086),(2097,'2017-06-18 00:39:02','2017-06-18 00:39:02',0,11,'广西壮族自治区南宁市宾阳县',2,'宾阳县',',2085,2086,',2086),(2098,'2017-06-18 00:39:03','2017-06-18 00:39:03',0,12,'广西壮族自治区南宁市横县',2,'横县',',2085,2086,',2086),(2099,'2017-06-18 00:39:04','2017-06-18 00:39:04',0,2,'广西壮族自治区柳州市',1,'柳州市',',2085,',2085),(2100,'2017-06-18 00:39:05','2017-06-18 00:39:05',0,1,'广西壮族自治区柳州市城中区',2,'城中区',',2085,2099,',2099),(2101,'2017-06-18 00:39:06','2017-06-18 00:39:06',0,2,'广西壮族自治区柳州市鱼峰区',2,'鱼峰区',',2085,2099,',2099),(2102,'2017-06-18 00:39:07','2017-06-18 00:39:07',0,3,'广西壮族自治区柳州市柳南区',2,'柳南区',',2085,2099,',2099),(2103,'2017-06-18 00:39:08','2017-06-18 00:39:08',0,4,'广西壮族自治区柳州市柳北区',2,'柳北区',',2085,2099,',2099),(2104,'2017-06-18 00:39:09','2017-06-18 00:39:09',0,5,'广西壮族自治区柳州市柳江县',2,'柳江县',',2085,2099,',2099),(2105,'2017-06-18 00:39:10','2017-06-18 00:39:10',0,6,'广西壮族自治区柳州市柳城县',2,'柳城县',',2085,2099,',2099),(2106,'2017-06-18 00:39:11','2017-06-18 00:39:11',0,7,'广西壮族自治区柳州市鹿寨县',2,'鹿寨县',',2085,2099,',2099),(2107,'2017-06-18 00:39:12','2017-06-18 00:39:12',0,8,'广西壮族自治区柳州市融安县',2,'融安县',',2085,2099,',2099),(2108,'2017-06-18 00:39:13','2017-06-18 00:39:13',0,9,'广西壮族自治区柳州市融水苗族自治县',2,'融水苗族自治县',',2085,2099,',2099),(2109,'2017-06-18 00:39:14','2017-06-18 00:39:14',0,10,'广西壮族自治区柳州市三江侗族自治县',2,'三江侗族自治县',',2085,2099,',2099),(2110,'2017-06-18 00:39:15','2017-06-18 00:39:15',0,3,'广西壮族自治区桂林市',1,'桂林市',',2085,',2085),(2111,'2017-06-18 00:39:16','2017-06-18 00:39:16',0,1,'广西壮族自治区桂林市秀峰区',2,'秀峰区',',2085,2110,',2110),(2112,'2017-06-18 00:39:17','2017-06-18 00:39:17',0,2,'广西壮族自治区桂林市叠彩区',2,'叠彩区',',2085,2110,',2110),(2113,'2017-06-18 00:39:18','2017-06-18 00:39:18',0,3,'广西壮族自治区桂林市象山区',2,'象山区',',2085,2110,',2110),(2114,'2017-06-18 00:39:19','2017-06-18 00:39:19',0,4,'广西壮族自治区桂林市七星区',2,'七星区',',2085,2110,',2110),(2115,'2017-06-18 00:39:20','2017-06-18 00:39:20',0,5,'广西壮族自治区桂林市雁山区',2,'雁山区',',2085,2110,',2110),(2116,'2017-06-18 00:39:21','2017-06-18 00:39:21',0,6,'广西壮族自治区桂林市临桂区',2,'临桂区',',2085,2110,',2110),(2117,'2017-06-18 00:39:22','2017-06-18 00:39:22',0,7,'广西壮族自治区桂林市阳朔县',2,'阳朔县',',2085,2110,',2110),(2118,'2017-06-18 00:39:23','2017-06-18 00:39:23',0,8,'广西壮族自治区桂林市灵川县',2,'灵川县',',2085,2110,',2110),(2119,'2017-06-18 00:39:24','2017-06-18 00:39:24',0,9,'广西壮族自治区桂林市全州县',2,'全州县',',2085,2110,',2110),(2120,'2017-06-18 00:39:25','2017-06-18 00:39:25',0,10,'广西壮族自治区桂林市兴安县',2,'兴安县',',2085,2110,',2110),(2121,'2017-06-18 00:39:26','2017-06-18 00:39:26',0,11,'广西壮族自治区桂林市永福县',2,'永福县',',2085,2110,',2110),(2122,'2017-06-18 00:39:27','2017-06-18 00:39:27',0,12,'广西壮族自治区桂林市灌阳县',2,'灌阳县',',2085,2110,',2110),(2123,'2017-06-18 00:39:28','2017-06-18 00:39:28',0,13,'广西壮族自治区桂林市龙胜各族自治县',2,'龙胜各族自治县',',2085,2110,',2110),(2124,'2017-06-18 00:39:29','2017-06-18 00:39:29',0,14,'广西壮族自治区桂林市资源县',2,'资源县',',2085,2110,',2110),(2125,'2017-06-18 00:39:30','2017-06-18 00:39:30',0,15,'广西壮族自治区桂林市平乐县',2,'平乐县',',2085,2110,',2110),(2126,'2017-06-18 00:39:31','2017-06-18 00:39:31',0,16,'广西壮族自治区桂林市荔浦县',2,'荔浦县',',2085,2110,',2110),(2127,'2017-06-18 00:39:32','2017-06-18 00:39:32',0,17,'广西壮族自治区桂林市恭城瑶族自治县',2,'恭城瑶族自治县',',2085,2110,',2110),(2128,'2017-06-18 00:39:33','2017-06-18 00:39:33',0,4,'广西壮族自治区梧州市',1,'梧州市',',2085,',2085),(2129,'2017-06-18 00:39:34','2017-06-18 00:39:34',0,1,'广西壮族自治区梧州市万秀区',2,'万秀区',',2085,2128,',2128),(2130,'2017-06-18 00:39:35','2017-06-18 00:39:35',0,2,'广西壮族自治区梧州市长洲区',2,'长洲区',',2085,2128,',2128),(2131,'2017-06-18 00:39:36','2017-06-18 00:39:36',0,3,'广西壮族自治区梧州市龙圩区',2,'龙圩区',',2085,2128,',2128),(2132,'2017-06-18 00:39:37','2017-06-18 00:39:37',0,4,'广西壮族自治区梧州市苍梧县',2,'苍梧县',',2085,2128,',2128),(2133,'2017-06-18 00:39:38','2017-06-18 00:39:38',0,5,'广西壮族自治区梧州市藤县',2,'藤县',',2085,2128,',2128),(2134,'2017-06-18 00:39:39','2017-06-18 00:39:39',0,6,'广西壮族自治区梧州市蒙山县',2,'蒙山县',',2085,2128,',2128),(2135,'2017-06-18 00:39:40','2017-06-18 00:39:40',0,7,'广西壮族自治区梧州市岑溪市',2,'岑溪市',',2085,2128,',2128),(2136,'2017-06-18 00:39:41','2017-06-18 00:39:41',0,5,'广西壮族自治区北海市',1,'北海市',',2085,',2085),(2137,'2017-06-18 00:39:42','2017-06-18 00:39:42',0,1,'广西壮族自治区北海市海城区',2,'海城区',',2085,2136,',2136),(2138,'2017-06-18 00:39:43','2017-06-18 00:39:43',0,2,'广西壮族自治区北海市银海区',2,'银海区',',2085,2136,',2136),(2139,'2017-06-18 00:39:44','2017-06-18 00:39:44',0,3,'广西壮族自治区北海市铁山港区',2,'铁山港区',',2085,2136,',2136),(2140,'2017-06-18 00:39:45','2017-06-18 00:39:45',0,4,'广西壮族自治区北海市合浦县',2,'合浦县',',2085,2136,',2136),(2141,'2017-06-18 00:39:46','2017-06-18 00:39:46',0,6,'广西壮族自治区防城港市',1,'防城港市',',2085,',2085),(2142,'2017-06-18 00:39:47','2017-06-18 00:39:47',0,1,'广西壮族自治区防城港市港口区',2,'港口区',',2085,2141,',2141),(2143,'2017-06-18 00:39:48','2017-06-18 00:39:48',0,2,'广西壮族自治区防城港市防城区',2,'防城区',',2085,2141,',2141),(2144,'2017-06-18 00:39:49','2017-06-18 00:39:49',0,3,'广西壮族自治区防城港市上思县',2,'上思县',',2085,2141,',2141),(2145,'2017-06-18 00:39:50','2017-06-18 00:39:50',0,4,'广西壮族自治区防城港市东兴市',2,'东兴市',',2085,2141,',2141),(2146,'2017-06-18 00:39:51','2017-06-18 00:39:51',0,7,'广西壮族自治区钦州市',1,'钦州市',',2085,',2085),(2147,'2017-06-18 00:39:52','2017-06-18 00:39:52',0,1,'广西壮族自治区钦州市钦南区',2,'钦南区',',2085,2146,',2146),(2148,'2017-06-18 00:39:53','2017-06-18 00:39:53',0,2,'广西壮族自治区钦州市钦北区',2,'钦北区',',2085,2146,',2146),(2149,'2017-06-18 00:39:54','2017-06-18 00:39:54',0,3,'广西壮族自治区钦州市灵山县',2,'灵山县',',2085,2146,',2146),(2150,'2017-06-18 00:39:55','2017-06-18 00:39:55',0,4,'广西壮族自治区钦州市浦北县',2,'浦北县',',2085,2146,',2146),(2151,'2017-06-18 00:39:56','2017-06-18 00:39:56',0,8,'广西壮族自治区贵港市',1,'贵港市',',2085,',2085),(2152,'2017-06-18 00:39:57','2017-06-18 00:39:57',0,1,'广西壮族自治区贵港市港北区',2,'港北区',',2085,2151,',2151),(2153,'2017-06-18 00:39:58','2017-06-18 00:39:58',0,2,'广西壮族自治区贵港市港南区',2,'港南区',',2085,2151,',2151),(2154,'2017-06-18 00:39:59','2017-06-18 00:39:59',0,3,'广西壮族自治区贵港市覃塘区',2,'覃塘区',',2085,2151,',2151),(2155,'2017-06-18 00:40:00','2017-06-18 00:40:00',0,4,'广西壮族自治区贵港市平南县',2,'平南县',',2085,2151,',2151),(2156,'2017-06-18 00:40:01','2017-06-18 00:40:01',0,5,'广西壮族自治区贵港市桂平市',2,'桂平市',',2085,2151,',2151),(2157,'2017-06-18 00:40:02','2017-06-18 00:40:02',0,9,'广西壮族自治区玉林市',1,'玉林市',',2085,',2085),(2158,'2017-06-18 00:40:03','2017-06-18 00:40:03',0,1,'广西壮族自治区玉林市玉州区',2,'玉州区',',2085,2157,',2157),(2159,'2017-06-18 00:40:04','2017-06-18 00:40:04',0,2,'广西壮族自治区玉林市福绵区',2,'福绵区',',2085,2157,',2157),(2160,'2017-06-18 00:40:05','2017-06-18 00:40:05',0,3,'广西壮族自治区玉林市容县',2,'容县',',2085,2157,',2157),(2161,'2017-06-18 00:40:06','2017-06-18 00:40:06',0,4,'广西壮族自治区玉林市陆川县',2,'陆川县',',2085,2157,',2157),(2162,'2017-06-18 00:40:07','2017-06-18 00:40:07',0,5,'广西壮族自治区玉林市博白县',2,'博白县',',2085,2157,',2157),(2163,'2017-06-18 00:40:08','2017-06-18 00:40:08',0,6,'广西壮族自治区玉林市兴业县',2,'兴业县',',2085,2157,',2157),(2164,'2017-06-18 00:40:09','2017-06-18 00:40:09',0,7,'广西壮族自治区玉林市北流市',2,'北流市',',2085,2157,',2157),(2165,'2017-06-18 00:40:10','2017-06-18 00:40:10',0,10,'广西壮族自治区百色市',1,'百色市',',2085,',2085),(2166,'2017-06-18 00:40:11','2017-06-18 00:40:11',0,1,'广西壮族自治区百色市右江区',2,'右江区',',2085,2165,',2165),(2167,'2017-06-18 00:40:12','2017-06-18 00:40:12',0,2,'广西壮族自治区百色市田阳县',2,'田阳县',',2085,2165,',2165),(2168,'2017-06-18 00:40:13','2017-06-18 00:40:13',0,3,'广西壮族自治区百色市田东县',2,'田东县',',2085,2165,',2165),(2169,'2017-06-18 00:40:14','2017-06-18 00:40:14',0,4,'广西壮族自治区百色市平果县',2,'平果县',',2085,2165,',2165),(2170,'2017-06-18 00:40:15','2017-06-18 00:40:15',0,5,'广西壮族自治区百色市德保县',2,'德保县',',2085,2165,',2165),(2171,'2017-06-18 00:40:16','2017-06-18 00:40:16',0,6,'广西壮族自治区百色市靖西县',2,'靖西县',',2085,2165,',2165),(2172,'2017-06-18 00:40:17','2017-06-18 00:40:17',0,7,'广西壮族自治区百色市那坡县',2,'那坡县',',2085,2165,',2165),(2173,'2017-06-18 00:40:18','2017-06-18 00:40:18',0,8,'广西壮族自治区百色市凌云县',2,'凌云县',',2085,2165,',2165),(2174,'2017-06-18 00:40:19','2017-06-18 00:40:19',0,9,'广西壮族自治区百色市乐业县',2,'乐业县',',2085,2165,',2165),(2175,'2017-06-18 00:40:20','2017-06-18 00:40:20',0,10,'广西壮族自治区百色市田林县',2,'田林县',',2085,2165,',2165),(2176,'2017-06-18 00:40:21','2017-06-18 00:40:21',0,11,'广西壮族自治区百色市西林县',2,'西林县',',2085,2165,',2165),(2177,'2017-06-18 00:40:22','2017-06-18 00:40:22',0,12,'广西壮族自治区百色市隆林各族自治县',2,'隆林各族自治县',',2085,2165,',2165),(2178,'2017-06-18 00:40:23','2017-06-18 00:40:23',0,11,'广西壮族自治区贺州市',1,'贺州市',',2085,',2085),(2179,'2017-06-18 00:40:24','2017-06-18 00:40:24',0,1,'广西壮族自治区贺州市八步区',2,'八步区',',2085,2178,',2178),(2180,'2017-06-18 00:40:25','2017-06-18 00:40:25',0,2,'广西壮族自治区贺州市昭平县',2,'昭平县',',2085,2178,',2178),(2181,'2017-06-18 00:40:26','2017-06-18 00:40:26',0,3,'广西壮族自治区贺州市钟山县',2,'钟山县',',2085,2178,',2178),(2182,'2017-06-18 00:40:27','2017-06-18 00:40:27',0,4,'广西壮族自治区贺州市富川瑶族自治县',2,'富川瑶族自治县',',2085,2178,',2178),(2183,'2017-06-18 00:40:28','2017-06-18 00:40:28',0,12,'广西壮族自治区河池市',1,'河池市',',2085,',2085),(2184,'2017-06-18 00:40:29','2017-06-18 00:40:29',0,1,'广西壮族自治区河池市金城江区',2,'金城江区',',2085,2183,',2183),(2185,'2017-06-18 00:40:30','2017-06-18 00:40:30',0,2,'广西壮族自治区河池市南丹县',2,'南丹县',',2085,2183,',2183),(2186,'2017-06-18 00:40:31','2017-06-18 00:40:31',0,3,'广西壮族自治区河池市天峨县',2,'天峨县',',2085,2183,',2183),(2187,'2017-06-18 00:40:32','2017-06-18 00:40:32',0,4,'广西壮族自治区河池市凤山县',2,'凤山县',',2085,2183,',2183),(2188,'2017-06-18 00:40:33','2017-06-18 00:40:33',0,5,'广西壮族自治区河池市东兰县',2,'东兰县',',2085,2183,',2183),(2189,'2017-06-18 00:40:34','2017-06-18 00:40:34',0,6,'广西壮族自治区河池市罗城仫佬族自治县',2,'罗城仫佬族自治县',',2085,2183,',2183),(2190,'2017-06-18 00:40:35','2017-06-18 00:40:35',0,7,'广西壮族自治区河池市环江毛南族自治县',2,'环江毛南族自治县',',2085,2183,',2183),(2191,'2017-06-18 00:40:36','2017-06-18 00:40:36',0,8,'广西壮族自治区河池市巴马瑶族自治县',2,'巴马瑶族自治县',',2085,2183,',2183),(2192,'2017-06-18 00:40:37','2017-06-18 00:40:37',0,9,'广西壮族自治区河池市都安瑶族自治县',2,'都安瑶族自治县',',2085,2183,',2183),(2193,'2017-06-18 00:40:38','2017-06-18 00:40:38',0,10,'广西壮族自治区河池市大化瑶族自治县',2,'大化瑶族自治县',',2085,2183,',2183),(2194,'2017-06-18 00:40:39','2017-06-18 00:40:39',0,11,'广西壮族自治区河池市宜州市',2,'宜州市',',2085,2183,',2183),(2195,'2017-06-18 00:40:40','2017-06-18 00:40:40',0,13,'广西壮族自治区来宾市',1,'来宾市',',2085,',2085),(2196,'2017-06-18 00:40:41','2017-06-18 00:40:41',0,1,'广西壮族自治区来宾市兴宾区',2,'兴宾区',',2085,2195,',2195),(2197,'2017-06-18 00:40:42','2017-06-18 00:40:42',0,2,'广西壮族自治区来宾市忻城县',2,'忻城县',',2085,2195,',2195),(2198,'2017-06-18 00:40:43','2017-06-18 00:40:43',0,3,'广西壮族自治区来宾市象州县',2,'象州县',',2085,2195,',2195),(2199,'2017-06-18 00:40:44','2017-06-18 00:40:44',0,4,'广西壮族自治区来宾市武宣县',2,'武宣县',',2085,2195,',2195),(2200,'2017-06-18 00:40:45','2017-06-18 00:40:45',0,5,'广西壮族自治区来宾市金秀瑶族自治县',2,'金秀瑶族自治县',',2085,2195,',2195),(2201,'2017-06-18 00:40:46','2017-06-18 00:40:46',0,6,'广西壮族自治区来宾市合山市',2,'合山市',',2085,2195,',2195),(2202,'2017-06-18 00:40:47','2017-06-18 00:40:47',0,14,'广西壮族自治区崇左市',1,'崇左市',',2085,',2085),(2203,'2017-06-18 00:40:48','2017-06-18 00:40:48',0,1,'广西壮族自治区崇左市江州区',2,'江州区',',2085,2202,',2202),(2204,'2017-06-18 00:40:49','2017-06-18 00:40:49',0,2,'广西壮族自治区崇左市扶绥县',2,'扶绥县',',2085,2202,',2202),(2205,'2017-06-18 00:40:50','2017-06-18 00:40:50',0,3,'广西壮族自治区崇左市宁明县',2,'宁明县',',2085,2202,',2202),(2206,'2017-06-18 00:40:51','2017-06-18 00:40:51',0,4,'广西壮族自治区崇左市龙州县',2,'龙州县',',2085,2202,',2202),(2207,'2017-06-18 00:40:52','2017-06-18 00:40:52',0,5,'广西壮族自治区崇左市大新县',2,'大新县',',2085,2202,',2202),(2208,'2017-06-18 00:40:53','2017-06-18 00:40:53',0,6,'广西壮族自治区崇左市天等县',2,'天等县',',2085,2202,',2202),(2209,'2017-06-18 00:40:54','2017-06-18 00:40:54',0,7,'广西壮族自治区崇左市凭祥市',2,'凭祥市',',2085,2202,',2202),(2210,'2017-06-18 00:40:55','2017-06-18 00:40:55',0,21,'海南省',0,'海南省',',',NULL),(2211,'2017-06-18 00:40:56','2017-06-18 00:40:56',0,1,'海南省海口市',1,'海口市',',2210,',2210),(2212,'2017-06-18 00:40:57','2017-06-18 00:40:57',0,1,'海南省海口市秀英区',2,'秀英区',',2210,2211,',2211),(2213,'2017-06-18 00:40:58','2017-06-18 00:40:58',0,2,'海南省海口市龙华区',2,'龙华区',',2210,2211,',2211),(2214,'2017-06-18 00:40:59','2017-06-18 00:40:59',0,3,'海南省海口市琼山区',2,'琼山区',',2210,2211,',2211),(2215,'2017-06-18 00:41:00','2017-06-18 00:41:00',0,4,'海南省海口市美兰区',2,'美兰区',',2210,2211,',2211),(2216,'2017-06-18 00:41:01','2017-06-18 00:41:01',0,2,'海南省三亚市',1,'三亚市',',2210,',2210),(2217,'2017-06-18 00:41:02','2017-06-18 00:41:02',0,3,'海南省三沙市',1,'三沙市',',2210,',2210),(2218,'2017-06-18 00:41:03','2017-06-18 00:41:03',0,1,'海南省三沙市西沙群岛',2,'西沙群岛',',2210,2217,',2217),(2219,'2017-06-18 00:41:04','2017-06-18 00:41:04',0,2,'海南省三沙市南沙群岛',2,'南沙群岛',',2210,2217,',2217),(2220,'2017-06-18 00:41:05','2017-06-18 00:41:05',0,3,'海南省三沙市中沙群岛的岛礁及其海域',2,'中沙群岛的岛礁及其海域',',2210,2217,',2217),(2221,'2017-06-18 00:41:06','2017-06-18 00:41:06',0,4,'海南省五指山市',1,'五指山市',',2210,',2210),(2222,'2017-06-18 00:41:07','2017-06-18 00:41:07',0,5,'海南省琼海市',1,'琼海市',',2210,',2210),(2223,'2017-06-18 00:41:08','2017-06-18 00:41:08',0,6,'海南省儋州市',1,'儋州市',',2210,',2210),(2224,'2017-06-18 00:41:09','2017-06-18 00:41:09',0,7,'海南省文昌市',1,'文昌市',',2210,',2210),(2225,'2017-06-18 00:41:10','2017-06-18 00:41:10',0,8,'海南省万宁市',1,'万宁市',',2210,',2210),(2226,'2017-06-18 00:41:11','2017-06-18 00:41:11',0,9,'海南省东方市',1,'东方市',',2210,',2210),(2227,'2017-06-18 00:41:12','2017-06-18 00:41:12',0,10,'海南省定安县',1,'定安县',',2210,',2210),(2228,'2017-06-18 00:41:13','2017-06-18 00:41:13',0,11,'海南省屯昌县',1,'屯昌县',',2210,',2210),(2229,'2017-06-18 00:41:14','2017-06-18 00:41:14',0,12,'海南省澄迈县',1,'澄迈县',',2210,',2210),(2230,'2017-06-18 00:41:15','2017-06-18 00:41:15',0,13,'海南省临高县',1,'临高县',',2210,',2210),(2231,'2017-06-18 00:41:16','2017-06-18 00:41:16',0,14,'海南省白沙黎族自治县',1,'白沙黎族自治县',',2210,',2210),(2232,'2017-06-18 00:41:17','2017-06-18 00:41:17',0,15,'海南省昌江黎族自治县',1,'昌江黎族自治县',',2210,',2210),(2233,'2017-06-18 00:41:18','2017-06-18 00:41:18',0,16,'海南省乐东黎族自治县',1,'乐东黎族自治县',',2210,',2210),(2234,'2017-06-18 00:41:19','2017-06-18 00:41:19',0,17,'海南省陵水黎族自治县',1,'陵水黎族自治县',',2210,',2210),(2235,'2017-06-18 00:41:20','2017-06-18 00:41:20',0,18,'海南省保亭黎族苗族自治县',1,'保亭黎族苗族自治县',',2210,',2210),(2236,'2017-06-18 00:41:21','2017-06-18 00:41:21',0,19,'海南省琼中黎族苗族自治县',1,'琼中黎族苗族自治县',',2210,',2210),(2237,'2017-06-18 00:41:22','2017-06-18 00:41:22',0,22,'重庆市',0,'重庆市',',',NULL),(2238,'2017-06-18 00:41:23','2017-06-18 00:41:23',0,1,'重庆市万州区',1,'万州区',',2237,',2237),(2239,'2017-06-18 00:41:24','2017-06-18 00:41:24',0,2,'重庆市涪陵区',1,'涪陵区',',2237,',2237),(2240,'2017-06-18 00:41:25','2017-06-18 00:41:25',0,3,'重庆市渝中区',1,'渝中区',',2237,',2237),(2241,'2017-06-18 00:41:26','2017-06-18 00:41:26',0,4,'重庆市大渡口区',1,'大渡口区',',2237,',2237),(2242,'2017-06-18 00:41:27','2017-06-18 00:41:27',0,5,'重庆市江北区',1,'江北区',',2237,',2237),(2243,'2017-06-18 00:41:28','2017-06-18 00:41:28',0,6,'重庆市沙坪坝区',1,'沙坪坝区',',2237,',2237),(2244,'2017-06-18 00:41:29','2017-06-18 00:41:29',0,7,'重庆市九龙坡区',1,'九龙坡区',',2237,',2237),(2245,'2017-06-18 00:41:30','2017-06-18 00:41:30',0,8,'重庆市南岸区',1,'南岸区',',2237,',2237),(2246,'2017-06-18 00:41:31','2017-06-18 00:41:31',0,9,'重庆市北碚区',1,'北碚区',',2237,',2237),(2247,'2017-06-18 00:41:32','2017-06-18 00:41:32',0,10,'重庆市綦江区',1,'綦江区',',2237,',2237),(2248,'2017-06-18 00:41:33','2017-06-18 00:41:33',0,11,'重庆市大足区',1,'大足区',',2237,',2237),(2249,'2017-06-18 00:41:34','2017-06-18 00:41:34',0,12,'重庆市渝北区',1,'渝北区',',2237,',2237),(2250,'2017-06-18 00:41:35','2017-06-18 00:41:35',0,13,'重庆市巴南区',1,'巴南区',',2237,',2237),(2251,'2017-06-18 00:41:36','2017-06-18 00:41:36',0,14,'重庆市黔江区',1,'黔江区',',2237,',2237),(2252,'2017-06-18 00:41:37','2017-06-18 00:41:37',0,15,'重庆市长寿区',1,'长寿区',',2237,',2237),(2253,'2017-06-18 00:41:38','2017-06-18 00:41:38',0,16,'重庆市江津区',1,'江津区',',2237,',2237),(2254,'2017-06-18 00:41:39','2017-06-18 00:41:39',0,17,'重庆市合川区',1,'合川区',',2237,',2237),(2255,'2017-06-18 00:41:40','2017-06-18 00:41:40',0,18,'重庆市永川区',1,'永川区',',2237,',2237),(2256,'2017-06-18 00:41:41','2017-06-18 00:41:41',0,19,'重庆市南川区',1,'南川区',',2237,',2237),(2257,'2017-06-18 00:41:42','2017-06-18 00:41:42',0,20,'重庆市潼南县',1,'潼南县',',2237,',2237),(2258,'2017-06-18 00:41:43','2017-06-18 00:41:43',0,21,'重庆市铜梁县',1,'铜梁县',',2237,',2237),(2259,'2017-06-18 00:41:44','2017-06-18 00:41:44',0,22,'重庆市荣昌县',1,'荣昌县',',2237,',2237),(2260,'2017-06-18 00:41:45','2017-06-18 00:41:45',0,23,'重庆市璧山县',1,'璧山县',',2237,',2237),(2261,'2017-06-18 00:41:46','2017-06-18 00:41:46',0,24,'重庆市梁平县',1,'梁平县',',2237,',2237),(2262,'2017-06-18 00:41:47','2017-06-18 00:41:47',0,25,'重庆市城口县',1,'城口县',',2237,',2237),(2263,'2017-06-18 00:41:48','2017-06-18 00:41:48',0,26,'重庆市丰都县',1,'丰都县',',2237,',2237),(2264,'2017-06-18 00:41:49','2017-06-18 00:41:49',0,27,'重庆市垫江县',1,'垫江县',',2237,',2237),(2265,'2017-06-18 00:41:50','2017-06-18 00:41:50',0,28,'重庆市武隆县',1,'武隆县',',2237,',2237),(2266,'2017-06-18 00:41:51','2017-06-18 00:41:51',0,29,'重庆市忠县',1,'忠县',',2237,',2237),(2267,'2017-06-18 00:41:52','2017-06-18 00:41:52',0,30,'重庆市开县',1,'开县',',2237,',2237),(2268,'2017-06-18 00:41:53','2017-06-18 00:41:53',0,31,'重庆市云阳县',1,'云阳县',',2237,',2237),(2269,'2017-06-18 00:41:54','2017-06-18 00:41:54',0,32,'重庆市奉节县',1,'奉节县',',2237,',2237),(2270,'2017-06-18 00:41:55','2017-06-18 00:41:55',0,33,'重庆市巫山县',1,'巫山县',',2237,',2237),(2271,'2017-06-18 00:41:56','2017-06-18 00:41:56',0,34,'重庆市巫溪县',1,'巫溪县',',2237,',2237),(2272,'2017-06-18 00:41:57','2017-06-18 00:41:57',0,35,'重庆市石柱土家族自治县',1,'石柱土家族自治县',',2237,',2237),(2273,'2017-06-18 00:41:58','2017-06-18 00:41:58',0,36,'重庆市秀山土家族苗族自治县',1,'秀山土家族苗族自治县',',2237,',2237),(2274,'2017-06-18 00:41:59','2017-06-18 00:41:59',0,37,'重庆市酉阳土家族苗族自治县',1,'酉阳土家族苗族自治县',',2237,',2237),(2275,'2017-06-18 00:42:00','2017-06-18 00:42:00',0,38,'重庆市彭水苗族土家族自治县',1,'彭水苗族土家族自治县',',2237,',2237),(2276,'2017-06-18 00:42:01','2017-06-18 00:42:01',0,23,'四川省',0,'四川省',',',NULL),(2277,'2017-06-18 00:42:02','2017-06-18 00:42:02',0,1,'四川省成都市',1,'成都市',',2276,',2276),(2278,'2017-06-18 00:42:03','2017-06-18 00:42:03',0,1,'四川省成都市锦江区',2,'锦江区',',2276,2277,',2277),(2279,'2017-06-18 00:42:04','2017-06-18 00:42:04',0,2,'四川省成都市青羊区',2,'青羊区',',2276,2277,',2277),(2280,'2017-06-18 00:42:05','2017-06-18 00:42:05',0,3,'四川省成都市金牛区',2,'金牛区',',2276,2277,',2277),(2281,'2017-06-18 00:42:06','2017-06-18 00:42:06',0,4,'四川省成都市武侯区',2,'武侯区',',2276,2277,',2277),(2282,'2017-06-18 00:42:07','2017-06-18 00:42:07',0,5,'四川省成都市成华区',2,'成华区',',2276,2277,',2277),(2283,'2017-06-18 00:42:08','2017-06-18 00:42:08',0,6,'四川省成都市龙泉驿区',2,'龙泉驿区',',2276,2277,',2277),(2284,'2017-06-18 00:42:09','2017-06-18 00:42:09',0,7,'四川省成都市青白江区',2,'青白江区',',2276,2277,',2277),(2285,'2017-06-18 00:42:10','2017-06-18 00:42:10',0,8,'四川省成都市新都区',2,'新都区',',2276,2277,',2277),(2286,'2017-06-18 00:42:11','2017-06-18 00:42:11',0,9,'四川省成都市温江区',2,'温江区',',2276,2277,',2277),(2287,'2017-06-18 00:42:12','2017-06-18 00:42:12',0,10,'四川省成都市金堂县',2,'金堂县',',2276,2277,',2277),(2288,'2017-06-18 00:42:13','2017-06-18 00:42:13',0,11,'四川省成都市双流县',2,'双流县',',2276,2277,',2277),(2289,'2017-06-18 00:42:14','2017-06-18 00:42:14',0,12,'四川省成都市郫县',2,'郫县',',2276,2277,',2277),(2290,'2017-06-18 00:42:15','2017-06-18 00:42:15',0,13,'四川省成都市大邑县',2,'大邑县',',2276,2277,',2277),(2291,'2017-06-18 00:42:16','2017-06-18 00:42:16',0,14,'四川省成都市蒲江县',2,'蒲江县',',2276,2277,',2277),(2292,'2017-06-18 00:42:17','2017-06-18 00:42:17',0,15,'四川省成都市新津县',2,'新津县',',2276,2277,',2277),(2293,'2017-06-18 00:42:18','2017-06-18 00:42:18',0,16,'四川省成都市都江堰市',2,'都江堰市',',2276,2277,',2277),(2294,'2017-06-18 00:42:19','2017-06-18 00:42:19',0,17,'四川省成都市彭州市',2,'彭州市',',2276,2277,',2277),(2295,'2017-06-18 00:42:20','2017-06-18 00:42:20',0,18,'四川省成都市邛崃市',2,'邛崃市',',2276,2277,',2277),(2296,'2017-06-18 00:42:21','2017-06-18 00:42:21',0,19,'四川省成都市崇州市',2,'崇州市',',2276,2277,',2277),(2297,'2017-06-18 00:42:22','2017-06-18 00:42:22',0,2,'四川省自贡市',1,'自贡市',',2276,',2276),(2298,'2017-06-18 00:42:23','2017-06-18 00:42:23',0,1,'四川省自贡市自流井区',2,'自流井区',',2276,2297,',2297),(2299,'2017-06-18 00:42:24','2017-06-18 00:42:24',0,2,'四川省自贡市贡井区',2,'贡井区',',2276,2297,',2297),(2300,'2017-06-18 00:42:25','2017-06-18 00:42:25',0,3,'四川省自贡市大安区',2,'大安区',',2276,2297,',2297),(2301,'2017-06-18 00:42:26','2017-06-18 00:42:26',0,4,'四川省自贡市沿滩区',2,'沿滩区',',2276,2297,',2297),(2302,'2017-06-18 00:42:27','2017-06-18 00:42:27',0,5,'四川省自贡市荣县',2,'荣县',',2276,2297,',2297),(2303,'2017-06-18 00:42:28','2017-06-18 00:42:28',0,6,'四川省自贡市富顺县',2,'富顺县',',2276,2297,',2297),(2304,'2017-06-18 00:42:29','2017-06-18 00:42:29',0,3,'四川省攀枝花市',1,'攀枝花市',',2276,',2276),(2305,'2017-06-18 00:42:30','2017-06-18 00:42:30',0,1,'四川省攀枝花市东区',2,'东区',',2276,2304,',2304),(2306,'2017-06-18 00:42:31','2017-06-18 00:42:31',0,2,'四川省攀枝花市西区',2,'西区',',2276,2304,',2304),(2307,'2017-06-18 00:42:32','2017-06-18 00:42:32',0,3,'四川省攀枝花市仁和区',2,'仁和区',',2276,2304,',2304),(2308,'2017-06-18 00:42:33','2017-06-18 00:42:33',0,4,'四川省攀枝花市米易县',2,'米易县',',2276,2304,',2304),(2309,'2017-06-18 00:42:34','2017-06-18 00:42:34',0,5,'四川省攀枝花市盐边县',2,'盐边县',',2276,2304,',2304),(2310,'2017-06-18 00:42:35','2017-06-18 00:42:35',0,4,'四川省泸州市',1,'泸州市',',2276,',2276),(2311,'2017-06-18 00:42:36','2017-06-18 00:42:36',0,1,'四川省泸州市江阳区',2,'江阳区',',2276,2310,',2310),(2312,'2017-06-18 00:42:37','2017-06-18 00:42:37',0,2,'四川省泸州市纳溪区',2,'纳溪区',',2276,2310,',2310),(2313,'2017-06-18 00:42:38','2017-06-18 00:42:38',0,3,'四川省泸州市龙马潭区',2,'龙马潭区',',2276,2310,',2310),(2314,'2017-06-18 00:42:39','2017-06-18 00:42:39',0,4,'四川省泸州市泸县',2,'泸县',',2276,2310,',2310),(2315,'2017-06-18 00:42:40','2017-06-18 00:42:40',0,5,'四川省泸州市合江县',2,'合江县',',2276,2310,',2310),(2316,'2017-06-18 00:42:41','2017-06-18 00:42:41',0,6,'四川省泸州市叙永县',2,'叙永县',',2276,2310,',2310),(2317,'2017-06-18 00:42:42','2017-06-18 00:42:42',0,7,'四川省泸州市古蔺县',2,'古蔺县',',2276,2310,',2310),(2318,'2017-06-18 00:42:43','2017-06-18 00:42:43',0,5,'四川省德阳市',1,'德阳市',',2276,',2276),(2319,'2017-06-18 00:42:44','2017-06-18 00:42:44',0,1,'四川省德阳市旌阳区',2,'旌阳区',',2276,2318,',2318),(2320,'2017-06-18 00:42:45','2017-06-18 00:42:45',0,2,'四川省德阳市中江县',2,'中江县',',2276,2318,',2318),(2321,'2017-06-18 00:42:46','2017-06-18 00:42:46',0,3,'四川省德阳市罗江县',2,'罗江县',',2276,2318,',2318),(2322,'2017-06-18 00:42:47','2017-06-18 00:42:47',0,4,'四川省德阳市广汉市',2,'广汉市',',2276,2318,',2318),(2323,'2017-06-18 00:42:48','2017-06-18 00:42:48',0,5,'四川省德阳市什邡市',2,'什邡市',',2276,2318,',2318),(2324,'2017-06-18 00:42:49','2017-06-18 00:42:49',0,6,'四川省德阳市绵竹市',2,'绵竹市',',2276,2318,',2318),(2325,'2017-06-18 00:42:50','2017-06-18 00:42:50',0,6,'四川省绵阳市',1,'绵阳市',',2276,',2276),(2326,'2017-06-18 00:42:51','2017-06-18 00:42:51',0,1,'四川省绵阳市涪城区',2,'涪城区',',2276,2325,',2325),(2327,'2017-06-18 00:42:52','2017-06-18 00:42:52',0,2,'四川省绵阳市游仙区',2,'游仙区',',2276,2325,',2325),(2328,'2017-06-18 00:42:53','2017-06-18 00:42:53',0,3,'四川省绵阳市三台县',2,'三台县',',2276,2325,',2325),(2329,'2017-06-18 00:42:54','2017-06-18 00:42:54',0,4,'四川省绵阳市盐亭县',2,'盐亭县',',2276,2325,',2325),(2330,'2017-06-18 00:42:55','2017-06-18 00:42:55',0,5,'四川省绵阳市安县',2,'安县',',2276,2325,',2325),(2331,'2017-06-18 00:42:56','2017-06-18 00:42:56',0,6,'四川省绵阳市梓潼县',2,'梓潼县',',2276,2325,',2325),(2332,'2017-06-18 00:42:57','2017-06-18 00:42:57',0,7,'四川省绵阳市北川羌族自治县',2,'北川羌族自治县',',2276,2325,',2325),(2333,'2017-06-18 00:42:58','2017-06-18 00:42:58',0,8,'四川省绵阳市平武县',2,'平武县',',2276,2325,',2325),(2334,'2017-06-18 00:42:59','2017-06-18 00:42:59',0,9,'四川省绵阳市江油市',2,'江油市',',2276,2325,',2325),(2335,'2017-06-18 00:43:00','2017-06-18 00:43:00',0,7,'四川省广元市',1,'广元市',',2276,',2276),(2336,'2017-06-18 00:43:01','2017-06-18 00:43:01',0,1,'四川省广元市利州区',2,'利州区',',2276,2335,',2335),(2337,'2017-06-18 00:43:02','2017-06-18 00:43:02',0,2,'四川省广元市元坝区',2,'元坝区',',2276,2335,',2335),(2338,'2017-06-18 00:43:03','2017-06-18 00:43:03',0,3,'四川省广元市朝天区',2,'朝天区',',2276,2335,',2335),(2339,'2017-06-18 00:43:04','2017-06-18 00:43:04',0,4,'四川省广元市旺苍县',2,'旺苍县',',2276,2335,',2335),(2340,'2017-06-18 00:43:05','2017-06-18 00:43:05',0,5,'四川省广元市青川县',2,'青川县',',2276,2335,',2335),(2341,'2017-06-18 00:43:06','2017-06-18 00:43:06',0,6,'四川省广元市剑阁县',2,'剑阁县',',2276,2335,',2335),(2342,'2017-06-18 00:43:07','2017-06-18 00:43:07',0,7,'四川省广元市苍溪县',2,'苍溪县',',2276,2335,',2335),(2343,'2017-06-18 00:43:08','2017-06-18 00:43:08',0,8,'四川省遂宁市',1,'遂宁市',',2276,',2276),(2344,'2017-06-18 00:43:09','2017-06-18 00:43:09',0,1,'四川省遂宁市船山区',2,'船山区',',2276,2343,',2343),(2345,'2017-06-18 00:43:10','2017-06-18 00:43:10',0,2,'四川省遂宁市安居区',2,'安居区',',2276,2343,',2343),(2346,'2017-06-18 00:43:11','2017-06-18 00:43:11',0,3,'四川省遂宁市蓬溪县',2,'蓬溪县',',2276,2343,',2343),(2347,'2017-06-18 00:43:12','2017-06-18 00:43:12',0,4,'四川省遂宁市射洪县',2,'射洪县',',2276,2343,',2343),(2348,'2017-06-18 00:43:13','2017-06-18 00:43:13',0,5,'四川省遂宁市大英县',2,'大英县',',2276,2343,',2343),(2349,'2017-06-18 00:43:14','2017-06-18 00:43:14',0,9,'四川省内江市',1,'内江市',',2276,',2276),(2350,'2017-06-18 00:43:15','2017-06-18 00:43:15',0,1,'四川省内江市市中区',2,'市中区',',2276,2349,',2349),(2351,'2017-06-18 00:43:16','2017-06-18 00:43:16',0,2,'四川省内江市东兴区',2,'东兴区',',2276,2349,',2349),(2352,'2017-06-18 00:43:17','2017-06-18 00:43:17',0,3,'四川省内江市威远县',2,'威远县',',2276,2349,',2349),(2353,'2017-06-18 00:43:18','2017-06-18 00:43:18',0,4,'四川省内江市资中县',2,'资中县',',2276,2349,',2349),(2354,'2017-06-18 00:43:19','2017-06-18 00:43:19',0,5,'四川省内江市隆昌县',2,'隆昌县',',2276,2349,',2349),(2355,'2017-06-18 00:43:20','2017-06-18 00:43:20',0,10,'四川省乐山市',1,'乐山市',',2276,',2276),(2356,'2017-06-18 00:43:21','2017-06-18 00:43:21',0,1,'四川省乐山市市中区',2,'市中区',',2276,2355,',2355),(2357,'2017-06-18 00:43:22','2017-06-18 00:43:22',0,2,'四川省乐山市沙湾区',2,'沙湾区',',2276,2355,',2355),(2358,'2017-06-18 00:43:23','2017-06-18 00:43:23',0,3,'四川省乐山市五通桥区',2,'五通桥区',',2276,2355,',2355),(2359,'2017-06-18 00:43:24','2017-06-18 00:43:24',0,4,'四川省乐山市金口河区',2,'金口河区',',2276,2355,',2355),(2360,'2017-06-18 00:43:25','2017-06-18 00:43:25',0,5,'四川省乐山市犍为县',2,'犍为县',',2276,2355,',2355),(2361,'2017-06-18 00:43:26','2017-06-18 00:43:26',0,6,'四川省乐山市井研县',2,'井研县',',2276,2355,',2355),(2362,'2017-06-18 00:43:27','2017-06-18 00:43:27',0,7,'四川省乐山市夹江县',2,'夹江县',',2276,2355,',2355),(2363,'2017-06-18 00:43:28','2017-06-18 00:43:28',0,8,'四川省乐山市沐川县',2,'沐川县',',2276,2355,',2355),(2364,'2017-06-18 00:43:29','2017-06-18 00:43:29',0,9,'四川省乐山市峨边彝族自治县',2,'峨边彝族自治县',',2276,2355,',2355),(2365,'2017-06-18 00:43:30','2017-06-18 00:43:30',0,10,'四川省乐山市马边彝族自治县',2,'马边彝族自治县',',2276,2355,',2355),(2366,'2017-06-18 00:43:31','2017-06-18 00:43:31',0,11,'四川省乐山市峨眉山市',2,'峨眉山市',',2276,2355,',2355),(2367,'2017-06-18 00:43:32','2017-06-18 00:43:32',0,11,'四川省南充市',1,'南充市',',2276,',2276),(2368,'2017-06-18 00:43:33','2017-06-18 00:43:33',0,1,'四川省南充市顺庆区',2,'顺庆区',',2276,2367,',2367),(2369,'2017-06-18 00:43:34','2017-06-18 00:43:34',0,2,'四川省南充市高坪区',2,'高坪区',',2276,2367,',2367),(2370,'2017-06-18 00:43:35','2017-06-18 00:43:35',0,3,'四川省南充市嘉陵区',2,'嘉陵区',',2276,2367,',2367),(2371,'2017-06-18 00:43:36','2017-06-18 00:43:36',0,4,'四川省南充市南部县',2,'南部县',',2276,2367,',2367),(2372,'2017-06-18 00:43:37','2017-06-18 00:43:37',0,5,'四川省南充市营山县',2,'营山县',',2276,2367,',2367),(2373,'2017-06-18 00:43:38','2017-06-18 00:43:38',0,6,'四川省南充市蓬安县',2,'蓬安县',',2276,2367,',2367),(2374,'2017-06-18 00:43:39','2017-06-18 00:43:39',0,7,'四川省南充市仪陇县',2,'仪陇县',',2276,2367,',2367),(2375,'2017-06-18 00:43:40','2017-06-18 00:43:40',0,8,'四川省南充市西充县',2,'西充县',',2276,2367,',2367),(2376,'2017-06-18 00:43:41','2017-06-18 00:43:41',0,9,'四川省南充市阆中市',2,'阆中市',',2276,2367,',2367),(2377,'2017-06-18 00:43:42','2017-06-18 00:43:42',0,12,'四川省眉山市',1,'眉山市',',2276,',2276),(2378,'2017-06-18 00:43:43','2017-06-18 00:43:43',0,1,'四川省眉山市东坡区',2,'东坡区',',2276,2377,',2377),(2379,'2017-06-18 00:43:44','2017-06-18 00:43:44',0,2,'四川省眉山市仁寿县',2,'仁寿县',',2276,2377,',2377),(2380,'2017-06-18 00:43:45','2017-06-18 00:43:45',0,3,'四川省眉山市彭山县',2,'彭山县',',2276,2377,',2377),(2381,'2017-06-18 00:43:46','2017-06-18 00:43:46',0,4,'四川省眉山市洪雅县',2,'洪雅县',',2276,2377,',2377),(2382,'2017-06-18 00:43:47','2017-06-18 00:43:47',0,5,'四川省眉山市丹棱县',2,'丹棱县',',2276,2377,',2377),(2383,'2017-06-18 00:43:48','2017-06-18 00:43:48',0,6,'四川省眉山市青神县',2,'青神县',',2276,2377,',2377),(2384,'2017-06-18 00:43:49','2017-06-18 00:43:49',0,13,'四川省宜宾市',1,'宜宾市',',2276,',2276),(2385,'2017-06-18 00:43:50','2017-06-18 00:43:50',0,1,'四川省宜宾市翠屏区',2,'翠屏区',',2276,2384,',2384),(2386,'2017-06-18 00:43:51','2017-06-18 00:43:51',0,2,'四川省宜宾市南溪区',2,'南溪区',',2276,2384,',2384),(2387,'2017-06-18 00:43:52','2017-06-18 00:43:52',0,3,'四川省宜宾市宜宾县',2,'宜宾县',',2276,2384,',2384),(2388,'2017-06-18 00:43:53','2017-06-18 00:43:53',0,4,'四川省宜宾市江安县',2,'江安县',',2276,2384,',2384),(2389,'2017-06-18 00:43:54','2017-06-18 00:43:54',0,5,'四川省宜宾市长宁县',2,'长宁县',',2276,2384,',2384),(2390,'2017-06-18 00:43:55','2017-06-18 00:43:55',0,6,'四川省宜宾市高县',2,'高县',',2276,2384,',2384),(2391,'2017-06-18 00:43:56','2017-06-18 00:43:56',0,7,'四川省宜宾市珙县',2,'珙县',',2276,2384,',2384),(2392,'2017-06-18 00:43:57','2017-06-18 00:43:57',0,8,'四川省宜宾市筠连县',2,'筠连县',',2276,2384,',2384),(2393,'2017-06-18 00:43:58','2017-06-18 00:43:58',0,9,'四川省宜宾市兴文县',2,'兴文县',',2276,2384,',2384),(2394,'2017-06-18 00:43:59','2017-06-18 00:43:59',0,10,'四川省宜宾市屏山县',2,'屏山县',',2276,2384,',2384),(2395,'2017-06-18 00:44:00','2017-06-18 00:44:00',0,14,'四川省广安市',1,'广安市',',2276,',2276),(2396,'2017-06-18 00:44:01','2017-06-18 00:44:01',0,1,'四川省广安市广安区',2,'广安区',',2276,2395,',2395),(2397,'2017-06-18 00:44:02','2017-06-18 00:44:02',0,2,'四川省广安市前锋区',2,'前锋区',',2276,2395,',2395),(2398,'2017-06-18 00:44:03','2017-06-18 00:44:03',0,3,'四川省广安市岳池县',2,'岳池县',',2276,2395,',2395),(2399,'2017-06-18 00:44:04','2017-06-18 00:44:04',0,4,'四川省广安市武胜县',2,'武胜县',',2276,2395,',2395),(2400,'2017-06-18 00:44:05','2017-06-18 00:44:05',0,5,'四川省广安市邻水县',2,'邻水县',',2276,2395,',2395),(2401,'2017-06-18 00:44:06','2017-06-18 00:44:06',0,6,'四川省广安市华蓥市',2,'华蓥市',',2276,2395,',2395),(2402,'2017-06-18 00:44:07','2017-06-18 00:44:07',0,15,'四川省达州市',1,'达州市',',2276,',2276),(2403,'2017-06-18 00:44:08','2017-06-18 00:44:08',0,1,'四川省达州市通川区',2,'通川区',',2276,2402,',2402),(2404,'2017-06-18 00:44:09','2017-06-18 00:44:09',0,2,'四川省达州市达川区',2,'达川区',',2276,2402,',2402),(2405,'2017-06-18 00:44:10','2017-06-18 00:44:10',0,3,'四川省达州市宣汉县',2,'宣汉县',',2276,2402,',2402),(2406,'2017-06-18 00:44:11','2017-06-18 00:44:11',0,4,'四川省达州市开江县',2,'开江县',',2276,2402,',2402),(2407,'2017-06-18 00:44:12','2017-06-18 00:44:12',0,5,'四川省达州市大竹县',2,'大竹县',',2276,2402,',2402),(2408,'2017-06-18 00:44:13','2017-06-18 00:44:13',0,6,'四川省达州市渠县',2,'渠县',',2276,2402,',2402),(2409,'2017-06-18 00:44:14','2017-06-18 00:44:14',0,7,'四川省达州市万源市',2,'万源市',',2276,2402,',2402),(2410,'2017-06-18 00:44:15','2017-06-18 00:44:15',0,16,'四川省雅安市',1,'雅安市',',2276,',2276),(2411,'2017-06-18 00:44:16','2017-06-18 00:44:16',0,1,'四川省雅安市雨城区',2,'雨城区',',2276,2410,',2410),(2412,'2017-06-18 00:44:17','2017-06-18 00:44:17',0,2,'四川省雅安市名山区',2,'名山区',',2276,2410,',2410),(2413,'2017-06-18 00:44:18','2017-06-18 00:44:18',0,3,'四川省雅安市荥经县',2,'荥经县',',2276,2410,',2410),(2414,'2017-06-18 00:44:19','2017-06-18 00:44:19',0,4,'四川省雅安市汉源县',2,'汉源县',',2276,2410,',2410),(2415,'2017-06-18 00:44:20','2017-06-18 00:44:20',0,5,'四川省雅安市石棉县',2,'石棉县',',2276,2410,',2410),(2416,'2017-06-18 00:44:21','2017-06-18 00:44:21',0,6,'四川省雅安市天全县',2,'天全县',',2276,2410,',2410),(2417,'2017-06-18 00:44:22','2017-06-18 00:44:22',0,7,'四川省雅安市芦山县',2,'芦山县',',2276,2410,',2410),(2418,'2017-06-18 00:44:23','2017-06-18 00:44:23',0,8,'四川省雅安市宝兴县',2,'宝兴县',',2276,2410,',2410),(2419,'2017-06-18 00:44:24','2017-06-18 00:44:24',0,17,'四川省巴中市',1,'巴中市',',2276,',2276),(2420,'2017-06-18 00:44:25','2017-06-18 00:44:25',0,1,'四川省巴中市巴州区',2,'巴州区',',2276,2419,',2419),(2421,'2017-06-18 00:44:26','2017-06-18 00:44:26',0,2,'四川省巴中市恩阳区',2,'恩阳区',',2276,2419,',2419),(2422,'2017-06-18 00:44:27','2017-06-18 00:44:27',0,3,'四川省巴中市通江县',2,'通江县',',2276,2419,',2419),(2423,'2017-06-18 00:44:28','2017-06-18 00:44:28',0,4,'四川省巴中市南江县',2,'南江县',',2276,2419,',2419),(2424,'2017-06-18 00:44:29','2017-06-18 00:44:29',0,5,'四川省巴中市平昌县',2,'平昌县',',2276,2419,',2419),(2425,'2017-06-18 00:44:30','2017-06-18 00:44:30',0,18,'四川省资阳市',1,'资阳市',',2276,',2276),(2426,'2017-06-18 00:44:31','2017-06-18 00:44:31',0,1,'四川省资阳市雁江区',2,'雁江区',',2276,2425,',2425),(2427,'2017-06-18 00:44:32','2017-06-18 00:44:32',0,2,'四川省资阳市安岳县',2,'安岳县',',2276,2425,',2425),(2428,'2017-06-18 00:44:33','2017-06-18 00:44:33',0,3,'四川省资阳市乐至县',2,'乐至县',',2276,2425,',2425),(2429,'2017-06-18 00:44:34','2017-06-18 00:44:34',0,4,'四川省资阳市简阳市',2,'简阳市',',2276,2425,',2425),(2430,'2017-06-18 00:44:35','2017-06-18 00:44:35',0,19,'四川省阿坝藏族羌族自治州',1,'阿坝藏族羌族自治州',',2276,',2276),(2431,'2017-06-18 00:44:36','2017-06-18 00:44:36',0,1,'四川省阿坝藏族羌族自治州汶川县',2,'汶川县',',2276,2430,',2430),(2432,'2017-06-18 00:44:37','2017-06-18 00:44:37',0,2,'四川省阿坝藏族羌族自治州理县',2,'理县',',2276,2430,',2430),(2433,'2017-06-18 00:44:38','2017-06-18 00:44:38',0,3,'四川省阿坝藏族羌族自治州茂县',2,'茂县',',2276,2430,',2430),(2434,'2017-06-18 00:44:39','2017-06-18 00:44:39',0,4,'四川省阿坝藏族羌族自治州松潘县',2,'松潘县',',2276,2430,',2430),(2435,'2017-06-18 00:44:40','2017-06-18 00:44:40',0,5,'四川省阿坝藏族羌族自治州九寨沟县',2,'九寨沟县',',2276,2430,',2430),(2436,'2017-06-18 00:44:41','2017-06-18 00:44:41',0,6,'四川省阿坝藏族羌族自治州金川县',2,'金川县',',2276,2430,',2430),(2437,'2017-06-18 00:44:42','2017-06-18 00:44:42',0,7,'四川省阿坝藏族羌族自治州小金县',2,'小金县',',2276,2430,',2430),(2438,'2017-06-18 00:44:43','2017-06-18 00:44:43',0,8,'四川省阿坝藏族羌族自治州黑水县',2,'黑水县',',2276,2430,',2430),(2439,'2017-06-18 00:44:44','2017-06-18 00:44:44',0,9,'四川省阿坝藏族羌族自治州马尔康县',2,'马尔康县',',2276,2430,',2430),(2440,'2017-06-18 00:44:45','2017-06-18 00:44:45',0,10,'四川省阿坝藏族羌族自治州壤塘县',2,'壤塘县',',2276,2430,',2430),(2441,'2017-06-18 00:44:46','2017-06-18 00:44:46',0,11,'四川省阿坝藏族羌族自治州阿坝县',2,'阿坝县',',2276,2430,',2430),(2442,'2017-06-18 00:44:47','2017-06-18 00:44:47',0,12,'四川省阿坝藏族羌族自治州若尔盖县',2,'若尔盖县',',2276,2430,',2430),(2443,'2017-06-18 00:44:48','2017-06-18 00:44:48',0,13,'四川省阿坝藏族羌族自治州红原县',2,'红原县',',2276,2430,',2430),(2444,'2017-06-18 00:44:49','2017-06-18 00:44:49',0,20,'四川省甘孜藏族自治州',1,'甘孜藏族自治州',',2276,',2276),(2445,'2017-06-18 00:44:50','2017-06-18 00:44:50',0,1,'四川省甘孜藏族自治州康定县',2,'康定县',',2276,2444,',2444),(2446,'2017-06-18 00:44:51','2017-06-18 00:44:51',0,2,'四川省甘孜藏族自治州泸定县',2,'泸定县',',2276,2444,',2444),(2447,'2017-06-18 00:44:52','2017-06-18 00:44:52',0,3,'四川省甘孜藏族自治州丹巴县',2,'丹巴县',',2276,2444,',2444),(2448,'2017-06-18 00:44:53','2017-06-18 00:44:53',0,4,'四川省甘孜藏族自治州九龙县',2,'九龙县',',2276,2444,',2444),(2449,'2017-06-18 00:44:54','2017-06-18 00:44:54',0,5,'四川省甘孜藏族自治州雅江县',2,'雅江县',',2276,2444,',2444),(2450,'2017-06-18 00:44:55','2017-06-18 00:44:55',0,6,'四川省甘孜藏族自治州道孚县',2,'道孚县',',2276,2444,',2444),(2451,'2017-06-18 00:44:56','2017-06-18 00:44:56',0,7,'四川省甘孜藏族自治州炉霍县',2,'炉霍县',',2276,2444,',2444),(2452,'2017-06-18 00:44:57','2017-06-18 00:44:57',0,8,'四川省甘孜藏族自治州甘孜县',2,'甘孜县',',2276,2444,',2444),(2453,'2017-06-18 00:44:58','2017-06-18 00:44:58',0,9,'四川省甘孜藏族自治州新龙县',2,'新龙县',',2276,2444,',2444),(2454,'2017-06-18 00:44:59','2017-06-18 00:44:59',0,10,'四川省甘孜藏族自治州德格县',2,'德格县',',2276,2444,',2444),(2455,'2017-06-18 00:45:00','2017-06-18 00:45:00',0,11,'四川省甘孜藏族自治州白玉县',2,'白玉县',',2276,2444,',2444),(2456,'2017-06-18 00:45:01','2017-06-18 00:45:01',0,12,'四川省甘孜藏族自治州石渠县',2,'石渠县',',2276,2444,',2444),(2457,'2017-06-18 00:45:02','2017-06-18 00:45:02',0,13,'四川省甘孜藏族自治州色达县',2,'色达县',',2276,2444,',2444),(2458,'2017-06-18 00:45:03','2017-06-18 00:45:03',0,14,'四川省甘孜藏族自治州理塘县',2,'理塘县',',2276,2444,',2444),(2459,'2017-06-18 00:45:04','2017-06-18 00:45:04',0,15,'四川省甘孜藏族自治州巴塘县',2,'巴塘县',',2276,2444,',2444),(2460,'2017-06-18 00:45:05','2017-06-18 00:45:05',0,16,'四川省甘孜藏族自治州乡城县',2,'乡城县',',2276,2444,',2444),(2461,'2017-06-18 00:45:06','2017-06-18 00:45:06',0,17,'四川省甘孜藏族自治州稻城县',2,'稻城县',',2276,2444,',2444),(2462,'2017-06-18 00:45:07','2017-06-18 00:45:07',0,18,'四川省甘孜藏族自治州得荣县',2,'得荣县',',2276,2444,',2444),(2463,'2017-06-18 00:45:08','2017-06-18 00:45:08',0,21,'四川省凉山彝族自治州',1,'凉山彝族自治州',',2276,',2276),(2464,'2017-06-18 00:45:09','2017-06-18 00:45:09',0,1,'四川省凉山彝族自治州西昌市',2,'西昌市',',2276,2463,',2463),(2465,'2017-06-18 00:45:10','2017-06-18 00:45:10',0,2,'四川省凉山彝族自治州木里藏族自治县',2,'木里藏族自治县',',2276,2463,',2463),(2466,'2017-06-18 00:45:11','2017-06-18 00:45:11',0,3,'四川省凉山彝族自治州盐源县',2,'盐源县',',2276,2463,',2463),(2467,'2017-06-18 00:45:12','2017-06-18 00:45:12',0,4,'四川省凉山彝族自治州德昌县',2,'德昌县',',2276,2463,',2463),(2468,'2017-06-18 00:45:13','2017-06-18 00:45:13',0,5,'四川省凉山彝族自治州会理县',2,'会理县',',2276,2463,',2463),(2469,'2017-06-18 00:45:14','2017-06-18 00:45:14',0,6,'四川省凉山彝族自治州会东县',2,'会东县',',2276,2463,',2463),(2470,'2017-06-18 00:45:15','2017-06-18 00:45:15',0,7,'四川省凉山彝族自治州宁南县',2,'宁南县',',2276,2463,',2463),(2471,'2017-06-18 00:45:16','2017-06-18 00:45:16',0,8,'四川省凉山彝族自治州普格县',2,'普格县',',2276,2463,',2463),(2472,'2017-06-18 00:45:17','2017-06-18 00:45:17',0,9,'四川省凉山彝族自治州布拖县',2,'布拖县',',2276,2463,',2463),(2473,'2017-06-18 00:45:18','2017-06-18 00:45:18',0,10,'四川省凉山彝族自治州金阳县',2,'金阳县',',2276,2463,',2463),(2474,'2017-06-18 00:45:19','2017-06-18 00:45:19',0,11,'四川省凉山彝族自治州昭觉县',2,'昭觉县',',2276,2463,',2463),(2475,'2017-06-18 00:45:20','2017-06-18 00:45:20',0,12,'四川省凉山彝族自治州喜德县',2,'喜德县',',2276,2463,',2463),(2476,'2017-06-18 00:45:21','2017-06-18 00:45:21',0,13,'四川省凉山彝族自治州冕宁县',2,'冕宁县',',2276,2463,',2463),(2477,'2017-06-18 00:45:22','2017-06-18 00:45:22',0,14,'四川省凉山彝族自治州越西县',2,'越西县',',2276,2463,',2463),(2478,'2017-06-18 00:45:23','2017-06-18 00:45:23',0,15,'四川省凉山彝族自治州甘洛县',2,'甘洛县',',2276,2463,',2463),(2479,'2017-06-18 00:45:24','2017-06-18 00:45:24',0,16,'四川省凉山彝族自治州美姑县',2,'美姑县',',2276,2463,',2463),(2480,'2017-06-18 00:45:25','2017-06-18 00:45:25',0,17,'四川省凉山彝族自治州雷波县',2,'雷波县',',2276,2463,',2463),(2481,'2017-06-18 00:45:26','2017-06-18 00:45:26',0,24,'贵州省',0,'贵州省',',',NULL),(2482,'2017-06-18 00:45:27','2017-06-18 00:45:27',0,1,'贵州省贵阳市',1,'贵阳市',',2481,',2481),(2483,'2017-06-18 00:45:28','2017-06-18 00:45:28',0,1,'贵州省贵阳市南明区',2,'南明区',',2481,2482,',2482),(2484,'2017-06-18 00:45:29','2017-06-18 00:45:29',0,2,'贵州省贵阳市云岩区',2,'云岩区',',2481,2482,',2482),(2485,'2017-06-18 00:45:30','2017-06-18 00:45:30',0,3,'贵州省贵阳市花溪区',2,'花溪区',',2481,2482,',2482),(2486,'2017-06-18 00:45:31','2017-06-18 00:45:31',0,4,'贵州省贵阳市乌当区',2,'乌当区',',2481,2482,',2482),(2487,'2017-06-18 00:45:32','2017-06-18 00:45:32',0,5,'贵州省贵阳市白云区',2,'白云区',',2481,2482,',2482),(2488,'2017-06-18 00:45:33','2017-06-18 00:45:33',0,6,'贵州省贵阳市观山湖区',2,'观山湖区',',2481,2482,',2482),(2489,'2017-06-18 00:45:34','2017-06-18 00:45:34',0,7,'贵州省贵阳市开阳县',2,'开阳县',',2481,2482,',2482),(2490,'2017-06-18 00:45:35','2017-06-18 00:45:35',0,8,'贵州省贵阳市息烽县',2,'息烽县',',2481,2482,',2482),(2491,'2017-06-18 00:45:36','2017-06-18 00:45:36',0,9,'贵州省贵阳市修文县',2,'修文县',',2481,2482,',2482),(2492,'2017-06-18 00:45:37','2017-06-18 00:45:37',0,10,'贵州省贵阳市清镇市',2,'清镇市',',2481,2482,',2482),(2493,'2017-06-18 00:45:38','2017-06-18 00:45:38',0,2,'贵州省六盘水市',1,'六盘水市',',2481,',2481),(2494,'2017-06-18 00:45:39','2017-06-18 00:45:39',0,1,'贵州省六盘水市钟山区',2,'钟山区',',2481,2493,',2493),(2495,'2017-06-18 00:45:40','2017-06-18 00:45:40',0,2,'贵州省六盘水市六枝特区',2,'六枝特区',',2481,2493,',2493),(2496,'2017-06-18 00:45:41','2017-06-18 00:45:41',0,3,'贵州省六盘水市水城县',2,'水城县',',2481,2493,',2493),(2497,'2017-06-18 00:45:42','2017-06-18 00:45:42',0,4,'贵州省六盘水市盘县',2,'盘县',',2481,2493,',2493),(2498,'2017-06-18 00:45:43','2017-06-18 00:45:43',0,3,'贵州省遵义市',1,'遵义市',',2481,',2481),(2499,'2017-06-18 00:45:44','2017-06-18 00:45:44',0,1,'贵州省遵义市红花岗区',2,'红花岗区',',2481,2498,',2498),(2500,'2017-06-18 00:45:45','2017-06-18 00:45:45',0,2,'贵州省遵义市汇川区',2,'汇川区',',2481,2498,',2498),(2501,'2017-06-18 00:45:46','2017-06-18 00:45:46',0,3,'贵州省遵义市遵义县',2,'遵义县',',2481,2498,',2498),(2502,'2017-06-18 00:45:47','2017-06-18 00:45:47',0,4,'贵州省遵义市桐梓县',2,'桐梓县',',2481,2498,',2498),(2503,'2017-06-18 00:45:48','2017-06-18 00:45:48',0,5,'贵州省遵义市绥阳县',2,'绥阳县',',2481,2498,',2498),(2504,'2017-06-18 00:45:49','2017-06-18 00:45:49',0,6,'贵州省遵义市正安县',2,'正安县',',2481,2498,',2498),(2505,'2017-06-18 00:45:50','2017-06-18 00:45:50',0,7,'贵州省遵义市道真仡佬族苗族自治县',2,'道真仡佬族苗族自治县',',2481,2498,',2498),(2506,'2017-06-18 00:45:51','2017-06-18 00:45:51',0,8,'贵州省遵义市务川仡佬族苗族自治县',2,'务川仡佬族苗族自治县',',2481,2498,',2498),(2507,'2017-06-18 00:45:52','2017-06-18 00:45:52',0,9,'贵州省遵义市凤冈县',2,'凤冈县',',2481,2498,',2498),(2508,'2017-06-18 00:45:53','2017-06-18 00:45:53',0,10,'贵州省遵义市湄潭县',2,'湄潭县',',2481,2498,',2498),(2509,'2017-06-18 00:45:54','2017-06-18 00:45:54',0,11,'贵州省遵义市余庆县',2,'余庆县',',2481,2498,',2498),(2510,'2017-06-18 00:45:55','2017-06-18 00:45:55',0,12,'贵州省遵义市习水县',2,'习水县',',2481,2498,',2498),(2511,'2017-06-18 00:45:56','2017-06-18 00:45:56',0,13,'贵州省遵义市赤水市',2,'赤水市',',2481,2498,',2498),(2512,'2017-06-18 00:45:57','2017-06-18 00:45:57',0,14,'贵州省遵义市仁怀市',2,'仁怀市',',2481,2498,',2498),(2513,'2017-06-18 00:45:58','2017-06-18 00:45:58',0,4,'贵州省安顺市',1,'安顺市',',2481,',2481),(2514,'2017-06-18 00:45:59','2017-06-18 00:45:59',0,1,'贵州省安顺市西秀区',2,'西秀区',',2481,2513,',2513),(2515,'2017-06-18 00:46:00','2017-06-18 00:46:00',0,2,'贵州省安顺市平坝县',2,'平坝县',',2481,2513,',2513),(2516,'2017-06-18 00:46:01','2017-06-18 00:46:01',0,3,'贵州省安顺市普定县',2,'普定县',',2481,2513,',2513),(2517,'2017-06-18 00:46:02','2017-06-18 00:46:02',0,4,'贵州省安顺市镇宁布依族苗族自治县',2,'镇宁布依族苗族自治县',',2481,2513,',2513),(2518,'2017-06-18 00:46:03','2017-06-18 00:46:03',0,5,'贵州省安顺市关岭布依族苗族自治县',2,'关岭布依族苗族自治县',',2481,2513,',2513),(2519,'2017-06-18 00:46:04','2017-06-18 00:46:04',0,6,'贵州省安顺市紫云苗族布依族自治县',2,'紫云苗族布依族自治县',',2481,2513,',2513),(2520,'2017-06-18 00:46:05','2017-06-18 00:46:05',0,5,'贵州省毕节市',1,'毕节市',',2481,',2481),(2521,'2017-06-18 00:46:06','2017-06-18 00:46:06',0,1,'贵州省毕节市七星关区',2,'七星关区',',2481,2520,',2520),(2522,'2017-06-18 00:46:07','2017-06-18 00:46:07',0,2,'贵州省毕节市大方县',2,'大方县',',2481,2520,',2520),(2523,'2017-06-18 00:46:08','2017-06-18 00:46:08',0,3,'贵州省毕节市黔西县',2,'黔西县',',2481,2520,',2520),(2524,'2017-06-18 00:46:09','2017-06-18 00:46:09',0,4,'贵州省毕节市金沙县',2,'金沙县',',2481,2520,',2520),(2525,'2017-06-18 00:46:10','2017-06-18 00:46:10',0,5,'贵州省毕节市织金县',2,'织金县',',2481,2520,',2520),(2526,'2017-06-18 00:46:11','2017-06-18 00:46:11',0,6,'贵州省毕节市纳雍县',2,'纳雍县',',2481,2520,',2520),(2527,'2017-06-18 00:46:12','2017-06-18 00:46:12',0,7,'贵州省毕节市威宁彝族回族苗族自治县',2,'威宁彝族回族苗族自治县',',2481,2520,',2520),(2528,'2017-06-18 00:46:13','2017-06-18 00:46:13',0,8,'贵州省毕节市赫章县',2,'赫章县',',2481,2520,',2520),(2529,'2017-06-18 00:46:14','2017-06-18 00:46:14',0,6,'贵州省铜仁市',1,'铜仁市',',2481,',2481),(2530,'2017-06-18 00:46:15','2017-06-18 00:46:15',0,1,'贵州省铜仁市碧江区',2,'碧江区',',2481,2529,',2529),(2531,'2017-06-18 00:46:16','2017-06-18 00:46:16',0,2,'贵州省铜仁市万山区',2,'万山区',',2481,2529,',2529),(2532,'2017-06-18 00:46:17','2017-06-18 00:46:17',0,3,'贵州省铜仁市江口县',2,'江口县',',2481,2529,',2529),(2533,'2017-06-18 00:46:18','2017-06-18 00:46:18',0,4,'贵州省铜仁市玉屏侗族自治县',2,'玉屏侗族自治县',',2481,2529,',2529),(2534,'2017-06-18 00:46:19','2017-06-18 00:46:19',0,5,'贵州省铜仁市石阡县',2,'石阡县',',2481,2529,',2529),(2535,'2017-06-18 00:46:20','2017-06-18 00:46:20',0,6,'贵州省铜仁市思南县',2,'思南县',',2481,2529,',2529),(2536,'2017-06-18 00:46:21','2017-06-18 00:46:21',0,7,'贵州省铜仁市印江土家族苗族自治县',2,'印江土家族苗族自治县',',2481,2529,',2529),(2537,'2017-06-18 00:46:22','2017-06-18 00:46:22',0,8,'贵州省铜仁市德江县',2,'德江县',',2481,2529,',2529),(2538,'2017-06-18 00:46:23','2017-06-18 00:46:23',0,9,'贵州省铜仁市沿河土家族自治县',2,'沿河土家族自治县',',2481,2529,',2529),(2539,'2017-06-18 00:46:24','2017-06-18 00:46:24',0,10,'贵州省铜仁市松桃苗族自治县',2,'松桃苗族自治县',',2481,2529,',2529),(2540,'2017-06-18 00:46:25','2017-06-18 00:46:25',0,7,'贵州省黔西南布依族苗族自治州',1,'黔西南布依族苗族自治州',',2481,',2481),(2541,'2017-06-18 00:46:26','2017-06-18 00:46:26',0,1,'贵州省黔西南布依族苗族自治州兴义市',2,'兴义市',',2481,2540,',2540),(2542,'2017-06-18 00:46:27','2017-06-18 00:46:27',0,2,'贵州省黔西南布依族苗族自治州兴仁县',2,'兴仁县',',2481,2540,',2540),(2543,'2017-06-18 00:46:28','2017-06-18 00:46:28',0,3,'贵州省黔西南布依族苗族自治州普安县',2,'普安县',',2481,2540,',2540),(2544,'2017-06-18 00:46:29','2017-06-18 00:46:29',0,4,'贵州省黔西南布依族苗族自治州晴隆县',2,'晴隆县',',2481,2540,',2540),(2545,'2017-06-18 00:46:30','2017-06-18 00:46:30',0,5,'贵州省黔西南布依族苗族自治州贞丰县',2,'贞丰县',',2481,2540,',2540),(2546,'2017-06-18 00:46:31','2017-06-18 00:46:31',0,6,'贵州省黔西南布依族苗族自治州望谟县',2,'望谟县',',2481,2540,',2540),(2547,'2017-06-18 00:46:32','2017-06-18 00:46:32',0,7,'贵州省黔西南布依族苗族自治州册亨县',2,'册亨县',',2481,2540,',2540),(2548,'2017-06-18 00:46:33','2017-06-18 00:46:33',0,8,'贵州省黔西南布依族苗族自治州安龙县',2,'安龙县',',2481,2540,',2540),(2549,'2017-06-18 00:46:34','2017-06-18 00:46:34',0,8,'贵州省黔东南苗族侗族自治州',1,'黔东南苗族侗族自治州',',2481,',2481),(2550,'2017-06-18 00:46:35','2017-06-18 00:46:35',0,1,'贵州省黔东南苗族侗族自治州凯里市',2,'凯里市',',2481,2549,',2549),(2551,'2017-06-18 00:46:36','2017-06-18 00:46:36',0,2,'贵州省黔东南苗族侗族自治州黄平县',2,'黄平县',',2481,2549,',2549),(2552,'2017-06-18 00:46:37','2017-06-18 00:46:37',0,3,'贵州省黔东南苗族侗族自治州施秉县',2,'施秉县',',2481,2549,',2549),(2553,'2017-06-18 00:46:38','2017-06-18 00:46:38',0,4,'贵州省黔东南苗族侗族自治州三穗县',2,'三穗县',',2481,2549,',2549),(2554,'2017-06-18 00:46:39','2017-06-18 00:46:39',0,5,'贵州省黔东南苗族侗族自治州镇远县',2,'镇远县',',2481,2549,',2549),(2555,'2017-06-18 00:46:40','2017-06-18 00:46:40',0,6,'贵州省黔东南苗族侗族自治州岑巩县',2,'岑巩县',',2481,2549,',2549),(2556,'2017-06-18 00:46:41','2017-06-18 00:46:41',0,7,'贵州省黔东南苗族侗族自治州天柱县',2,'天柱县',',2481,2549,',2549),(2557,'2017-06-18 00:46:42','2017-06-18 00:46:42',0,8,'贵州省黔东南苗族侗族自治州锦屏县',2,'锦屏县',',2481,2549,',2549),(2558,'2017-06-18 00:46:43','2017-06-18 00:46:43',0,9,'贵州省黔东南苗族侗族自治州剑河县',2,'剑河县',',2481,2549,',2549),(2559,'2017-06-18 00:46:44','2017-06-18 00:46:44',0,10,'贵州省黔东南苗族侗族自治州台江县',2,'台江县',',2481,2549,',2549),(2560,'2017-06-18 00:46:45','2017-06-18 00:46:45',0,11,'贵州省黔东南苗族侗族自治州黎平县',2,'黎平县',',2481,2549,',2549),(2561,'2017-06-18 00:46:46','2017-06-18 00:46:46',0,12,'贵州省黔东南苗族侗族自治州榕江县',2,'榕江县',',2481,2549,',2549),(2562,'2017-06-18 00:46:47','2017-06-18 00:46:47',0,13,'贵州省黔东南苗族侗族自治州从江县',2,'从江县',',2481,2549,',2549),(2563,'2017-06-18 00:46:48','2017-06-18 00:46:48',0,14,'贵州省黔东南苗族侗族自治州雷山县',2,'雷山县',',2481,2549,',2549),(2564,'2017-06-18 00:46:49','2017-06-18 00:46:49',0,15,'贵州省黔东南苗族侗族自治州麻江县',2,'麻江县',',2481,2549,',2549),(2565,'2017-06-18 00:46:50','2017-06-18 00:46:50',0,16,'贵州省黔东南苗族侗族自治州丹寨县',2,'丹寨县',',2481,2549,',2549),(2566,'2017-06-18 00:46:51','2017-06-18 00:46:51',0,9,'贵州省黔南布依族苗族自治州',1,'黔南布依族苗族自治州',',2481,',2481),(2567,'2017-06-18 00:46:52','2017-06-18 00:46:52',0,1,'贵州省黔南布依族苗族自治州都匀市',2,'都匀市',',2481,2566,',2566),(2568,'2017-06-18 00:46:53','2017-06-18 00:46:53',0,2,'贵州省黔南布依族苗族自治州福泉市',2,'福泉市',',2481,2566,',2566),(2569,'2017-06-18 00:46:54','2017-06-18 00:46:54',0,3,'贵州省黔南布依族苗族自治州荔波县',2,'荔波县',',2481,2566,',2566),(2570,'2017-06-18 00:46:55','2017-06-18 00:46:55',0,4,'贵州省黔南布依族苗族自治州贵定县',2,'贵定县',',2481,2566,',2566),(2571,'2017-06-18 00:46:56','2017-06-18 00:46:56',0,5,'贵州省黔南布依族苗族自治州瓮安县',2,'瓮安县',',2481,2566,',2566),(2572,'2017-06-18 00:46:57','2017-06-18 00:46:57',0,6,'贵州省黔南布依族苗族自治州独山县',2,'独山县',',2481,2566,',2566),(2573,'2017-06-18 00:46:58','2017-06-18 00:46:58',0,7,'贵州省黔南布依族苗族自治州平塘县',2,'平塘县',',2481,2566,',2566),(2574,'2017-06-18 00:46:59','2017-06-18 00:46:59',0,8,'贵州省黔南布依族苗族自治州罗甸县',2,'罗甸县',',2481,2566,',2566),(2575,'2017-06-18 00:47:00','2017-06-18 00:47:00',0,9,'贵州省黔南布依族苗族自治州长顺县',2,'长顺县',',2481,2566,',2566),(2576,'2017-06-18 00:47:01','2017-06-18 00:47:01',0,10,'贵州省黔南布依族苗族自治州龙里县',2,'龙里县',',2481,2566,',2566),(2577,'2017-06-18 00:47:02','2017-06-18 00:47:02',0,11,'贵州省黔南布依族苗族自治州惠水县',2,'惠水县',',2481,2566,',2566),(2578,'2017-06-18 00:47:03','2017-06-18 00:47:03',0,12,'贵州省黔南布依族苗族自治州三都水族自治县',2,'三都水族自治县',',2481,2566,',2566),(2579,'2017-06-18 00:47:04','2017-06-18 00:47:04',0,25,'云南省',0,'云南省',',',NULL),(2580,'2017-06-18 00:47:05','2017-06-18 00:47:05',0,1,'云南省昆明市',1,'昆明市',',2579,',2579),(2581,'2017-06-18 00:47:06','2017-06-18 00:47:06',0,1,'云南省昆明市五华区',2,'五华区',',2579,2580,',2580),(2582,'2017-06-18 00:47:07','2017-06-18 00:47:07',0,2,'云南省昆明市盘龙区',2,'盘龙区',',2579,2580,',2580),(2583,'2017-06-18 00:47:08','2017-06-18 00:47:08',0,3,'云南省昆明市官渡区',2,'官渡区',',2579,2580,',2580),(2584,'2017-06-18 00:47:09','2017-06-18 00:47:09',0,4,'云南省昆明市西山区',2,'西山区',',2579,2580,',2580),(2585,'2017-06-18 00:47:10','2017-06-18 00:47:10',0,5,'云南省昆明市东川区',2,'东川区',',2579,2580,',2580),(2586,'2017-06-18 00:47:11','2017-06-18 00:47:11',0,6,'云南省昆明市呈贡区',2,'呈贡区',',2579,2580,',2580),(2587,'2017-06-18 00:47:12','2017-06-18 00:47:12',0,7,'云南省昆明市晋宁县',2,'晋宁县',',2579,2580,',2580),(2588,'2017-06-18 00:47:13','2017-06-18 00:47:13',0,8,'云南省昆明市富民县',2,'富民县',',2579,2580,',2580),(2589,'2017-06-18 00:47:14','2017-06-18 00:47:14',0,9,'云南省昆明市宜良县',2,'宜良县',',2579,2580,',2580),(2590,'2017-06-18 00:47:15','2017-06-18 00:47:15',0,10,'云南省昆明市石林彝族自治县',2,'石林彝族自治县',',2579,2580,',2580),(2591,'2017-06-18 00:47:16','2017-06-18 00:47:16',0,11,'云南省昆明市嵩明县',2,'嵩明县',',2579,2580,',2580),(2592,'2017-06-18 00:47:17','2017-06-18 00:47:17',0,12,'云南省昆明市禄劝彝族苗族自治县',2,'禄劝彝族苗族自治县',',2579,2580,',2580),(2593,'2017-06-18 00:47:18','2017-06-18 00:47:18',0,13,'云南省昆明市寻甸回族彝族自治县',2,'寻甸回族彝族自治县',',2579,2580,',2580),(2594,'2017-06-18 00:47:19','2017-06-18 00:47:19',0,14,'云南省昆明市安宁市',2,'安宁市',',2579,2580,',2580),(2595,'2017-06-18 00:47:20','2017-06-18 00:47:20',0,2,'云南省曲靖市',1,'曲靖市',',2579,',2579),(2596,'2017-06-18 00:47:21','2017-06-18 00:47:21',0,1,'云南省曲靖市麒麟区',2,'麒麟区',',2579,2595,',2595),(2597,'2017-06-18 00:47:22','2017-06-18 00:47:22',0,2,'云南省曲靖市马龙县',2,'马龙县',',2579,2595,',2595),(2598,'2017-06-18 00:47:23','2017-06-18 00:47:23',0,3,'云南省曲靖市陆良县',2,'陆良县',',2579,2595,',2595),(2599,'2017-06-18 00:47:24','2017-06-18 00:47:24',0,4,'云南省曲靖市师宗县',2,'师宗县',',2579,2595,',2595),(2600,'2017-06-18 00:47:25','2017-06-18 00:47:25',0,5,'云南省曲靖市罗平县',2,'罗平县',',2579,2595,',2595),(2601,'2017-06-18 00:47:26','2017-06-18 00:47:26',0,6,'云南省曲靖市富源县',2,'富源县',',2579,2595,',2595),(2602,'2017-06-18 00:47:27','2017-06-18 00:47:27',0,7,'云南省曲靖市会泽县',2,'会泽县',',2579,2595,',2595),(2603,'2017-06-18 00:47:28','2017-06-18 00:47:28',0,8,'云南省曲靖市沾益县',2,'沾益县',',2579,2595,',2595),(2604,'2017-06-18 00:47:29','2017-06-18 00:47:29',0,9,'云南省曲靖市宣威市',2,'宣威市',',2579,2595,',2595),(2605,'2017-06-18 00:47:30','2017-06-18 00:47:30',0,3,'云南省玉溪市',1,'玉溪市',',2579,',2579),(2606,'2017-06-18 00:47:31','2017-06-18 00:47:31',0,1,'云南省玉溪市红塔区',2,'红塔区',',2579,2605,',2605),(2607,'2017-06-18 00:47:32','2017-06-18 00:47:32',0,2,'云南省玉溪市江川县',2,'江川县',',2579,2605,',2605),(2608,'2017-06-18 00:47:33','2017-06-18 00:47:33',0,3,'云南省玉溪市澄江县',2,'澄江县',',2579,2605,',2605),(2609,'2017-06-18 00:47:34','2017-06-18 00:47:34',0,4,'云南省玉溪市通海县',2,'通海县',',2579,2605,',2605),(2610,'2017-06-18 00:47:35','2017-06-18 00:47:35',0,5,'云南省玉溪市华宁县',2,'华宁县',',2579,2605,',2605),(2611,'2017-06-18 00:47:36','2017-06-18 00:47:36',0,6,'云南省玉溪市易门县',2,'易门县',',2579,2605,',2605),(2612,'2017-06-18 00:47:37','2017-06-18 00:47:37',0,7,'云南省玉溪市峨山彝族自治县',2,'峨山彝族自治县',',2579,2605,',2605),(2613,'2017-06-18 00:47:38','2017-06-18 00:47:38',0,8,'云南省玉溪市新平彝族傣族自治县',2,'新平彝族傣族自治县',',2579,2605,',2605),(2614,'2017-06-18 00:47:39','2017-06-18 00:47:39',0,9,'云南省玉溪市元江哈尼族彝族傣族自治县',2,'元江哈尼族彝族傣族自治县',',2579,2605,',2605),(2615,'2017-06-18 00:47:40','2017-06-18 00:47:40',0,4,'云南省保山市',1,'保山市',',2579,',2579),(2616,'2017-06-18 00:47:41','2017-06-18 00:47:41',0,1,'云南省保山市隆阳区',2,'隆阳区',',2579,2615,',2615),(2617,'2017-06-18 00:47:42','2017-06-18 00:47:42',0,2,'云南省保山市施甸县',2,'施甸县',',2579,2615,',2615),(2618,'2017-06-18 00:47:43','2017-06-18 00:47:43',0,3,'云南省保山市腾冲县',2,'腾冲县',',2579,2615,',2615),(2619,'2017-06-18 00:47:44','2017-06-18 00:47:44',0,4,'云南省保山市龙陵县',2,'龙陵县',',2579,2615,',2615),(2620,'2017-06-18 00:47:45','2017-06-18 00:47:45',0,5,'云南省保山市昌宁县',2,'昌宁县',',2579,2615,',2615),(2621,'2017-06-18 00:47:46','2017-06-18 00:47:46',0,5,'云南省昭通市',1,'昭通市',',2579,',2579),(2622,'2017-06-18 00:47:47','2017-06-18 00:47:47',0,1,'云南省昭通市昭阳区',2,'昭阳区',',2579,2621,',2621),(2623,'2017-06-18 00:47:48','2017-06-18 00:47:48',0,2,'云南省昭通市鲁甸县',2,'鲁甸县',',2579,2621,',2621),(2624,'2017-06-18 00:47:49','2017-06-18 00:47:49',0,3,'云南省昭通市巧家县',2,'巧家县',',2579,2621,',2621),(2625,'2017-06-18 00:47:50','2017-06-18 00:47:50',0,4,'云南省昭通市盐津县',2,'盐津县',',2579,2621,',2621),(2626,'2017-06-18 00:47:51','2017-06-18 00:47:51',0,5,'云南省昭通市大关县',2,'大关县',',2579,2621,',2621),(2627,'2017-06-18 00:47:52','2017-06-18 00:47:52',0,6,'云南省昭通市永善县',2,'永善县',',2579,2621,',2621),(2628,'2017-06-18 00:47:53','2017-06-18 00:47:53',0,7,'云南省昭通市绥江县',2,'绥江县',',2579,2621,',2621),(2629,'2017-06-18 00:47:54','2017-06-18 00:47:54',0,8,'云南省昭通市镇雄县',2,'镇雄县',',2579,2621,',2621),(2630,'2017-06-18 00:47:55','2017-06-18 00:47:55',0,9,'云南省昭通市彝良县',2,'彝良县',',2579,2621,',2621),(2631,'2017-06-18 00:47:56','2017-06-18 00:47:56',0,10,'云南省昭通市威信县',2,'威信县',',2579,2621,',2621),(2632,'2017-06-18 00:47:57','2017-06-18 00:47:57',0,11,'云南省昭通市水富县',2,'水富县',',2579,2621,',2621),(2633,'2017-06-18 00:47:58','2017-06-18 00:47:58',0,6,'云南省丽江市',1,'丽江市',',2579,',2579),(2634,'2017-06-18 00:47:59','2017-06-18 00:47:59',0,1,'云南省丽江市古城区',2,'古城区',',2579,2633,',2633),(2635,'2017-06-18 00:48:00','2017-06-18 00:48:00',0,2,'云南省丽江市玉龙纳西族自治县',2,'玉龙纳西族自治县',',2579,2633,',2633),(2636,'2017-06-18 00:48:01','2017-06-18 00:48:01',0,3,'云南省丽江市永胜县',2,'永胜县',',2579,2633,',2633),(2637,'2017-06-18 00:48:02','2017-06-18 00:48:02',0,4,'云南省丽江市华坪县',2,'华坪县',',2579,2633,',2633),(2638,'2017-06-18 00:48:03','2017-06-18 00:48:03',0,5,'云南省丽江市宁蒗彝族自治县',2,'宁蒗彝族自治县',',2579,2633,',2633),(2639,'2017-06-18 00:48:04','2017-06-18 00:48:04',0,7,'云南省普洱市',1,'普洱市',',2579,',2579),(2640,'2017-06-18 00:48:05','2017-06-18 00:48:05',0,1,'云南省普洱市思茅区',2,'思茅区',',2579,2639,',2639),(2641,'2017-06-18 00:48:06','2017-06-18 00:48:06',0,2,'云南省普洱市宁洱哈尼族彝族自治县',2,'宁洱哈尼族彝族自治县',',2579,2639,',2639),(2642,'2017-06-18 00:48:07','2017-06-18 00:48:07',0,3,'云南省普洱市墨江哈尼族自治县',2,'墨江哈尼族自治县',',2579,2639,',2639),(2643,'2017-06-18 00:48:08','2017-06-18 00:48:08',0,4,'云南省普洱市景东彝族自治县',2,'景东彝族自治县',',2579,2639,',2639),(2644,'2017-06-18 00:48:09','2017-06-18 00:48:09',0,5,'云南省普洱市景谷傣族彝族自治县',2,'景谷傣族彝族自治县',',2579,2639,',2639),(2645,'2017-06-18 00:48:10','2017-06-18 00:48:10',0,6,'云南省普洱市镇沅彝族哈尼族拉祜族自治县',2,'镇沅彝族哈尼族拉祜族自治县',',2579,2639,',2639),(2646,'2017-06-18 00:48:11','2017-06-18 00:48:11',0,7,'云南省普洱市江城哈尼族彝族自治县',2,'江城哈尼族彝族自治县',',2579,2639,',2639),(2647,'2017-06-18 00:48:12','2017-06-18 00:48:12',0,8,'云南省普洱市孟连傣族拉祜族佤族自治县',2,'孟连傣族拉祜族佤族自治县',',2579,2639,',2639),(2648,'2017-06-18 00:48:13','2017-06-18 00:48:13',0,9,'云南省普洱市澜沧拉祜族自治县',2,'澜沧拉祜族自治县',',2579,2639,',2639),(2649,'2017-06-18 00:48:14','2017-06-18 00:48:14',0,10,'云南省普洱市西盟佤族自治县',2,'西盟佤族自治县',',2579,2639,',2639),(2650,'2017-06-18 00:48:15','2017-06-18 00:48:15',0,8,'云南省临沧市',1,'临沧市',',2579,',2579),(2651,'2017-06-18 00:48:16','2017-06-18 00:48:16',0,1,'云南省临沧市临翔区',2,'临翔区',',2579,2650,',2650),(2652,'2017-06-18 00:48:17','2017-06-18 00:48:17',0,2,'云南省临沧市凤庆县',2,'凤庆县',',2579,2650,',2650),(2653,'2017-06-18 00:48:18','2017-06-18 00:48:18',0,3,'云南省临沧市云县',2,'云县',',2579,2650,',2650),(2654,'2017-06-18 00:48:19','2017-06-18 00:48:19',0,4,'云南省临沧市永德县',2,'永德县',',2579,2650,',2650),(2655,'2017-06-18 00:48:20','2017-06-18 00:48:20',0,5,'云南省临沧市镇康县',2,'镇康县',',2579,2650,',2650),(2656,'2017-06-18 00:48:21','2017-06-18 00:48:21',0,6,'云南省临沧市双江拉祜族佤族布朗族傣族自治县',2,'双江拉祜族佤族布朗族傣族自治县',',2579,2650,',2650),(2657,'2017-06-18 00:48:22','2017-06-18 00:48:22',0,7,'云南省临沧市耿马傣族佤族自治县',2,'耿马傣族佤族自治县',',2579,2650,',2650),(2658,'2017-06-18 00:48:23','2017-06-18 00:48:23',0,8,'云南省临沧市沧源佤族自治县',2,'沧源佤族自治县',',2579,2650,',2650),(2659,'2017-06-18 00:48:24','2017-06-18 00:48:24',0,9,'云南省楚雄彝族自治州',1,'楚雄彝族自治州',',2579,',2579),(2660,'2017-06-18 00:48:25','2017-06-18 00:48:25',0,1,'云南省楚雄彝族自治州楚雄市',2,'楚雄市',',2579,2659,',2659),(2661,'2017-06-18 00:48:26','2017-06-18 00:48:26',0,2,'云南省楚雄彝族自治州双柏县',2,'双柏县',',2579,2659,',2659),(2662,'2017-06-18 00:48:27','2017-06-18 00:48:27',0,3,'云南省楚雄彝族自治州牟定县',2,'牟定县',',2579,2659,',2659),(2663,'2017-06-18 00:48:28','2017-06-18 00:48:28',0,4,'云南省楚雄彝族自治州南华县',2,'南华县',',2579,2659,',2659),(2664,'2017-06-18 00:48:29','2017-06-18 00:48:29',0,5,'云南省楚雄彝族自治州姚安县',2,'姚安县',',2579,2659,',2659),(2665,'2017-06-18 00:48:30','2017-06-18 00:48:30',0,6,'云南省楚雄彝族自治州大姚县',2,'大姚县',',2579,2659,',2659),(2666,'2017-06-18 00:48:31','2017-06-18 00:48:31',0,7,'云南省楚雄彝族自治州永仁县',2,'永仁县',',2579,2659,',2659),(2667,'2017-06-18 00:48:32','2017-06-18 00:48:32',0,8,'云南省楚雄彝族自治州元谋县',2,'元谋县',',2579,2659,',2659),(2668,'2017-06-18 00:48:33','2017-06-18 00:48:33',0,9,'云南省楚雄彝族自治州武定县',2,'武定县',',2579,2659,',2659),(2669,'2017-06-18 00:48:34','2017-06-18 00:48:34',0,10,'云南省楚雄彝族自治州禄丰县',2,'禄丰县',',2579,2659,',2659),(2670,'2017-06-18 00:48:35','2017-06-18 00:48:35',0,10,'云南省红河哈尼族彝族自治州',1,'红河哈尼族彝族自治州',',2579,',2579),(2671,'2017-06-18 00:48:36','2017-06-18 00:48:36',0,1,'云南省红河哈尼族彝族自治州个旧市',2,'个旧市',',2579,2670,',2670),(2672,'2017-06-18 00:48:37','2017-06-18 00:48:37',0,2,'云南省红河哈尼族彝族自治州开远市',2,'开远市',',2579,2670,',2670),(2673,'2017-06-18 00:48:38','2017-06-18 00:48:38',0,3,'云南省红河哈尼族彝族自治州蒙自市',2,'蒙自市',',2579,2670,',2670),(2674,'2017-06-18 00:48:39','2017-06-18 00:48:39',0,4,'云南省红河哈尼族彝族自治州弥勒市',2,'弥勒市',',2579,2670,',2670),(2675,'2017-06-18 00:48:40','2017-06-18 00:48:40',0,5,'云南省红河哈尼族彝族自治州屏边苗族自治县',2,'屏边苗族自治县',',2579,2670,',2670),(2676,'2017-06-18 00:48:41','2017-06-18 00:48:41',0,6,'云南省红河哈尼族彝族自治州建水县',2,'建水县',',2579,2670,',2670),(2677,'2017-06-18 00:48:42','2017-06-18 00:48:42',0,7,'云南省红河哈尼族彝族自治州石屏县',2,'石屏县',',2579,2670,',2670),(2678,'2017-06-18 00:48:43','2017-06-18 00:48:43',0,8,'云南省红河哈尼族彝族自治州泸西县',2,'泸西县',',2579,2670,',2670),(2679,'2017-06-18 00:48:44','2017-06-18 00:48:44',0,9,'云南省红河哈尼族彝族自治州元阳县',2,'元阳县',',2579,2670,',2670),(2680,'2017-06-18 00:48:45','2017-06-18 00:48:45',0,10,'云南省红河哈尼族彝族自治州红河县',2,'红河县',',2579,2670,',2670),(2681,'2017-06-18 00:48:46','2017-06-18 00:48:46',0,11,'云南省红河哈尼族彝族自治州金平苗族瑶族傣族自治县',2,'金平苗族瑶族傣族自治县',',2579,2670,',2670),(2682,'2017-06-18 00:48:47','2017-06-18 00:48:47',0,12,'云南省红河哈尼族彝族自治州绿春县',2,'绿春县',',2579,2670,',2670),(2683,'2017-06-18 00:48:48','2017-06-18 00:48:48',0,13,'云南省红河哈尼族彝族自治州河口瑶族自治县',2,'河口瑶族自治县',',2579,2670,',2670),(2684,'2017-06-18 00:48:49','2017-06-18 00:48:49',0,11,'云南省文山壮族苗族自治州',1,'文山壮族苗族自治州',',2579,',2579),(2685,'2017-06-18 00:48:50','2017-06-18 00:48:50',0,1,'云南省文山壮族苗族自治州文山市',2,'文山市',',2579,2684,',2684),(2686,'2017-06-18 00:48:51','2017-06-18 00:48:51',0,2,'云南省文山壮族苗族自治州砚山县',2,'砚山县',',2579,2684,',2684),(2687,'2017-06-18 00:48:52','2017-06-18 00:48:52',0,3,'云南省文山壮族苗族自治州西畴县',2,'西畴县',',2579,2684,',2684),(2688,'2017-06-18 00:48:53','2017-06-18 00:48:53',0,4,'云南省文山壮族苗族自治州麻栗坡县',2,'麻栗坡县',',2579,2684,',2684),(2689,'2017-06-18 00:48:54','2017-06-18 00:48:54',0,5,'云南省文山壮族苗族自治州马关县',2,'马关县',',2579,2684,',2684),(2690,'2017-06-18 00:48:55','2017-06-18 00:48:55',0,6,'云南省文山壮族苗族自治州丘北县',2,'丘北县',',2579,2684,',2684),(2691,'2017-06-18 00:48:56','2017-06-18 00:48:56',0,7,'云南省文山壮族苗族自治州广南县',2,'广南县',',2579,2684,',2684),(2692,'2017-06-18 00:48:57','2017-06-18 00:48:57',0,8,'云南省文山壮族苗族自治州富宁县',2,'富宁县',',2579,2684,',2684),(2693,'2017-06-18 00:48:58','2017-06-18 00:48:58',0,12,'云南省西双版纳傣族自治州',1,'西双版纳傣族自治州',',2579,',2579),(2694,'2017-06-18 00:48:59','2017-06-18 00:48:59',0,1,'云南省西双版纳傣族自治州景洪市',2,'景洪市',',2579,2693,',2693),(2695,'2017-06-18 00:49:00','2017-06-18 00:49:00',0,2,'云南省西双版纳傣族自治州勐海县',2,'勐海县',',2579,2693,',2693),(2696,'2017-06-18 00:49:01','2017-06-18 00:49:01',0,3,'云南省西双版纳傣族自治州勐腊县',2,'勐腊县',',2579,2693,',2693),(2697,'2017-06-18 00:49:02','2017-06-18 00:49:02',0,13,'云南省大理白族自治州',1,'大理白族自治州',',2579,',2579),(2698,'2017-06-18 00:49:03','2017-06-18 00:49:03',0,1,'云南省大理白族自治州大理市',2,'大理市',',2579,2697,',2697),(2699,'2017-06-18 00:49:04','2017-06-18 00:49:04',0,2,'云南省大理白族自治州漾濞彝族自治县',2,'漾濞彝族自治县',',2579,2697,',2697),(2700,'2017-06-18 00:49:05','2017-06-18 00:49:05',0,3,'云南省大理白族自治州祥云县',2,'祥云县',',2579,2697,',2697),(2701,'2017-06-18 00:49:06','2017-06-18 00:49:06',0,4,'云南省大理白族自治州宾川县',2,'宾川县',',2579,2697,',2697),(2702,'2017-06-18 00:49:07','2017-06-18 00:49:07',0,5,'云南省大理白族自治州弥渡县',2,'弥渡县',',2579,2697,',2697),(2703,'2017-06-18 00:49:08','2017-06-18 00:49:08',0,6,'云南省大理白族自治州南涧彝族自治县',2,'南涧彝族自治县',',2579,2697,',2697),(2704,'2017-06-18 00:49:09','2017-06-18 00:49:09',0,7,'云南省大理白族自治州巍山彝族回族自治县',2,'巍山彝族回族自治县',',2579,2697,',2697),(2705,'2017-06-18 00:49:10','2017-06-18 00:49:10',0,8,'云南省大理白族自治州永平县',2,'永平县',',2579,2697,',2697),(2706,'2017-06-18 00:49:11','2017-06-18 00:49:11',0,9,'云南省大理白族自治州云龙县',2,'云龙县',',2579,2697,',2697),(2707,'2017-06-18 00:49:12','2017-06-18 00:49:12',0,10,'云南省大理白族自治州洱源县',2,'洱源县',',2579,2697,',2697),(2708,'2017-06-18 00:49:13','2017-06-18 00:49:13',0,11,'云南省大理白族自治州剑川县',2,'剑川县',',2579,2697,',2697),(2709,'2017-06-18 00:49:14','2017-06-18 00:49:14',0,12,'云南省大理白族自治州鹤庆县',2,'鹤庆县',',2579,2697,',2697),(2710,'2017-06-18 00:49:15','2017-06-18 00:49:15',0,14,'云南省德宏傣族景颇族自治州',1,'德宏傣族景颇族自治州',',2579,',2579),(2711,'2017-06-18 00:49:16','2017-06-18 00:49:16',0,1,'云南省德宏傣族景颇族自治州瑞丽市',2,'瑞丽市',',2579,2710,',2710),(2712,'2017-06-18 00:49:17','2017-06-18 00:49:17',0,2,'云南省德宏傣族景颇族自治州芒市',2,'芒市',',2579,2710,',2710),(2713,'2017-06-18 00:49:18','2017-06-18 00:49:18',0,3,'云南省德宏傣族景颇族自治州梁河县',2,'梁河县',',2579,2710,',2710),(2714,'2017-06-18 00:49:19','2017-06-18 00:49:19',0,4,'云南省德宏傣族景颇族自治州盈江县',2,'盈江县',',2579,2710,',2710),(2715,'2017-06-18 00:49:20','2017-06-18 00:49:20',0,5,'云南省德宏傣族景颇族自治州陇川县',2,'陇川县',',2579,2710,',2710),(2716,'2017-06-18 00:49:21','2017-06-18 00:49:21',0,15,'云南省怒江傈僳族自治州',1,'怒江傈僳族自治州',',2579,',2579),(2717,'2017-06-18 00:49:22','2017-06-18 00:49:22',0,1,'云南省怒江傈僳族自治州泸水县',2,'泸水县',',2579,2716,',2716),(2718,'2017-06-18 00:49:23','2017-06-18 00:49:23',0,2,'云南省怒江傈僳族自治州福贡县',2,'福贡县',',2579,2716,',2716),(2719,'2017-06-18 00:49:24','2017-06-18 00:49:24',0,3,'云南省怒江傈僳族自治州贡山独龙族怒族自治县',2,'贡山独龙族怒族自治县',',2579,2716,',2716),(2720,'2017-06-18 00:49:25','2017-06-18 00:49:25',0,4,'云南省怒江傈僳族自治州兰坪白族普米族自治县',2,'兰坪白族普米族自治县',',2579,2716,',2716),(2721,'2017-06-18 00:49:26','2017-06-18 00:49:26',0,16,'云南省迪庆藏族自治州',1,'迪庆藏族自治州',',2579,',2579),(2722,'2017-06-18 00:49:27','2017-06-18 00:49:27',0,1,'云南省迪庆藏族自治州香格里拉县',2,'香格里拉县',',2579,2721,',2721),(2723,'2017-06-18 00:49:28','2017-06-18 00:49:28',0,2,'云南省迪庆藏族自治州德钦县',2,'德钦县',',2579,2721,',2721),(2724,'2017-06-18 00:49:29','2017-06-18 00:49:29',0,3,'云南省迪庆藏族自治州维西傈僳族自治县',2,'维西傈僳族自治县',',2579,2721,',2721),(2725,'2017-06-18 00:49:30','2017-06-18 00:49:30',0,26,'西藏自治区',0,'西藏自治区',',',NULL),(2726,'2017-06-18 00:49:31','2017-06-18 00:49:31',0,1,'西藏自治区拉萨市',1,'拉萨市',',2725,',2725),(2727,'2017-06-18 00:49:32','2017-06-18 00:49:32',0,1,'西藏自治区拉萨市城关区',2,'城关区',',2725,2726,',2726),(2728,'2017-06-18 00:49:33','2017-06-18 00:49:33',0,2,'西藏自治区拉萨市林周县',2,'林周县',',2725,2726,',2726),(2729,'2017-06-18 00:49:34','2017-06-18 00:49:34',0,3,'西藏自治区拉萨市当雄县',2,'当雄县',',2725,2726,',2726),(2730,'2017-06-18 00:49:35','2017-06-18 00:49:35',0,4,'西藏自治区拉萨市尼木县',2,'尼木县',',2725,2726,',2726),(2731,'2017-06-18 00:49:36','2017-06-18 00:49:36',0,5,'西藏自治区拉萨市曲水县',2,'曲水县',',2725,2726,',2726),(2732,'2017-06-18 00:49:37','2017-06-18 00:49:37',0,6,'西藏自治区拉萨市堆龙德庆县',2,'堆龙德庆县',',2725,2726,',2726),(2733,'2017-06-18 00:49:38','2017-06-18 00:49:38',0,7,'西藏自治区拉萨市达孜县',2,'达孜县',',2725,2726,',2726),(2734,'2017-06-18 00:49:39','2017-06-18 00:49:39',0,8,'西藏自治区拉萨市墨竹工卡县',2,'墨竹工卡县',',2725,2726,',2726),(2735,'2017-06-18 00:49:40','2017-06-18 00:49:40',0,2,'西藏自治区昌都地区',1,'昌都地区',',2725,',2725),(2736,'2017-06-18 00:49:41','2017-06-18 00:49:41',0,1,'西藏自治区昌都地区昌都县',2,'昌都县',',2725,2735,',2735),(2737,'2017-06-18 00:49:42','2017-06-18 00:49:42',0,2,'西藏自治区昌都地区江达县',2,'江达县',',2725,2735,',2735),(2738,'2017-06-18 00:49:43','2017-06-18 00:49:43',0,3,'西藏自治区昌都地区贡觉县',2,'贡觉县',',2725,2735,',2735),(2739,'2017-06-18 00:49:44','2017-06-18 00:49:44',0,4,'西藏自治区昌都地区类乌齐县',2,'类乌齐县',',2725,2735,',2735),(2740,'2017-06-18 00:49:45','2017-06-18 00:49:45',0,5,'西藏自治区昌都地区丁青县',2,'丁青县',',2725,2735,',2735),(2741,'2017-06-18 00:49:46','2017-06-18 00:49:46',0,6,'西藏自治区昌都地区察雅县',2,'察雅县',',2725,2735,',2735),(2742,'2017-06-18 00:49:47','2017-06-18 00:49:47',0,7,'西藏自治区昌都地区八宿县',2,'八宿县',',2725,2735,',2735),(2743,'2017-06-18 00:49:48','2017-06-18 00:49:48',0,8,'西藏自治区昌都地区左贡县',2,'左贡县',',2725,2735,',2735),(2744,'2017-06-18 00:49:49','2017-06-18 00:49:49',0,9,'西藏自治区昌都地区芒康县',2,'芒康县',',2725,2735,',2735),(2745,'2017-06-18 00:49:50','2017-06-18 00:49:50',0,10,'西藏自治区昌都地区洛隆县',2,'洛隆县',',2725,2735,',2735),(2746,'2017-06-18 00:49:51','2017-06-18 00:49:51',0,11,'西藏自治区昌都地区边坝县',2,'边坝县',',2725,2735,',2735),(2747,'2017-06-18 00:49:52','2017-06-18 00:49:52',0,3,'西藏自治区山南地区',1,'山南地区',',2725,',2725),(2748,'2017-06-18 00:49:53','2017-06-18 00:49:53',0,1,'西藏自治区山南地区乃东县',2,'乃东县',',2725,2747,',2747),(2749,'2017-06-18 00:49:54','2017-06-18 00:49:54',0,2,'西藏自治区山南地区扎囊县',2,'扎囊县',',2725,2747,',2747),(2750,'2017-06-18 00:49:55','2017-06-18 00:49:55',0,3,'西藏自治区山南地区贡嘎县',2,'贡嘎县',',2725,2747,',2747),(2751,'2017-06-18 00:49:56','2017-06-18 00:49:56',0,4,'西藏自治区山南地区桑日县',2,'桑日县',',2725,2747,',2747),(2752,'2017-06-18 00:49:57','2017-06-18 00:49:57',0,5,'西藏自治区山南地区琼结县',2,'琼结县',',2725,2747,',2747),(2753,'2017-06-18 00:49:58','2017-06-18 00:49:58',0,6,'西藏自治区山南地区曲松县',2,'曲松县',',2725,2747,',2747),(2754,'2017-06-18 00:49:59','2017-06-18 00:49:59',0,7,'西藏自治区山南地区措美县',2,'措美县',',2725,2747,',2747),(2755,'2017-06-18 00:50:00','2017-06-18 00:50:00',0,8,'西藏自治区山南地区洛扎县',2,'洛扎县',',2725,2747,',2747),(2756,'2017-06-18 00:50:01','2017-06-18 00:50:01',0,9,'西藏自治区山南地区加查县',2,'加查县',',2725,2747,',2747),(2757,'2017-06-18 00:50:02','2017-06-18 00:50:02',0,10,'西藏自治区山南地区隆子县',2,'隆子县',',2725,2747,',2747),(2758,'2017-06-18 00:50:03','2017-06-18 00:50:03',0,11,'西藏自治区山南地区错那县',2,'错那县',',2725,2747,',2747),(2759,'2017-06-18 00:50:04','2017-06-18 00:50:04',0,12,'西藏自治区山南地区浪卡子县',2,'浪卡子县',',2725,2747,',2747),(2760,'2017-06-18 00:50:05','2017-06-18 00:50:05',0,4,'西藏自治区日喀则地区',1,'日喀则地区',',2725,',2725),(2761,'2017-06-18 00:50:06','2017-06-18 00:50:06',0,1,'西藏自治区日喀则地区日喀则市',2,'日喀则市',',2725,2760,',2760),(2762,'2017-06-18 00:50:07','2017-06-18 00:50:07',0,2,'西藏自治区日喀则地区南木林县',2,'南木林县',',2725,2760,',2760),(2763,'2017-06-18 00:50:08','2017-06-18 00:50:08',0,3,'西藏自治区日喀则地区江孜县',2,'江孜县',',2725,2760,',2760),(2764,'2017-06-18 00:50:09','2017-06-18 00:50:09',0,4,'西藏自治区日喀则地区定日县',2,'定日县',',2725,2760,',2760),(2765,'2017-06-18 00:50:10','2017-06-18 00:50:10',0,5,'西藏自治区日喀则地区萨迦县',2,'萨迦县',',2725,2760,',2760),(2766,'2017-06-18 00:50:11','2017-06-18 00:50:11',0,6,'西藏自治区日喀则地区拉孜县',2,'拉孜县',',2725,2760,',2760),(2767,'2017-06-18 00:50:12','2017-06-18 00:50:12',0,7,'西藏自治区日喀则地区昂仁县',2,'昂仁县',',2725,2760,',2760),(2768,'2017-06-18 00:50:13','2017-06-18 00:50:13',0,8,'西藏自治区日喀则地区谢通门县',2,'谢通门县',',2725,2760,',2760),(2769,'2017-06-18 00:50:14','2017-06-18 00:50:14',0,9,'西藏自治区日喀则地区白朗县',2,'白朗县',',2725,2760,',2760),(2770,'2017-06-18 00:50:15','2017-06-18 00:50:15',0,10,'西藏自治区日喀则地区仁布县',2,'仁布县',',2725,2760,',2760),(2771,'2017-06-18 00:50:16','2017-06-18 00:50:16',0,11,'西藏自治区日喀则地区康马县',2,'康马县',',2725,2760,',2760),(2772,'2017-06-18 00:50:17','2017-06-18 00:50:17',0,12,'西藏自治区日喀则地区定结县',2,'定结县',',2725,2760,',2760),(2773,'2017-06-18 00:50:18','2017-06-18 00:50:18',0,13,'西藏自治区日喀则地区仲巴县',2,'仲巴县',',2725,2760,',2760),(2774,'2017-06-18 00:50:19','2017-06-18 00:50:19',0,14,'西藏自治区日喀则地区亚东县',2,'亚东县',',2725,2760,',2760),(2775,'2017-06-18 00:50:20','2017-06-18 00:50:20',0,15,'西藏自治区日喀则地区吉隆县',2,'吉隆县',',2725,2760,',2760),(2776,'2017-06-18 00:50:21','2017-06-18 00:50:21',0,16,'西藏自治区日喀则地区聂拉木县',2,'聂拉木县',',2725,2760,',2760),(2777,'2017-06-18 00:50:22','2017-06-18 00:50:22',0,17,'西藏自治区日喀则地区萨嘎县',2,'萨嘎县',',2725,2760,',2760),(2778,'2017-06-18 00:50:23','2017-06-18 00:50:23',0,18,'西藏自治区日喀则地区岗巴县',2,'岗巴县',',2725,2760,',2760),(2779,'2017-06-18 00:50:24','2017-06-18 00:50:24',0,5,'西藏自治区那曲地区',1,'那曲地区',',2725,',2725),(2780,'2017-06-18 00:50:25','2017-06-18 00:50:25',0,1,'西藏自治区那曲地区那曲县',2,'那曲县',',2725,2779,',2779),(2781,'2017-06-18 00:50:26','2017-06-18 00:50:26',0,2,'西藏自治区那曲地区嘉黎县',2,'嘉黎县',',2725,2779,',2779),(2782,'2017-06-18 00:50:27','2017-06-18 00:50:27',0,3,'西藏自治区那曲地区比如县',2,'比如县',',2725,2779,',2779),(2783,'2017-06-18 00:50:28','2017-06-18 00:50:28',0,4,'西藏自治区那曲地区聂荣县',2,'聂荣县',',2725,2779,',2779),(2784,'2017-06-18 00:50:29','2017-06-18 00:50:29',0,5,'西藏自治区那曲地区安多县',2,'安多县',',2725,2779,',2779),(2785,'2017-06-18 00:50:30','2017-06-18 00:50:30',0,6,'西藏自治区那曲地区申扎县',2,'申扎县',',2725,2779,',2779),(2786,'2017-06-18 00:50:31','2017-06-18 00:50:31',0,7,'西藏自治区那曲地区索县',2,'索县',',2725,2779,',2779),(2787,'2017-06-18 00:50:32','2017-06-18 00:50:32',0,8,'西藏自治区那曲地区班戈县',2,'班戈县',',2725,2779,',2779),(2788,'2017-06-18 00:50:33','2017-06-18 00:50:33',0,9,'西藏自治区那曲地区巴青县',2,'巴青县',',2725,2779,',2779),(2789,'2017-06-18 00:50:34','2017-06-18 00:50:34',0,10,'西藏自治区那曲地区尼玛县',2,'尼玛县',',2725,2779,',2779),(2790,'2017-06-18 00:50:35','2017-06-18 00:50:35',0,11,'西藏自治区那曲地区双湖县',2,'双湖县',',2725,2779,',2779),(2791,'2017-06-18 00:50:36','2017-06-18 00:50:36',0,6,'西藏自治区阿里地区',1,'阿里地区',',2725,',2725),(2792,'2017-06-18 00:50:37','2017-06-18 00:50:37',0,1,'西藏自治区阿里地区普兰县',2,'普兰县',',2725,2791,',2791),(2793,'2017-06-18 00:50:38','2017-06-18 00:50:38',0,2,'西藏自治区阿里地区札达县',2,'札达县',',2725,2791,',2791),(2794,'2017-06-18 00:50:39','2017-06-18 00:50:39',0,3,'西藏自治区阿里地区噶尔县',2,'噶尔县',',2725,2791,',2791),(2795,'2017-06-18 00:50:40','2017-06-18 00:50:40',0,4,'西藏自治区阿里地区日土县',2,'日土县',',2725,2791,',2791),(2796,'2017-06-18 00:50:41','2017-06-18 00:50:41',0,5,'西藏自治区阿里地区革吉县',2,'革吉县',',2725,2791,',2791),(2797,'2017-06-18 00:50:42','2017-06-18 00:50:42',0,6,'西藏自治区阿里地区改则县',2,'改则县',',2725,2791,',2791),(2798,'2017-06-18 00:50:43','2017-06-18 00:50:43',0,7,'西藏自治区阿里地区措勤县',2,'措勤县',',2725,2791,',2791),(2799,'2017-06-18 00:50:44','2017-06-18 00:50:44',0,7,'西藏自治区林芝地区',1,'林芝地区',',2725,',2725),(2800,'2017-06-18 00:50:45','2017-06-18 00:50:45',0,1,'西藏自治区林芝地区林芝县',2,'林芝县',',2725,2799,',2799),(2801,'2017-06-18 00:50:46','2017-06-18 00:50:46',0,2,'西藏自治区林芝地区工布江达县',2,'工布江达县',',2725,2799,',2799),(2802,'2017-06-18 00:50:47','2017-06-18 00:50:47',0,3,'西藏自治区林芝地区米林县',2,'米林县',',2725,2799,',2799),(2803,'2017-06-18 00:50:48','2017-06-18 00:50:48',0,4,'西藏自治区林芝地区墨脱县',2,'墨脱县',',2725,2799,',2799),(2804,'2017-06-18 00:50:49','2017-06-18 00:50:49',0,5,'西藏自治区林芝地区波密县',2,'波密县',',2725,2799,',2799),(2805,'2017-06-18 00:50:50','2017-06-18 00:50:50',0,6,'西藏自治区林芝地区察隅县',2,'察隅县',',2725,2799,',2799),(2806,'2017-06-18 00:50:51','2017-06-18 00:50:51',0,7,'西藏自治区林芝地区朗县',2,'朗县',',2725,2799,',2799),(2807,'2017-06-18 00:50:52','2017-06-18 00:50:52',0,27,'陕西省',0,'陕西省',',',NULL),(2808,'2017-06-18 00:50:53','2017-06-18 00:50:53',0,1,'陕西省西安市',1,'西安市',',2807,',2807),(2809,'2017-06-18 00:50:54','2017-06-18 00:50:54',0,1,'陕西省西安市新城区',2,'新城区',',2807,2808,',2808),(2810,'2017-06-18 00:50:55','2017-06-18 00:50:55',0,2,'陕西省西安市碑林区',2,'碑林区',',2807,2808,',2808),(2811,'2017-06-18 00:50:56','2017-06-18 00:50:56',0,3,'陕西省西安市莲湖区',2,'莲湖区',',2807,2808,',2808),(2812,'2017-06-18 00:50:57','2017-06-18 00:50:57',0,4,'陕西省西安市灞桥区',2,'灞桥区',',2807,2808,',2808),(2813,'2017-06-18 00:50:58','2017-06-18 00:50:58',0,5,'陕西省西安市未央区',2,'未央区',',2807,2808,',2808),(2814,'2017-06-18 00:50:59','2017-06-18 00:50:59',0,6,'陕西省西安市雁塔区',2,'雁塔区',',2807,2808,',2808),(2815,'2017-06-18 00:51:00','2017-06-18 00:51:00',0,7,'陕西省西安市阎良区',2,'阎良区',',2807,2808,',2808),(2816,'2017-06-18 00:51:01','2017-06-18 00:51:01',0,8,'陕西省西安市临潼区',2,'临潼区',',2807,2808,',2808),(2817,'2017-06-18 00:51:02','2017-06-18 00:51:02',0,9,'陕西省西安市长安区',2,'长安区',',2807,2808,',2808),(2818,'2017-06-18 00:51:03','2017-06-18 00:51:03',0,10,'陕西省西安市蓝田县',2,'蓝田县',',2807,2808,',2808),(2819,'2017-06-18 00:51:04','2017-06-18 00:51:04',0,11,'陕西省西安市周至县',2,'周至县',',2807,2808,',2808),(2820,'2017-06-18 00:51:05','2017-06-18 00:51:05',0,12,'陕西省西安市户县',2,'户县',',2807,2808,',2808),(2821,'2017-06-18 00:51:06','2017-06-18 00:51:06',0,13,'陕西省西安市高陵县',2,'高陵县',',2807,2808,',2808),(2822,'2017-06-18 00:51:07','2017-06-18 00:51:07',0,2,'陕西省铜川市',1,'铜川市',',2807,',2807),(2823,'2017-06-18 00:51:08','2017-06-18 00:51:08',0,1,'陕西省铜川市王益区',2,'王益区',',2807,2822,',2822),(2824,'2017-06-18 00:51:09','2017-06-18 00:51:09',0,2,'陕西省铜川市印台区',2,'印台区',',2807,2822,',2822),(2825,'2017-06-18 00:51:10','2017-06-18 00:51:10',0,3,'陕西省铜川市耀州区',2,'耀州区',',2807,2822,',2822),(2826,'2017-06-18 00:51:11','2017-06-18 00:51:11',0,4,'陕西省铜川市宜君县',2,'宜君县',',2807,2822,',2822),(2827,'2017-06-18 00:51:12','2017-06-18 00:51:12',0,3,'陕西省宝鸡市',1,'宝鸡市',',2807,',2807),(2828,'2017-06-18 00:51:13','2017-06-18 00:51:13',0,1,'陕西省宝鸡市渭滨区',2,'渭滨区',',2807,2827,',2827),(2829,'2017-06-18 00:51:14','2017-06-18 00:51:14',0,2,'陕西省宝鸡市金台区',2,'金台区',',2807,2827,',2827),(2830,'2017-06-18 00:51:15','2017-06-18 00:51:15',0,3,'陕西省宝鸡市陈仓区',2,'陈仓区',',2807,2827,',2827),(2831,'2017-06-18 00:51:16','2017-06-18 00:51:16',0,4,'陕西省宝鸡市凤翔县',2,'凤翔县',',2807,2827,',2827),(2832,'2017-06-18 00:51:17','2017-06-18 00:51:17',0,5,'陕西省宝鸡市岐山县',2,'岐山县',',2807,2827,',2827),(2833,'2017-06-18 00:51:18','2017-06-18 00:51:18',0,6,'陕西省宝鸡市扶风县',2,'扶风县',',2807,2827,',2827),(2834,'2017-06-18 00:51:19','2017-06-18 00:51:19',0,7,'陕西省宝鸡市眉县',2,'眉县',',2807,2827,',2827),(2835,'2017-06-18 00:51:20','2017-06-18 00:51:20',0,8,'陕西省宝鸡市陇县',2,'陇县',',2807,2827,',2827),(2836,'2017-06-18 00:51:21','2017-06-18 00:51:21',0,9,'陕西省宝鸡市千阳县',2,'千阳县',',2807,2827,',2827),(2837,'2017-06-18 00:51:22','2017-06-18 00:51:22',0,10,'陕西省宝鸡市麟游县',2,'麟游县',',2807,2827,',2827),(2838,'2017-06-18 00:51:23','2017-06-18 00:51:23',0,11,'陕西省宝鸡市凤县',2,'凤县',',2807,2827,',2827),(2839,'2017-06-18 00:51:24','2017-06-18 00:51:24',0,12,'陕西省宝鸡市太白县',2,'太白县',',2807,2827,',2827),(2840,'2017-06-18 00:51:25','2017-06-18 00:51:25',0,4,'陕西省咸阳市',1,'咸阳市',',2807,',2807),(2841,'2017-06-18 00:51:26','2017-06-18 00:51:26',0,1,'陕西省咸阳市秦都区',2,'秦都区',',2807,2840,',2840),(2842,'2017-06-18 00:51:27','2017-06-18 00:51:27',0,2,'陕西省咸阳市杨陵区',2,'杨陵区',',2807,2840,',2840),(2843,'2017-06-18 00:51:28','2017-06-18 00:51:28',0,3,'陕西省咸阳市渭城区',2,'渭城区',',2807,2840,',2840),(2844,'2017-06-18 00:51:29','2017-06-18 00:51:29',0,4,'陕西省咸阳市三原县',2,'三原县',',2807,2840,',2840),(2845,'2017-06-18 00:51:30','2017-06-18 00:51:30',0,5,'陕西省咸阳市泾阳县',2,'泾阳县',',2807,2840,',2840),(2846,'2017-06-18 00:51:31','2017-06-18 00:51:31',0,6,'陕西省咸阳市乾县',2,'乾县',',2807,2840,',2840),(2847,'2017-06-18 00:51:32','2017-06-18 00:51:32',0,7,'陕西省咸阳市礼泉县',2,'礼泉县',',2807,2840,',2840),(2848,'2017-06-18 00:51:33','2017-06-18 00:51:33',0,8,'陕西省咸阳市永寿县',2,'永寿县',',2807,2840,',2840),(2849,'2017-06-18 00:51:34','2017-06-18 00:51:34',0,9,'陕西省咸阳市彬县',2,'彬县',',2807,2840,',2840),(2850,'2017-06-18 00:51:35','2017-06-18 00:51:35',0,10,'陕西省咸阳市长武县',2,'长武县',',2807,2840,',2840),(2851,'2017-06-18 00:51:36','2017-06-18 00:51:36',0,11,'陕西省咸阳市旬邑县',2,'旬邑县',',2807,2840,',2840),(2852,'2017-06-18 00:51:37','2017-06-18 00:51:37',0,12,'陕西省咸阳市淳化县',2,'淳化县',',2807,2840,',2840),(2853,'2017-06-18 00:51:38','2017-06-18 00:51:38',0,13,'陕西省咸阳市武功县',2,'武功县',',2807,2840,',2840),(2854,'2017-06-18 00:51:39','2017-06-18 00:51:39',0,14,'陕西省咸阳市兴平市',2,'兴平市',',2807,2840,',2840),(2855,'2017-06-18 00:51:40','2017-06-18 00:51:40',0,5,'陕西省渭南市',1,'渭南市',',2807,',2807),(2856,'2017-06-18 00:51:41','2017-06-18 00:51:41',0,1,'陕西省渭南市临渭区',2,'临渭区',',2807,2855,',2855),(2857,'2017-06-18 00:51:42','2017-06-18 00:51:42',0,2,'陕西省渭南市华县',2,'华县',',2807,2855,',2855),(2858,'2017-06-18 00:51:43','2017-06-18 00:51:43',0,3,'陕西省渭南市潼关县',2,'潼关县',',2807,2855,',2855),(2859,'2017-06-18 00:51:44','2017-06-18 00:51:44',0,4,'陕西省渭南市大荔县',2,'大荔县',',2807,2855,',2855),(2860,'2017-06-18 00:51:45','2017-06-18 00:51:45',0,5,'陕西省渭南市合阳县',2,'合阳县',',2807,2855,',2855),(2861,'2017-06-18 00:51:46','2017-06-18 00:51:46',0,6,'陕西省渭南市澄城县',2,'澄城县',',2807,2855,',2855),(2862,'2017-06-18 00:51:47','2017-06-18 00:51:47',0,7,'陕西省渭南市蒲城县',2,'蒲城县',',2807,2855,',2855),(2863,'2017-06-18 00:51:48','2017-06-18 00:51:48',0,8,'陕西省渭南市白水县',2,'白水县',',2807,2855,',2855),(2864,'2017-06-18 00:51:49','2017-06-18 00:51:49',0,9,'陕西省渭南市富平县',2,'富平县',',2807,2855,',2855),(2865,'2017-06-18 00:51:50','2017-06-18 00:51:50',0,10,'陕西省渭南市韩城市',2,'韩城市',',2807,2855,',2855),(2866,'2017-06-18 00:51:51','2017-06-18 00:51:51',0,11,'陕西省渭南市华阴市',2,'华阴市',',2807,2855,',2855),(2867,'2017-06-18 00:51:52','2017-06-18 00:51:52',0,6,'陕西省延安市',1,'延安市',',2807,',2807),(2868,'2017-06-18 00:51:53','2017-06-18 00:51:53',0,1,'陕西省延安市宝塔区',2,'宝塔区',',2807,2867,',2867),(2869,'2017-06-18 00:51:54','2017-06-18 00:51:54',0,2,'陕西省延安市延长县',2,'延长县',',2807,2867,',2867),(2870,'2017-06-18 00:51:55','2017-06-18 00:51:55',0,3,'陕西省延安市延川县',2,'延川县',',2807,2867,',2867),(2871,'2017-06-18 00:51:56','2017-06-18 00:51:56',0,4,'陕西省延安市子长县',2,'子长县',',2807,2867,',2867),(2872,'2017-06-18 00:51:57','2017-06-18 00:51:57',0,5,'陕西省延安市安塞县',2,'安塞县',',2807,2867,',2867),(2873,'2017-06-18 00:51:58','2017-06-18 00:51:58',0,6,'陕西省延安市志丹县',2,'志丹县',',2807,2867,',2867),(2874,'2017-06-18 00:51:59','2017-06-18 00:51:59',0,7,'陕西省延安市吴起县',2,'吴起县',',2807,2867,',2867),(2875,'2017-06-18 00:52:00','2017-06-18 00:52:00',0,8,'陕西省延安市甘泉县',2,'甘泉县',',2807,2867,',2867),(2876,'2017-06-18 00:52:01','2017-06-18 00:52:01',0,9,'陕西省延安市富县',2,'富县',',2807,2867,',2867),(2877,'2017-06-18 00:52:02','2017-06-18 00:52:02',0,10,'陕西省延安市洛川县',2,'洛川县',',2807,2867,',2867),(2878,'2017-06-18 00:52:03','2017-06-18 00:52:03',0,11,'陕西省延安市宜川县',2,'宜川县',',2807,2867,',2867),(2879,'2017-06-18 00:52:04','2017-06-18 00:52:04',0,12,'陕西省延安市黄龙县',2,'黄龙县',',2807,2867,',2867),(2880,'2017-06-18 00:52:05','2017-06-18 00:52:05',0,13,'陕西省延安市黄陵县',2,'黄陵县',',2807,2867,',2867),(2881,'2017-06-18 00:52:06','2017-06-18 00:52:06',0,7,'陕西省汉中市',1,'汉中市',',2807,',2807),(2882,'2017-06-18 00:52:07','2017-06-18 00:52:07',0,1,'陕西省汉中市汉台区',2,'汉台区',',2807,2881,',2881),(2883,'2017-06-18 00:52:08','2017-06-18 00:52:08',0,2,'陕西省汉中市南郑县',2,'南郑县',',2807,2881,',2881),(2884,'2017-06-18 00:52:09','2017-06-18 00:52:09',0,3,'陕西省汉中市城固县',2,'城固县',',2807,2881,',2881),(2885,'2017-06-18 00:52:10','2017-06-18 00:52:10',0,4,'陕西省汉中市洋县',2,'洋县',',2807,2881,',2881),(2886,'2017-06-18 00:52:11','2017-06-18 00:52:11',0,5,'陕西省汉中市西乡县',2,'西乡县',',2807,2881,',2881),(2887,'2017-06-18 00:52:12','2017-06-18 00:52:12',0,6,'陕西省汉中市勉县',2,'勉县',',2807,2881,',2881),(2888,'2017-06-18 00:52:13','2017-06-18 00:52:13',0,7,'陕西省汉中市宁强县',2,'宁强县',',2807,2881,',2881),(2889,'2017-06-18 00:52:14','2017-06-18 00:52:14',0,8,'陕西省汉中市略阳县',2,'略阳县',',2807,2881,',2881),(2890,'2017-06-18 00:52:15','2017-06-18 00:52:15',0,9,'陕西省汉中市镇巴县',2,'镇巴县',',2807,2881,',2881),(2891,'2017-06-18 00:52:16','2017-06-18 00:52:16',0,10,'陕西省汉中市留坝县',2,'留坝县',',2807,2881,',2881),(2892,'2017-06-18 00:52:17','2017-06-18 00:52:17',0,11,'陕西省汉中市佛坪县',2,'佛坪县',',2807,2881,',2881),(2893,'2017-06-18 00:52:18','2017-06-18 00:52:18',0,8,'陕西省榆林市',1,'榆林市',',2807,',2807),(2894,'2017-06-18 00:52:19','2017-06-18 00:52:19',0,1,'陕西省榆林市榆阳区',2,'榆阳区',',2807,2893,',2893),(2895,'2017-06-18 00:52:20','2017-06-18 00:52:20',0,2,'陕西省榆林市神木县',2,'神木县',',2807,2893,',2893),(2896,'2017-06-18 00:52:21','2017-06-18 00:52:21',0,3,'陕西省榆林市府谷县',2,'府谷县',',2807,2893,',2893),(2897,'2017-06-18 00:52:22','2017-06-18 00:52:22',0,4,'陕西省榆林市横山县',2,'横山县',',2807,2893,',2893),(2898,'2017-06-18 00:52:23','2017-06-18 00:52:23',0,5,'陕西省榆林市靖边县',2,'靖边县',',2807,2893,',2893),(2899,'2017-06-18 00:52:24','2017-06-18 00:52:24',0,6,'陕西省榆林市定边县',2,'定边县',',2807,2893,',2893),(2900,'2017-06-18 00:52:25','2017-06-18 00:52:25',0,7,'陕西省榆林市绥德县',2,'绥德县',',2807,2893,',2893),(2901,'2017-06-18 00:52:26','2017-06-18 00:52:26',0,8,'陕西省榆林市米脂县',2,'米脂县',',2807,2893,',2893),(2902,'2017-06-18 00:52:27','2017-06-18 00:52:27',0,9,'陕西省榆林市佳县',2,'佳县',',2807,2893,',2893),(2903,'2017-06-18 00:52:28','2017-06-18 00:52:28',0,10,'陕西省榆林市吴堡县',2,'吴堡县',',2807,2893,',2893),(2904,'2017-06-18 00:52:29','2017-06-18 00:52:29',0,11,'陕西省榆林市清涧县',2,'清涧县',',2807,2893,',2893),(2905,'2017-06-18 00:52:30','2017-06-18 00:52:30',0,12,'陕西省榆林市子洲县',2,'子洲县',',2807,2893,',2893),(2906,'2017-06-18 00:52:31','2017-06-18 00:52:31',0,9,'陕西省安康市',1,'安康市',',2807,',2807),(2907,'2017-06-18 00:52:32','2017-06-18 00:52:32',0,1,'陕西省安康市汉滨区',2,'汉滨区',',2807,2906,',2906),(2908,'2017-06-18 00:52:33','2017-06-18 00:52:33',0,2,'陕西省安康市汉阴县',2,'汉阴县',',2807,2906,',2906),(2909,'2017-06-18 00:52:34','2017-06-18 00:52:34',0,3,'陕西省安康市石泉县',2,'石泉县',',2807,2906,',2906),(2910,'2017-06-18 00:52:35','2017-06-18 00:52:35',0,4,'陕西省安康市宁陕县',2,'宁陕县',',2807,2906,',2906),(2911,'2017-06-18 00:52:36','2017-06-18 00:52:36',0,5,'陕西省安康市紫阳县',2,'紫阳县',',2807,2906,',2906),(2912,'2017-06-18 00:52:37','2017-06-18 00:52:37',0,6,'陕西省安康市岚皋县',2,'岚皋县',',2807,2906,',2906),(2913,'2017-06-18 00:52:38','2017-06-18 00:52:38',0,7,'陕西省安康市平利县',2,'平利县',',2807,2906,',2906),(2914,'2017-06-18 00:52:39','2017-06-18 00:52:39',0,8,'陕西省安康市镇坪县',2,'镇坪县',',2807,2906,',2906),(2915,'2017-06-18 00:52:40','2017-06-18 00:52:40',0,9,'陕西省安康市旬阳县',2,'旬阳县',',2807,2906,',2906),(2916,'2017-06-18 00:52:41','2017-06-18 00:52:41',0,10,'陕西省安康市白河县',2,'白河县',',2807,2906,',2906),(2917,'2017-06-18 00:52:42','2017-06-18 00:52:42',0,10,'陕西省商洛市',1,'商洛市',',2807,',2807),(2918,'2017-06-18 00:52:43','2017-06-18 00:52:43',0,1,'陕西省商洛市商州区',2,'商州区',',2807,2917,',2917),(2919,'2017-06-18 00:52:44','2017-06-18 00:52:44',0,2,'陕西省商洛市洛南县',2,'洛南县',',2807,2917,',2917),(2920,'2017-06-18 00:52:45','2017-06-18 00:52:45',0,3,'陕西省商洛市丹凤县',2,'丹凤县',',2807,2917,',2917),(2921,'2017-06-18 00:52:46','2017-06-18 00:52:46',0,4,'陕西省商洛市商南县',2,'商南县',',2807,2917,',2917),(2922,'2017-06-18 00:52:47','2017-06-18 00:52:47',0,5,'陕西省商洛市山阳县',2,'山阳县',',2807,2917,',2917),(2923,'2017-06-18 00:52:48','2017-06-18 00:52:48',0,6,'陕西省商洛市镇安县',2,'镇安县',',2807,2917,',2917),(2924,'2017-06-18 00:52:49','2017-06-18 00:52:49',0,7,'陕西省商洛市柞水县',2,'柞水县',',2807,2917,',2917),(2925,'2017-06-18 00:52:50','2017-06-18 00:52:50',0,28,'甘肃省',0,'甘肃省',',',NULL),(2926,'2017-06-18 00:52:51','2017-06-18 00:52:51',0,1,'甘肃省兰州市',1,'兰州市',',2925,',2925),(2927,'2017-06-18 00:52:52','2017-06-18 00:52:52',0,1,'甘肃省兰州市城关区',2,'城关区',',2925,2926,',2926),(2928,'2017-06-18 00:52:53','2017-06-18 00:52:53',0,2,'甘肃省兰州市七里河区',2,'七里河区',',2925,2926,',2926),(2929,'2017-06-18 00:52:54','2017-06-18 00:52:54',0,3,'甘肃省兰州市西固区',2,'西固区',',2925,2926,',2926),(2930,'2017-06-18 00:52:55','2017-06-18 00:52:55',0,4,'甘肃省兰州市安宁区',2,'安宁区',',2925,2926,',2926),(2931,'2017-06-18 00:52:56','2017-06-18 00:52:56',0,5,'甘肃省兰州市红古区',2,'红古区',',2925,2926,',2926),(2932,'2017-06-18 00:52:57','2017-06-18 00:52:57',0,6,'甘肃省兰州市永登县',2,'永登县',',2925,2926,',2926),(2933,'2017-06-18 00:52:58','2017-06-18 00:52:58',0,7,'甘肃省兰州市皋兰县',2,'皋兰县',',2925,2926,',2926),(2934,'2017-06-18 00:52:59','2017-06-18 00:52:59',0,8,'甘肃省兰州市榆中县',2,'榆中县',',2925,2926,',2926),(2935,'2017-06-18 00:53:00','2017-06-18 00:53:00',0,2,'甘肃省嘉峪关市',1,'嘉峪关市',',2925,',2925),(2936,'2017-06-18 00:53:01','2017-06-18 00:53:01',0,3,'甘肃省金昌市',1,'金昌市',',2925,',2925),(2937,'2017-06-18 00:53:02','2017-06-18 00:53:02',0,1,'甘肃省金昌市金川区',2,'金川区',',2925,2936,',2936),(2938,'2017-06-18 00:53:03','2017-06-18 00:53:03',0,2,'甘肃省金昌市永昌县',2,'永昌县',',2925,2936,',2936),(2939,'2017-06-18 00:53:04','2017-06-18 00:53:04',0,4,'甘肃省白银市',1,'白银市',',2925,',2925),(2940,'2017-06-18 00:53:05','2017-06-18 00:53:05',0,1,'甘肃省白银市白银区',2,'白银区',',2925,2939,',2939),(2941,'2017-06-18 00:53:06','2017-06-18 00:53:06',0,2,'甘肃省白银市平川区',2,'平川区',',2925,2939,',2939),(2942,'2017-06-18 00:53:07','2017-06-18 00:53:07',0,3,'甘肃省白银市靖远县',2,'靖远县',',2925,2939,',2939),(2943,'2017-06-18 00:53:08','2017-06-18 00:53:08',0,4,'甘肃省白银市会宁县',2,'会宁县',',2925,2939,',2939),(2944,'2017-06-18 00:53:09','2017-06-18 00:53:09',0,5,'甘肃省白银市景泰县',2,'景泰县',',2925,2939,',2939),(2945,'2017-06-18 00:53:10','2017-06-18 00:53:10',0,5,'甘肃省天水市',1,'天水市',',2925,',2925),(2946,'2017-06-18 00:53:11','2017-06-18 00:53:11',0,1,'甘肃省天水市秦州区',2,'秦州区',',2925,2945,',2945),(2947,'2017-06-18 00:53:12','2017-06-18 00:53:12',0,2,'甘肃省天水市麦积区',2,'麦积区',',2925,2945,',2945),(2948,'2017-06-18 00:53:13','2017-06-18 00:53:13',0,3,'甘肃省天水市清水县',2,'清水县',',2925,2945,',2945),(2949,'2017-06-18 00:53:14','2017-06-18 00:53:14',0,4,'甘肃省天水市秦安县',2,'秦安县',',2925,2945,',2945),(2950,'2017-06-18 00:53:15','2017-06-18 00:53:15',0,5,'甘肃省天水市甘谷县',2,'甘谷县',',2925,2945,',2945),(2951,'2017-06-18 00:53:16','2017-06-18 00:53:16',0,6,'甘肃省天水市武山县',2,'武山县',',2925,2945,',2945),(2952,'2017-06-18 00:53:17','2017-06-18 00:53:17',0,7,'甘肃省天水市张家川回族自治县',2,'张家川回族自治县',',2925,2945,',2945),(2953,'2017-06-18 00:53:18','2017-06-18 00:53:18',0,6,'甘肃省武威市',1,'武威市',',2925,',2925),(2954,'2017-06-18 00:53:19','2017-06-18 00:53:19',0,1,'甘肃省武威市凉州区',2,'凉州区',',2925,2953,',2953),(2955,'2017-06-18 00:53:20','2017-06-18 00:53:20',0,2,'甘肃省武威市民勤县',2,'民勤县',',2925,2953,',2953),(2956,'2017-06-18 00:53:21','2017-06-18 00:53:21',0,3,'甘肃省武威市古浪县',2,'古浪县',',2925,2953,',2953),(2957,'2017-06-18 00:53:22','2017-06-18 00:53:22',0,4,'甘肃省武威市天祝藏族自治县',2,'天祝藏族自治县',',2925,2953,',2953),(2958,'2017-06-18 00:53:23','2017-06-18 00:53:23',0,7,'甘肃省张掖市',1,'张掖市',',2925,',2925),(2959,'2017-06-18 00:53:24','2017-06-18 00:53:24',0,1,'甘肃省张掖市甘州区',2,'甘州区',',2925,2958,',2958),(2960,'2017-06-18 00:53:25','2017-06-18 00:53:25',0,2,'甘肃省张掖市肃南裕固族自治县',2,'肃南裕固族自治县',',2925,2958,',2958),(2961,'2017-06-18 00:53:26','2017-06-18 00:53:26',0,3,'甘肃省张掖市民乐县',2,'民乐县',',2925,2958,',2958),(2962,'2017-06-18 00:53:27','2017-06-18 00:53:27',0,4,'甘肃省张掖市临泽县',2,'临泽县',',2925,2958,',2958),(2963,'2017-06-18 00:53:28','2017-06-18 00:53:28',0,5,'甘肃省张掖市高台县',2,'高台县',',2925,2958,',2958),(2964,'2017-06-18 00:53:29','2017-06-18 00:53:29',0,6,'甘肃省张掖市山丹县',2,'山丹县',',2925,2958,',2958),(2965,'2017-06-18 00:53:30','2017-06-18 00:53:30',0,8,'甘肃省平凉市',1,'平凉市',',2925,',2925),(2966,'2017-06-18 00:53:31','2017-06-18 00:53:31',0,1,'甘肃省平凉市崆峒区',2,'崆峒区',',2925,2965,',2965),(2967,'2017-06-18 00:53:32','2017-06-18 00:53:32',0,2,'甘肃省平凉市泾川县',2,'泾川县',',2925,2965,',2965),(2968,'2017-06-18 00:53:33','2017-06-18 00:53:33',0,3,'甘肃省平凉市灵台县',2,'灵台县',',2925,2965,',2965),(2969,'2017-06-18 00:53:34','2017-06-18 00:53:34',0,4,'甘肃省平凉市崇信县',2,'崇信县',',2925,2965,',2965),(2970,'2017-06-18 00:53:35','2017-06-18 00:53:35',0,5,'甘肃省平凉市华亭县',2,'华亭县',',2925,2965,',2965),(2971,'2017-06-18 00:53:36','2017-06-18 00:53:36',0,6,'甘肃省平凉市庄浪县',2,'庄浪县',',2925,2965,',2965),(2972,'2017-06-18 00:53:37','2017-06-18 00:53:37',0,7,'甘肃省平凉市静宁县',2,'静宁县',',2925,2965,',2965),(2973,'2017-06-18 00:53:38','2017-06-18 00:53:38',0,9,'甘肃省酒泉市',1,'酒泉市',',2925,',2925),(2974,'2017-06-18 00:53:39','2017-06-18 00:53:39',0,1,'甘肃省酒泉市肃州区',2,'肃州区',',2925,2973,',2973),(2975,'2017-06-18 00:53:40','2017-06-18 00:53:40',0,2,'甘肃省酒泉市金塔县',2,'金塔县',',2925,2973,',2973),(2976,'2017-06-18 00:53:41','2017-06-18 00:53:41',0,3,'甘肃省酒泉市瓜州县',2,'瓜州县',',2925,2973,',2973),(2977,'2017-06-18 00:53:42','2017-06-18 00:53:42',0,4,'甘肃省酒泉市肃北蒙古族自治县',2,'肃北蒙古族自治县',',2925,2973,',2973),(2978,'2017-06-18 00:53:43','2017-06-18 00:53:43',0,5,'甘肃省酒泉市阿克塞哈萨克族自治县',2,'阿克塞哈萨克族自治县',',2925,2973,',2973),(2979,'2017-06-18 00:53:44','2017-06-18 00:53:44',0,6,'甘肃省酒泉市玉门市',2,'玉门市',',2925,2973,',2973),(2980,'2017-06-18 00:53:45','2017-06-18 00:53:45',0,7,'甘肃省酒泉市敦煌市',2,'敦煌市',',2925,2973,',2973),(2981,'2017-06-18 00:53:46','2017-06-18 00:53:46',0,10,'甘肃省庆阳市',1,'庆阳市',',2925,',2925),(2982,'2017-06-18 00:53:47','2017-06-18 00:53:47',0,1,'甘肃省庆阳市西峰区',2,'西峰区',',2925,2981,',2981),(2983,'2017-06-18 00:53:48','2017-06-18 00:53:48',0,2,'甘肃省庆阳市庆城县',2,'庆城县',',2925,2981,',2981),(2984,'2017-06-18 00:53:49','2017-06-18 00:53:49',0,3,'甘肃省庆阳市环县',2,'环县',',2925,2981,',2981),(2985,'2017-06-18 00:53:50','2017-06-18 00:53:50',0,4,'甘肃省庆阳市华池县',2,'华池县',',2925,2981,',2981),(2986,'2017-06-18 00:53:51','2017-06-18 00:53:51',0,5,'甘肃省庆阳市合水县',2,'合水县',',2925,2981,',2981),(2987,'2017-06-18 00:53:52','2017-06-18 00:53:52',0,6,'甘肃省庆阳市正宁县',2,'正宁县',',2925,2981,',2981),(2988,'2017-06-18 00:53:53','2017-06-18 00:53:53',0,7,'甘肃省庆阳市宁县',2,'宁县',',2925,2981,',2981),(2989,'2017-06-18 00:53:54','2017-06-18 00:53:54',0,8,'甘肃省庆阳市镇原县',2,'镇原县',',2925,2981,',2981),(2990,'2017-06-18 00:53:55','2017-06-18 00:53:55',0,11,'甘肃省定西市',1,'定西市',',2925,',2925),(2991,'2017-06-18 00:53:56','2017-06-18 00:53:56',0,1,'甘肃省定西市安定区',2,'安定区',',2925,2990,',2990),(2992,'2017-06-18 00:53:57','2017-06-18 00:53:57',0,2,'甘肃省定西市通渭县',2,'通渭县',',2925,2990,',2990),(2993,'2017-06-18 00:53:58','2017-06-18 00:53:58',0,3,'甘肃省定西市陇西县',2,'陇西县',',2925,2990,',2990),(2994,'2017-06-18 00:53:59','2017-06-18 00:53:59',0,4,'甘肃省定西市渭源县',2,'渭源县',',2925,2990,',2990),(2995,'2017-06-18 00:54:00','2017-06-18 00:54:00',0,5,'甘肃省定西市临洮县',2,'临洮县',',2925,2990,',2990),(2996,'2017-06-18 00:54:01','2017-06-18 00:54:01',0,6,'甘肃省定西市漳县',2,'漳县',',2925,2990,',2990),(2997,'2017-06-18 00:54:02','2017-06-18 00:54:02',0,7,'甘肃省定西市岷县',2,'岷县',',2925,2990,',2990),(2998,'2017-06-18 00:54:03','2017-06-18 00:54:03',0,12,'甘肃省陇南市',1,'陇南市',',2925,',2925),(2999,'2017-06-18 00:54:04','2017-06-18 00:54:04',0,1,'甘肃省陇南市武都区',2,'武都区',',2925,2998,',2998),(3000,'2017-06-18 00:54:05','2017-06-18 00:54:05',0,2,'甘肃省陇南市成县',2,'成县',',2925,2998,',2998),(3001,'2017-06-18 00:54:06','2017-06-18 00:54:06',0,3,'甘肃省陇南市文县',2,'文县',',2925,2998,',2998),(3002,'2017-06-18 00:54:07','2017-06-18 00:54:07',0,4,'甘肃省陇南市宕昌县',2,'宕昌县',',2925,2998,',2998),(3003,'2017-06-18 00:54:08','2017-06-18 00:54:08',0,5,'甘肃省陇南市康县',2,'康县',',2925,2998,',2998),(3004,'2017-06-18 00:54:09','2017-06-18 00:54:09',0,6,'甘肃省陇南市西和县',2,'西和县',',2925,2998,',2998),(3005,'2017-06-18 00:54:10','2017-06-18 00:54:10',0,7,'甘肃省陇南市礼县',2,'礼县',',2925,2998,',2998),(3006,'2017-06-18 00:54:11','2017-06-18 00:54:11',0,8,'甘肃省陇南市徽县',2,'徽县',',2925,2998,',2998),(3007,'2017-06-18 00:54:12','2017-06-18 00:54:12',0,9,'甘肃省陇南市两当县',2,'两当县',',2925,2998,',2998),(3008,'2017-06-18 00:54:13','2017-06-18 00:54:13',0,13,'甘肃省临夏回族自治州',1,'临夏回族自治州',',2925,',2925),(3009,'2017-06-18 00:54:14','2017-06-18 00:54:14',0,1,'甘肃省临夏回族自治州临夏市',2,'临夏市',',2925,3008,',3008),(3010,'2017-06-18 00:54:15','2017-06-18 00:54:15',0,2,'甘肃省临夏回族自治州临夏县',2,'临夏县',',2925,3008,',3008),(3011,'2017-06-18 00:54:16','2017-06-18 00:54:16',0,3,'甘肃省临夏回族自治州康乐县',2,'康乐县',',2925,3008,',3008),(3012,'2017-06-18 00:54:17','2017-06-18 00:54:17',0,4,'甘肃省临夏回族自治州永靖县',2,'永靖县',',2925,3008,',3008),(3013,'2017-06-18 00:54:18','2017-06-18 00:54:18',0,5,'甘肃省临夏回族自治州广河县',2,'广河县',',2925,3008,',3008),(3014,'2017-06-18 00:54:19','2017-06-18 00:54:19',0,6,'甘肃省临夏回族自治州和政县',2,'和政县',',2925,3008,',3008),(3015,'2017-06-18 00:54:20','2017-06-18 00:54:20',0,7,'甘肃省临夏回族自治州东乡族自治县',2,'东乡族自治县',',2925,3008,',3008),(3016,'2017-06-18 00:54:21','2017-06-18 00:54:21',0,8,'甘肃省临夏回族自治州积石山保安族东乡族撒拉族自治县',2,'积石山保安族东乡族撒拉族自治县',',2925,3008,',3008),(3017,'2017-06-18 00:54:22','2017-06-18 00:54:22',0,14,'甘肃省甘南藏族自治州',1,'甘南藏族自治州',',2925,',2925),(3018,'2017-06-18 00:54:23','2017-06-18 00:54:23',0,1,'甘肃省甘南藏族自治州合作市',2,'合作市',',2925,3017,',3017),(3019,'2017-06-18 00:54:24','2017-06-18 00:54:24',0,2,'甘肃省甘南藏族自治州临潭县',2,'临潭县',',2925,3017,',3017),(3020,'2017-06-18 00:54:25','2017-06-18 00:54:25',0,3,'甘肃省甘南藏族自治州卓尼县',2,'卓尼县',',2925,3017,',3017),(3021,'2017-06-18 00:54:26','2017-06-18 00:54:26',0,4,'甘肃省甘南藏族自治州舟曲县',2,'舟曲县',',2925,3017,',3017),(3022,'2017-06-18 00:54:27','2017-06-18 00:54:27',0,5,'甘肃省甘南藏族自治州迭部县',2,'迭部县',',2925,3017,',3017),(3023,'2017-06-18 00:54:28','2017-06-18 00:54:28',0,6,'甘肃省甘南藏族自治州玛曲县',2,'玛曲县',',2925,3017,',3017),(3024,'2017-06-18 00:54:29','2017-06-18 00:54:29',0,7,'甘肃省甘南藏族自治州碌曲县',2,'碌曲县',',2925,3017,',3017),(3025,'2017-06-18 00:54:30','2017-06-18 00:54:30',0,8,'甘肃省甘南藏族自治州夏河县',2,'夏河县',',2925,3017,',3017),(3026,'2017-06-18 00:54:31','2017-06-18 00:54:31',0,29,'青海省',0,'青海省',',',NULL),(3027,'2017-06-18 00:54:32','2017-06-18 00:54:32',0,1,'青海省西宁市',1,'西宁市',',3026,',3026),(3028,'2017-06-18 00:54:33','2017-06-18 00:54:33',0,1,'青海省西宁市城东区',2,'城东区',',3026,3027,',3027),(3029,'2017-06-18 00:54:34','2017-06-18 00:54:34',0,2,'青海省西宁市城中区',2,'城中区',',3026,3027,',3027),(3030,'2017-06-18 00:54:35','2017-06-18 00:54:35',0,3,'青海省西宁市城西区',2,'城西区',',3026,3027,',3027),(3031,'2017-06-18 00:54:36','2017-06-18 00:54:36',0,4,'青海省西宁市城北区',2,'城北区',',3026,3027,',3027),(3032,'2017-06-18 00:54:37','2017-06-18 00:54:37',0,5,'青海省西宁市大通回族土族自治县',2,'大通回族土族自治县',',3026,3027,',3027),(3033,'2017-06-18 00:54:38','2017-06-18 00:54:38',0,6,'青海省西宁市湟中县',2,'湟中县',',3026,3027,',3027),(3034,'2017-06-18 00:54:39','2017-06-18 00:54:39',0,7,'青海省西宁市湟源县',2,'湟源县',',3026,3027,',3027),(3035,'2017-06-18 00:54:40','2017-06-18 00:54:40',0,2,'青海省海东市',1,'海东市',',3026,',3026),(3036,'2017-06-18 00:54:41','2017-06-18 00:54:41',0,1,'青海省海东市乐都区',2,'乐都区',',3026,3035,',3035),(3037,'2017-06-18 00:54:42','2017-06-18 00:54:42',0,2,'青海省海东市平安县',2,'平安县',',3026,3035,',3035),(3038,'2017-06-18 00:54:43','2017-06-18 00:54:43',0,3,'青海省海东市民和回族土族自治县',2,'民和回族土族自治县',',3026,3035,',3035),(3039,'2017-06-18 00:54:44','2017-06-18 00:54:44',0,4,'青海省海东市互助土族自治县',2,'互助土族自治县',',3026,3035,',3035),(3040,'2017-06-18 00:54:45','2017-06-18 00:54:45',0,5,'青海省海东市化隆回族自治县',2,'化隆回族自治县',',3026,3035,',3035),(3041,'2017-06-18 00:54:46','2017-06-18 00:54:46',0,6,'青海省海东市循化撒拉族自治县',2,'循化撒拉族自治县',',3026,3035,',3035),(3042,'2017-06-18 00:54:47','2017-06-18 00:54:47',0,3,'青海省海北藏族自治州',1,'海北藏族自治州',',3026,',3026),(3043,'2017-06-18 00:54:48','2017-06-18 00:54:48',0,1,'青海省海北藏族自治州门源回族自治县',2,'门源回族自治县',',3026,3042,',3042),(3044,'2017-06-18 00:54:49','2017-06-18 00:54:49',0,2,'青海省海北藏族自治州祁连县',2,'祁连县',',3026,3042,',3042),(3045,'2017-06-18 00:54:50','2017-06-18 00:54:50',0,3,'青海省海北藏族自治州海晏县',2,'海晏县',',3026,3042,',3042),(3046,'2017-06-18 00:54:51','2017-06-18 00:54:51',0,4,'青海省海北藏族自治州刚察县',2,'刚察县',',3026,3042,',3042),(3047,'2017-06-18 00:54:52','2017-06-18 00:54:52',0,4,'青海省黄南藏族自治州',1,'黄南藏族自治州',',3026,',3026),(3048,'2017-06-18 00:54:53','2017-06-18 00:54:53',0,1,'青海省黄南藏族自治州同仁县',2,'同仁县',',3026,3047,',3047),(3049,'2017-06-18 00:54:54','2017-06-18 00:54:54',0,2,'青海省黄南藏族自治州尖扎县',2,'尖扎县',',3026,3047,',3047),(3050,'2017-06-18 00:54:55','2017-06-18 00:54:55',0,3,'青海省黄南藏族自治州泽库县',2,'泽库县',',3026,3047,',3047),(3051,'2017-06-18 00:54:56','2017-06-18 00:54:56',0,4,'青海省黄南藏族自治州河南蒙古族自治县',2,'河南蒙古族自治县',',3026,3047,',3047),(3052,'2017-06-18 00:54:57','2017-06-18 00:54:57',0,5,'青海省海南藏族自治州',1,'海南藏族自治州',',3026,',3026),(3053,'2017-06-18 00:54:58','2017-06-18 00:54:58',0,1,'青海省海南藏族自治州共和县',2,'共和县',',3026,3052,',3052),(3054,'2017-06-18 00:54:59','2017-06-18 00:54:59',0,2,'青海省海南藏族自治州同德县',2,'同德县',',3026,3052,',3052),(3055,'2017-06-18 00:55:00','2017-06-18 00:55:00',0,3,'青海省海南藏族自治州贵德县',2,'贵德县',',3026,3052,',3052),(3056,'2017-06-18 00:55:01','2017-06-18 00:55:01',0,4,'青海省海南藏族自治州兴海县',2,'兴海县',',3026,3052,',3052),(3057,'2017-06-18 00:55:02','2017-06-18 00:55:02',0,5,'青海省海南藏族自治州贵南县',2,'贵南县',',3026,3052,',3052),(3058,'2017-06-18 00:55:03','2017-06-18 00:55:03',0,6,'青海省果洛藏族自治州',1,'果洛藏族自治州',',3026,',3026),(3059,'2017-06-18 00:55:04','2017-06-18 00:55:04',0,1,'青海省果洛藏族自治州玛沁县',2,'玛沁县',',3026,3058,',3058),(3060,'2017-06-18 00:55:05','2017-06-18 00:55:05',0,2,'青海省果洛藏族自治州班玛县',2,'班玛县',',3026,3058,',3058),(3061,'2017-06-18 00:55:06','2017-06-18 00:55:06',0,3,'青海省果洛藏族自治州甘德县',2,'甘德县',',3026,3058,',3058),(3062,'2017-06-18 00:55:07','2017-06-18 00:55:07',0,4,'青海省果洛藏族自治州达日县',2,'达日县',',3026,3058,',3058),(3063,'2017-06-18 00:55:08','2017-06-18 00:55:08',0,5,'青海省果洛藏族自治州久治县',2,'久治县',',3026,3058,',3058),(3064,'2017-06-18 00:55:09','2017-06-18 00:55:09',0,6,'青海省果洛藏族自治州玛多县',2,'玛多县',',3026,3058,',3058),(3065,'2017-06-18 00:55:10','2017-06-18 00:55:10',0,7,'青海省玉树藏族自治州',1,'玉树藏族自治州',',3026,',3026),(3066,'2017-06-18 00:55:11','2017-06-18 00:55:11',0,1,'青海省玉树藏族自治州玉树市',2,'玉树市',',3026,3065,',3065),(3067,'2017-06-18 00:55:12','2017-06-18 00:55:12',0,2,'青海省玉树藏族自治州杂多县',2,'杂多县',',3026,3065,',3065),(3068,'2017-06-18 00:55:13','2017-06-18 00:55:13',0,3,'青海省玉树藏族自治州称多县',2,'称多县',',3026,3065,',3065),(3069,'2017-06-18 00:55:14','2017-06-18 00:55:14',0,4,'青海省玉树藏族自治州治多县',2,'治多县',',3026,3065,',3065),(3070,'2017-06-18 00:55:15','2017-06-18 00:55:15',0,5,'青海省玉树藏族自治州囊谦县',2,'囊谦县',',3026,3065,',3065),(3071,'2017-06-18 00:55:16','2017-06-18 00:55:16',0,6,'青海省玉树藏族自治州曲麻莱县',2,'曲麻莱县',',3026,3065,',3065),(3072,'2017-06-18 00:55:17','2017-06-18 00:55:17',0,8,'青海省海西蒙古族藏族自治州',1,'海西蒙古族藏族自治州',',3026,',3026),(3073,'2017-06-18 00:55:18','2017-06-18 00:55:18',0,1,'青海省海西蒙古族藏族自治州格尔木市',2,'格尔木市',',3026,3072,',3072),(3074,'2017-06-18 00:55:19','2017-06-18 00:55:19',0,2,'青海省海西蒙古族藏族自治州德令哈市',2,'德令哈市',',3026,3072,',3072),(3075,'2017-06-18 00:55:20','2017-06-18 00:55:20',0,3,'青海省海西蒙古族藏族自治州乌兰县',2,'乌兰县',',3026,3072,',3072),(3076,'2017-06-18 00:55:21','2017-06-18 00:55:21',0,4,'青海省海西蒙古族藏族自治州都兰县',2,'都兰县',',3026,3072,',3072),(3077,'2017-06-18 00:55:22','2017-06-18 00:55:22',0,5,'青海省海西蒙古族藏族自治州天峻县',2,'天峻县',',3026,3072,',3072),(3078,'2017-06-18 00:55:23','2017-06-18 00:55:23',0,30,'宁夏回族自治区',0,'宁夏回族自治区',',',NULL),(3079,'2017-06-18 00:55:24','2017-06-18 00:55:24',0,1,'宁夏回族自治区银川市',1,'银川市',',3078,',3078),(3080,'2017-06-18 00:55:25','2017-06-18 00:55:25',0,1,'宁夏回族自治区银川市兴庆区',2,'兴庆区',',3078,3079,',3079),(3081,'2017-06-18 00:55:26','2017-06-18 00:55:26',0,2,'宁夏回族自治区银川市西夏区',2,'西夏区',',3078,3079,',3079),(3082,'2017-06-18 00:55:27','2017-06-18 00:55:27',0,3,'宁夏回族自治区银川市金凤区',2,'金凤区',',3078,3079,',3079),(3083,'2017-06-18 00:55:28','2017-06-18 00:55:28',0,4,'宁夏回族自治区银川市永宁县',2,'永宁县',',3078,3079,',3079),(3084,'2017-06-18 00:55:29','2017-06-18 00:55:29',0,5,'宁夏回族自治区银川市贺兰县',2,'贺兰县',',3078,3079,',3079),(3085,'2017-06-18 00:55:30','2017-06-18 00:55:30',0,6,'宁夏回族自治区银川市灵武市',2,'灵武市',',3078,3079,',3079),(3086,'2017-06-18 00:55:31','2017-06-18 00:55:31',0,2,'宁夏回族自治区石嘴山市',1,'石嘴山市',',3078,',3078),(3087,'2017-06-18 00:55:32','2017-06-18 00:55:32',0,1,'宁夏回族自治区石嘴山市大武口区',2,'大武口区',',3078,3086,',3086),(3088,'2017-06-18 00:55:33','2017-06-18 00:55:33',0,2,'宁夏回族自治区石嘴山市惠农区',2,'惠农区',',3078,3086,',3086),(3089,'2017-06-18 00:55:34','2017-06-18 00:55:34',0,3,'宁夏回族自治区石嘴山市平罗县',2,'平罗县',',3078,3086,',3086),(3090,'2017-06-18 00:55:35','2017-06-18 00:55:35',0,3,'宁夏回族自治区吴忠市',1,'吴忠市',',3078,',3078),(3091,'2017-06-18 00:55:36','2017-06-18 00:55:36',0,1,'宁夏回族自治区吴忠市利通区',2,'利通区',',3078,3090,',3090),(3092,'2017-06-18 00:55:37','2017-06-18 00:55:37',0,2,'宁夏回族自治区吴忠市红寺堡区',2,'红寺堡区',',3078,3090,',3090),(3093,'2017-06-18 00:55:38','2017-06-18 00:55:38',0,3,'宁夏回族自治区吴忠市盐池县',2,'盐池县',',3078,3090,',3090),(3094,'2017-06-18 00:55:39','2017-06-18 00:55:39',0,4,'宁夏回族自治区吴忠市同心县',2,'同心县',',3078,3090,',3090),(3095,'2017-06-18 00:55:40','2017-06-18 00:55:40',0,5,'宁夏回族自治区吴忠市青铜峡市',2,'青铜峡市',',3078,3090,',3090),(3096,'2017-06-18 00:55:41','2017-06-18 00:55:41',0,4,'宁夏回族自治区固原市',1,'固原市',',3078,',3078),(3097,'2017-06-18 00:55:42','2017-06-18 00:55:42',0,1,'宁夏回族自治区固原市原州区',2,'原州区',',3078,3096,',3096),(3098,'2017-06-18 00:55:43','2017-06-18 00:55:43',0,2,'宁夏回族自治区固原市西吉县',2,'西吉县',',3078,3096,',3096),(3099,'2017-06-18 00:55:44','2017-06-18 00:55:44',0,3,'宁夏回族自治区固原市隆德县',2,'隆德县',',3078,3096,',3096),(3100,'2017-06-18 00:55:45','2017-06-18 00:55:45',0,4,'宁夏回族自治区固原市泾源县',2,'泾源县',',3078,3096,',3096),(3101,'2017-06-18 00:55:46','2017-06-18 00:55:46',0,5,'宁夏回族自治区固原市彭阳县',2,'彭阳县',',3078,3096,',3096),(3102,'2017-06-18 00:55:47','2017-06-18 00:55:47',0,5,'宁夏回族自治区中卫市',1,'中卫市',',3078,',3078),(3103,'2017-06-18 00:55:48','2017-06-18 00:55:48',0,1,'宁夏回族自治区中卫市沙坡头区',2,'沙坡头区',',3078,3102,',3102),(3104,'2017-06-18 00:55:49','2017-06-18 00:55:49',0,2,'宁夏回族自治区中卫市中宁县',2,'中宁县',',3078,3102,',3102),(3105,'2017-06-18 00:55:50','2017-06-18 00:55:50',0,3,'宁夏回族自治区中卫市海原县',2,'海原县',',3078,3102,',3102),(3106,'2017-06-18 00:55:51','2017-06-18 00:55:51',0,31,'新疆维吾尔自治区',0,'新疆维吾尔自治区',',',NULL),(3107,'2017-06-18 00:55:52','2017-06-18 00:55:52',0,1,'新疆维吾尔自治区乌鲁木齐市',1,'乌鲁木齐市',',3106,',3106),(3108,'2017-06-18 00:55:53','2017-06-18 00:55:53',0,1,'新疆维吾尔自治区乌鲁木齐市天山区',2,'天山区',',3106,3107,',3107),(3109,'2017-06-18 00:55:54','2017-06-18 00:55:54',0,2,'新疆维吾尔自治区乌鲁木齐市沙依巴克区',2,'沙依巴克区',',3106,3107,',3107),(3110,'2017-06-18 00:55:55','2017-06-18 00:55:55',0,3,'新疆维吾尔自治区乌鲁木齐市新市区',2,'新市区',',3106,3107,',3107),(3111,'2017-06-18 00:55:56','2017-06-18 00:55:56',0,4,'新疆维吾尔自治区乌鲁木齐市水磨沟区',2,'水磨沟区',',3106,3107,',3107),(3112,'2017-06-18 00:55:57','2017-06-18 00:55:57',0,5,'新疆维吾尔自治区乌鲁木齐市头屯河区',2,'头屯河区',',3106,3107,',3107),(3113,'2017-06-18 00:55:58','2017-06-18 00:55:58',0,6,'新疆维吾尔自治区乌鲁木齐市达坂城区',2,'达坂城区',',3106,3107,',3107),(3114,'2017-06-18 00:55:59','2017-06-18 00:55:59',0,7,'新疆维吾尔自治区乌鲁木齐市米东区',2,'米东区',',3106,3107,',3107),(3115,'2017-06-18 00:56:00','2017-06-18 00:56:00',0,8,'新疆维吾尔自治区乌鲁木齐市乌鲁木齐县',2,'乌鲁木齐县',',3106,3107,',3107),(3116,'2017-06-18 00:56:01','2017-06-18 00:56:01',0,2,'新疆维吾尔自治区克拉玛依市',1,'克拉玛依市',',3106,',3106),(3117,'2017-06-18 00:56:02','2017-06-18 00:56:02',0,1,'新疆维吾尔自治区克拉玛依市独山子区',2,'独山子区',',3106,3116,',3116),(3118,'2017-06-18 00:56:03','2017-06-18 00:56:03',0,2,'新疆维吾尔自治区克拉玛依市克拉玛依区',2,'克拉玛依区',',3106,3116,',3116),(3119,'2017-06-18 00:56:04','2017-06-18 00:56:04',0,3,'新疆维吾尔自治区克拉玛依市白碱滩区',2,'白碱滩区',',3106,3116,',3116),(3120,'2017-06-18 00:56:05','2017-06-18 00:56:05',0,4,'新疆维吾尔自治区克拉玛依市乌尔禾区',2,'乌尔禾区',',3106,3116,',3116),(3121,'2017-06-18 00:56:06','2017-06-18 00:56:06',0,3,'新疆维吾尔自治区吐鲁番地区',1,'吐鲁番地区',',3106,',3106),(3122,'2017-06-18 00:56:07','2017-06-18 00:56:07',0,1,'新疆维吾尔自治区吐鲁番地区吐鲁番市',2,'吐鲁番市',',3106,3121,',3121),(3123,'2017-06-18 00:56:08','2017-06-18 00:56:08',0,2,'新疆维吾尔自治区吐鲁番地区鄯善县',2,'鄯善县',',3106,3121,',3121),(3124,'2017-06-18 00:56:09','2017-06-18 00:56:09',0,3,'新疆维吾尔自治区吐鲁番地区托克逊县',2,'托克逊县',',3106,3121,',3121),(3125,'2017-06-18 00:56:10','2017-06-18 00:56:10',0,4,'新疆维吾尔自治区哈密地区',1,'哈密地区',',3106,',3106),(3126,'2017-06-18 00:56:11','2017-06-18 00:56:11',0,1,'新疆维吾尔自治区哈密地区哈密市',2,'哈密市',',3106,3125,',3125),(3127,'2017-06-18 00:56:12','2017-06-18 00:56:12',0,2,'新疆维吾尔自治区哈密地区巴里坤哈萨克自治县',2,'巴里坤哈萨克自治县',',3106,3125,',3125),(3128,'2017-06-18 00:56:13','2017-06-18 00:56:13',0,3,'新疆维吾尔自治区哈密地区伊吾县',2,'伊吾县',',3106,3125,',3125),(3129,'2017-06-18 00:56:14','2017-06-18 00:56:14',0,5,'新疆维吾尔自治区昌吉回族自治州',1,'昌吉回族自治州',',3106,',3106),(3130,'2017-06-18 00:56:15','2017-06-18 00:56:15',0,1,'新疆维吾尔自治区昌吉回族自治州昌吉市',2,'昌吉市',',3106,3129,',3129),(3131,'2017-06-18 00:56:16','2017-06-18 00:56:16',0,2,'新疆维吾尔自治区昌吉回族自治州阜康市',2,'阜康市',',3106,3129,',3129),(3132,'2017-06-18 00:56:17','2017-06-18 00:56:17',0,3,'新疆维吾尔自治区昌吉回族自治州呼图壁县',2,'呼图壁县',',3106,3129,',3129),(3133,'2017-06-18 00:56:18','2017-06-18 00:56:18',0,4,'新疆维吾尔自治区昌吉回族自治州玛纳斯县',2,'玛纳斯县',',3106,3129,',3129),(3134,'2017-06-18 00:56:19','2017-06-18 00:56:19',0,5,'新疆维吾尔自治区昌吉回族自治州奇台县',2,'奇台县',',3106,3129,',3129),(3135,'2017-06-18 00:56:20','2017-06-18 00:56:20',0,6,'新疆维吾尔自治区昌吉回族自治州吉木萨尔县',2,'吉木萨尔县',',3106,3129,',3129),(3136,'2017-06-18 00:56:21','2017-06-18 00:56:21',0,7,'新疆维吾尔自治区昌吉回族自治州木垒哈萨克自治县',2,'木垒哈萨克自治县',',3106,3129,',3129),(3137,'2017-06-18 00:56:22','2017-06-18 00:56:22',0,6,'新疆维吾尔自治区博尔塔拉蒙古自治州',1,'博尔塔拉蒙古自治州',',3106,',3106),(3138,'2017-06-18 00:56:23','2017-06-18 00:56:23',0,1,'新疆维吾尔自治区博尔塔拉蒙古自治州博乐市',2,'博乐市',',3106,3137,',3137),(3139,'2017-06-18 00:56:24','2017-06-18 00:56:24',0,2,'新疆维吾尔自治区博尔塔拉蒙古自治州阿拉山口市',2,'阿拉山口市',',3106,3137,',3137),(3140,'2017-06-18 00:56:25','2017-06-18 00:56:25',0,3,'新疆维吾尔自治区博尔塔拉蒙古自治州精河县',2,'精河县',',3106,3137,',3137),(3141,'2017-06-18 00:56:26','2017-06-18 00:56:26',0,4,'新疆维吾尔自治区博尔塔拉蒙古自治州温泉县',2,'温泉县',',3106,3137,',3137),(3142,'2017-06-18 00:56:27','2017-06-18 00:56:27',0,7,'新疆维吾尔自治区巴音郭楞蒙古自治州',1,'巴音郭楞蒙古自治州',',3106,',3106),(3143,'2017-06-18 00:56:28','2017-06-18 00:56:28',0,1,'新疆维吾尔自治区巴音郭楞蒙古自治州库尔勒市',2,'库尔勒市',',3106,3142,',3142),(3144,'2017-06-18 00:56:29','2017-06-18 00:56:29',0,2,'新疆维吾尔自治区巴音郭楞蒙古自治州轮台县',2,'轮台县',',3106,3142,',3142),(3145,'2017-06-18 00:56:30','2017-06-18 00:56:30',0,3,'新疆维吾尔自治区巴音郭楞蒙古自治州尉犁县',2,'尉犁县',',3106,3142,',3142),(3146,'2017-06-18 00:56:31','2017-06-18 00:56:31',0,4,'新疆维吾尔自治区巴音郭楞蒙古自治州若羌县',2,'若羌县',',3106,3142,',3142),(3147,'2017-06-18 00:56:32','2017-06-18 00:56:32',0,5,'新疆维吾尔自治区巴音郭楞蒙古自治州且末县',2,'且末县',',3106,3142,',3142),(3148,'2017-06-18 00:56:33','2017-06-18 00:56:33',0,6,'新疆维吾尔自治区巴音郭楞蒙古自治州焉耆回族自治县',2,'焉耆回族自治县',',3106,3142,',3142),(3149,'2017-06-18 00:56:34','2017-06-18 00:56:34',0,7,'新疆维吾尔自治区巴音郭楞蒙古自治州和静县',2,'和静县',',3106,3142,',3142),(3150,'2017-06-18 00:56:35','2017-06-18 00:56:35',0,8,'新疆维吾尔自治区巴音郭楞蒙古自治州和硕县',2,'和硕县',',3106,3142,',3142),(3151,'2017-06-18 00:56:36','2017-06-18 00:56:36',0,9,'新疆维吾尔自治区巴音郭楞蒙古自治州博湖县',2,'博湖县',',3106,3142,',3142),(3152,'2017-06-18 00:56:37','2017-06-18 00:56:37',0,8,'新疆维吾尔自治区阿克苏地区',1,'阿克苏地区',',3106,',3106),(3153,'2017-06-18 00:56:38','2017-06-18 00:56:38',0,1,'新疆维吾尔自治区阿克苏地区阿克苏市',2,'阿克苏市',',3106,3152,',3152),(3154,'2017-06-18 00:56:39','2017-06-18 00:56:39',0,2,'新疆维吾尔自治区阿克苏地区温宿县',2,'温宿县',',3106,3152,',3152),(3155,'2017-06-18 00:56:40','2017-06-18 00:56:40',0,3,'新疆维吾尔自治区阿克苏地区库车县',2,'库车县',',3106,3152,',3152),(3156,'2017-06-18 00:56:41','2017-06-18 00:56:41',0,4,'新疆维吾尔自治区阿克苏地区沙雅县',2,'沙雅县',',3106,3152,',3152),(3157,'2017-06-18 00:56:42','2017-06-18 00:56:42',0,5,'新疆维吾尔自治区阿克苏地区新和县',2,'新和县',',3106,3152,',3152),(3158,'2017-06-18 00:56:43','2017-06-18 00:56:43',0,6,'新疆维吾尔自治区阿克苏地区拜城县',2,'拜城县',',3106,3152,',3152),(3159,'2017-06-18 00:56:44','2017-06-18 00:56:44',0,7,'新疆维吾尔自治区阿克苏地区乌什县',2,'乌什县',',3106,3152,',3152),(3160,'2017-06-18 00:56:45','2017-06-18 00:56:45',0,8,'新疆维吾尔自治区阿克苏地区阿瓦提县',2,'阿瓦提县',',3106,3152,',3152),(3161,'2017-06-18 00:56:46','2017-06-18 00:56:46',0,9,'新疆维吾尔自治区阿克苏地区柯坪县',2,'柯坪县',',3106,3152,',3152),(3162,'2017-06-18 00:56:47','2017-06-18 00:56:47',0,9,'新疆维吾尔自治区克孜勒苏柯尔克孜自治州',1,'克孜勒苏柯尔克孜自治州',',3106,',3106),(3163,'2017-06-18 00:56:48','2017-06-18 00:56:48',0,1,'新疆维吾尔自治区克孜勒苏柯尔克孜自治州阿图什市',2,'阿图什市',',3106,3162,',3162),(3164,'2017-06-18 00:56:49','2017-06-18 00:56:49',0,2,'新疆维吾尔自治区克孜勒苏柯尔克孜自治州阿克陶县',2,'阿克陶县',',3106,3162,',3162),(3165,'2017-06-18 00:56:50','2017-06-18 00:56:50',0,3,'新疆维吾尔自治区克孜勒苏柯尔克孜自治州阿合奇县',2,'阿合奇县',',3106,3162,',3162),(3166,'2017-06-18 00:56:51','2017-06-18 00:56:51',0,4,'新疆维吾尔自治区克孜勒苏柯尔克孜自治州乌恰县',2,'乌恰县',',3106,3162,',3162),(3167,'2017-06-18 00:56:52','2017-06-18 00:56:52',0,10,'新疆维吾尔自治区喀什地区',1,'喀什地区',',3106,',3106),(3168,'2017-06-18 00:56:53','2017-06-18 00:56:53',0,1,'新疆维吾尔自治区喀什地区喀什市',2,'喀什市',',3106,3167,',3167),(3169,'2017-06-18 00:56:54','2017-06-18 00:56:54',0,2,'新疆维吾尔自治区喀什地区疏附县',2,'疏附县',',3106,3167,',3167),(3170,'2017-06-18 00:56:55','2017-06-18 00:56:55',0,3,'新疆维吾尔自治区喀什地区疏勒县',2,'疏勒县',',3106,3167,',3167),(3171,'2017-06-18 00:56:56','2017-06-18 00:56:56',0,4,'新疆维吾尔自治区喀什地区英吉沙县',2,'英吉沙县',',3106,3167,',3167),(3172,'2017-06-18 00:56:57','2017-06-18 00:56:57',0,5,'新疆维吾尔自治区喀什地区泽普县',2,'泽普县',',3106,3167,',3167),(3173,'2017-06-18 00:56:58','2017-06-18 00:56:58',0,6,'新疆维吾尔自治区喀什地区莎车县',2,'莎车县',',3106,3167,',3167),(3174,'2017-06-18 00:56:59','2017-06-18 00:56:59',0,7,'新疆维吾尔自治区喀什地区叶城县',2,'叶城县',',3106,3167,',3167),(3175,'2017-06-18 00:57:00','2017-06-18 00:57:00',0,8,'新疆维吾尔自治区喀什地区麦盖提县',2,'麦盖提县',',3106,3167,',3167),(3176,'2017-06-18 00:57:01','2017-06-18 00:57:01',0,9,'新疆维吾尔自治区喀什地区岳普湖县',2,'岳普湖县',',3106,3167,',3167),(3177,'2017-06-18 00:57:02','2017-06-18 00:57:02',0,10,'新疆维吾尔自治区喀什地区伽师县',2,'伽师县',',3106,3167,',3167),(3178,'2017-06-18 00:57:03','2017-06-18 00:57:03',0,11,'新疆维吾尔自治区喀什地区巴楚县',2,'巴楚县',',3106,3167,',3167),(3179,'2017-06-18 00:57:04','2017-06-18 00:57:04',0,12,'新疆维吾尔自治区喀什地区塔什库尔干塔吉克自治县',2,'塔什库尔干塔吉克自治县',',3106,3167,',3167),(3180,'2017-06-18 00:57:05','2017-06-18 00:57:05',0,11,'新疆维吾尔自治区和田地区',1,'和田地区',',3106,',3106),(3181,'2017-06-18 00:57:06','2017-06-18 00:57:06',0,1,'新疆维吾尔自治区和田地区和田市',2,'和田市',',3106,3180,',3180),(3182,'2017-06-18 00:57:07','2017-06-18 00:57:07',0,2,'新疆维吾尔自治区和田地区和田县',2,'和田县',',3106,3180,',3180),(3183,'2017-06-18 00:57:08','2017-06-18 00:57:08',0,3,'新疆维吾尔自治区和田地区墨玉县',2,'墨玉县',',3106,3180,',3180),(3184,'2017-06-18 00:57:09','2017-06-18 00:57:09',0,4,'新疆维吾尔自治区和田地区皮山县',2,'皮山县',',3106,3180,',3180),(3185,'2017-06-18 00:57:10','2017-06-18 00:57:10',0,5,'新疆维吾尔自治区和田地区洛浦县',2,'洛浦县',',3106,3180,',3180),(3186,'2017-06-18 00:57:11','2017-06-18 00:57:11',0,6,'新疆维吾尔自治区和田地区策勒县',2,'策勒县',',3106,3180,',3180),(3187,'2017-06-18 00:57:12','2017-06-18 00:57:12',0,7,'新疆维吾尔自治区和田地区于田县',2,'于田县',',3106,3180,',3180),(3188,'2017-06-18 00:57:13','2017-06-18 00:57:13',0,8,'新疆维吾尔自治区和田地区民丰县',2,'民丰县',',3106,3180,',3180),(3189,'2017-06-18 00:57:14','2017-06-18 00:57:14',0,12,'新疆维吾尔自治区伊犁哈萨克自治州',1,'伊犁哈萨克自治州',',3106,',3106),(3190,'2017-06-18 00:57:15','2017-06-18 00:57:15',0,1,'新疆维吾尔自治区伊犁哈萨克自治州伊宁市',2,'伊宁市',',3106,3189,',3189),(3191,'2017-06-18 00:57:16','2017-06-18 00:57:16',0,2,'新疆维吾尔自治区伊犁哈萨克自治州奎屯市',2,'奎屯市',',3106,3189,',3189),(3192,'2017-06-18 00:57:17','2017-06-18 00:57:17',0,3,'新疆维吾尔自治区伊犁哈萨克自治州伊宁县',2,'伊宁县',',3106,3189,',3189),(3193,'2017-06-18 00:57:18','2017-06-18 00:57:18',0,4,'新疆维吾尔自治区伊犁哈萨克自治州察布查尔锡伯自治县',2,'察布查尔锡伯自治县',',3106,3189,',3189),(3194,'2017-06-18 00:57:19','2017-06-18 00:57:19',0,5,'新疆维吾尔自治区伊犁哈萨克自治州霍城县',2,'霍城县',',3106,3189,',3189),(3195,'2017-06-18 00:57:20','2017-06-18 00:57:20',0,6,'新疆维吾尔自治区伊犁哈萨克自治州巩留县',2,'巩留县',',3106,3189,',3189),(3196,'2017-06-18 00:57:21','2017-06-18 00:57:21',0,7,'新疆维吾尔自治区伊犁哈萨克自治州新源县',2,'新源县',',3106,3189,',3189),(3197,'2017-06-18 00:57:22','2017-06-18 00:57:22',0,8,'新疆维吾尔自治区伊犁哈萨克自治州昭苏县',2,'昭苏县',',3106,3189,',3189),(3198,'2017-06-18 00:57:23','2017-06-18 00:57:23',0,9,'新疆维吾尔自治区伊犁哈萨克自治州特克斯县',2,'特克斯县',',3106,3189,',3189),(3199,'2017-06-18 00:57:24','2017-06-18 00:57:24',0,10,'新疆维吾尔自治区伊犁哈萨克自治州尼勒克县',2,'尼勒克县',',3106,3189,',3189),(3200,'2017-06-18 00:57:25','2017-06-18 00:57:25',0,13,'新疆维吾尔自治区塔城地区',1,'塔城地区',',3106,',3106),(3201,'2017-06-18 00:57:26','2017-06-18 00:57:26',0,1,'新疆维吾尔自治区塔城地区塔城市',2,'塔城市',',3106,3200,',3200),(3202,'2017-06-18 00:57:27','2017-06-18 00:57:27',0,2,'新疆维吾尔自治区塔城地区乌苏市',2,'乌苏市',',3106,3200,',3200),(3203,'2017-06-18 00:57:28','2017-06-18 00:57:28',0,3,'新疆维吾尔自治区塔城地区额敏县',2,'额敏县',',3106,3200,',3200),(3204,'2017-06-18 00:57:29','2017-06-18 00:57:29',0,4,'新疆维吾尔自治区塔城地区沙湾县',2,'沙湾县',',3106,3200,',3200),(3205,'2017-06-18 00:57:30','2017-06-18 00:57:30',0,5,'新疆维吾尔自治区塔城地区托里县',2,'托里县',',3106,3200,',3200),(3206,'2017-06-18 00:57:31','2017-06-18 00:57:31',0,6,'新疆维吾尔自治区塔城地区裕民县',2,'裕民县',',3106,3200,',3200),(3207,'2017-06-18 00:57:32','2017-06-18 00:57:32',0,7,'新疆维吾尔自治区塔城地区和布克赛尔蒙古自治县',2,'和布克赛尔蒙古自治县',',3106,3200,',3200),(3208,'2017-06-18 00:57:33','2017-06-18 00:57:33',0,14,'新疆维吾尔自治区阿勒泰地区',1,'阿勒泰地区',',3106,',3106),(3209,'2017-06-18 00:57:34','2017-06-18 00:57:34',0,1,'新疆维吾尔自治区阿勒泰地区阿勒泰市',2,'阿勒泰市',',3106,3208,',3208),(3210,'2017-06-18 00:57:35','2017-06-18 00:57:35',0,2,'新疆维吾尔自治区阿勒泰地区布尔津县',2,'布尔津县',',3106,3208,',3208),(3211,'2017-06-18 00:57:36','2017-06-18 00:57:36',0,3,'新疆维吾尔自治区阿勒泰地区富蕴县',2,'富蕴县',',3106,3208,',3208),(3212,'2017-06-18 00:57:37','2017-06-18 00:57:37',0,4,'新疆维吾尔自治区阿勒泰地区福海县',2,'福海县',',3106,3208,',3208),(3213,'2017-06-18 00:57:38','2017-06-18 00:57:38',0,5,'新疆维吾尔自治区阿勒泰地区哈巴河县',2,'哈巴河县',',3106,3208,',3208),(3214,'2017-06-18 00:57:39','2017-06-18 00:57:39',0,6,'新疆维吾尔自治区阿勒泰地区青河县',2,'青河县',',3106,3208,',3208),(3215,'2017-06-18 00:57:40','2017-06-18 00:57:40',0,7,'新疆维吾尔自治区阿勒泰地区吉木乃县',2,'吉木乃县',',3106,3208,',3208),(3216,'2017-06-18 00:57:41','2017-06-18 00:57:41',0,15,'新疆维吾尔自治区石河子市',1,'石河子市',',3106,',3106),(3217,'2017-06-18 00:57:42','2017-06-18 00:57:42',0,16,'新疆维吾尔自治区阿拉尔市',1,'阿拉尔市',',3106,',3106),(3218,'2017-06-18 00:57:43','2017-06-18 00:57:43',0,17,'新疆维吾尔自治区图木舒克市',1,'图木舒克市',',3106,',3106),(3219,'2017-06-18 00:57:44','2017-06-18 00:57:44',0,18,'新疆维吾尔自治区五家渠市',1,'五家渠市',',3106,',3106),(3220,'2017-06-18 00:57:45','2017-06-18 00:57:45',0,32,'台湾省',0,'台湾省',',',NULL),(3221,'2017-06-18 00:57:46','2017-06-18 00:57:46',0,33,'香港特别行政区',0,'香港特别行政区',',',NULL),(3222,'2017-06-18 00:57:47','2017-06-18 00:57:47',0,34,'澳门特别行政区',0,'澳门特别行政区',',',NULL);

/*Table structure for table `xx_article` */

DROP TABLE IF EXISTS `xx_article`;

CREATE TABLE `xx_article` (
  `id` bigint(20) NOT NULL AUTO_INCREMENT,
  `create_date` datetime NOT NULL,
  `modify_date` datetime NOT NULL,
  `version` bigint(20) NOT NULL,
  `author` varchar(255) DEFAULT NULL,
  `content` longtext,
  `generate_method` int(11) NOT NULL,
  `hits` bigint(20) NOT NULL,
  `is_publication` bit(1) NOT NULL,
  `is_top` bit(1) NOT NULL,
  `seo_description` varchar(255) DEFAULT NULL,
  `seo_keywords` varchar(255) DEFAULT NULL,
  `seo_title` varchar(255) DEFAULT NULL,
  `title` varchar(255) NOT NULL,
  `article_category` bigint(20) NOT NULL,
  PRIMARY KEY (`id`),
  KEY `ind_article_article_category` (`article_category`),
  CONSTRAINT `fk_article_article_category` FOREIGN KEY (`article_category`) REFERENCES `xx_article_category` (`id`)
) ENGINE=InnoDB AUTO_INCREMENT=15 DEFAULT CHARSET=utf8;

/*Data for the table `xx_article` */

insert  into `xx_article`(`id`,`create_date`,`modify_date`,`version`,`author`,`content`,`generate_method`,`hits`,`is_publication`,`is_top`,`seo_description`,`seo_keywords`,`seo_title`,`title`,`article_category`) values (1,'2017-06-18 00:00:05','2017-06-18 00:00:05',0,NULL,'<p>随着电子商务的普及、移动端的大力发展，亚洲2015年将有望取代北美成为全球最大的电商市场。</p><p><br/></p><p>该报告预测，2015年亚洲零售市场预期平均增长4.6%，达到7.6万亿美元，远超欧洲(0.8%)及北美(2.5%)市场，稳居全球最大消费市场。值得注意的是，女性在整个亚洲消费市场中占有举足轻重的地位，网购更成为推动亚洲女性消费的新兴方式。</p><p><br/></p><p>在发布会现场，经济学人智库的资深分析师Laurel West表示：随着亚洲女性消费者经济地位的不断提升，亚洲女性正成为亚洲消费市场的主要驱动力。通过本次调研发现，亚洲女性在很大程度上主导了家庭消费决策，不仅在服饰、化妆品、日用品等类别，还包括电子产品、家具、旅行等高单价商品类别。</p><p><br/></p><p>值得一提的是，相比线下购物，近一半的女性更青睐网购(中国大陆为69%)；63%的女性每天至少上网浏览商品与服务一次，近30%的人每天浏览两次或更多。女性更愿意为自己购物，此外，部分女性在感到为自己购买过多时，出于“内疚”心理，会为丈夫、子女及父母等家庭成员买些东西作为补偿。女性消费者网购最关注的是：品牌优品、优惠价格和正品商品；女性购买最多的品类是：服饰、母婴和美妆。</p><p><br/></p><p>另外，调查发现移动端购物已成为主流趋势之一，在年轻的亚洲女性消费群体中尤为明显。调查显示，18至29岁年龄段的女性热衷网购的比例高达一半，且在这一年龄段中超过一半的女性习惯在家用智能手机网购。而 “冲动消费”的特征在这一年龄段的亚洲女性身上也更为突出，半数以上的18至29岁女性承认更容易冲动购物，而在稍大年龄段的女性中则为40%。</p><p><br/></p><p>这份名为《崛起中的亚洲女性网购力量》调查报告，汇集了两岸三地、印度、日本、新加坡以及韩国5500名女性网购数据。</p>',0,0,'','\0',NULL,NULL,NULL,'亚洲将有望成为全球最大电商市场',1),(2,'2017-06-18 00:00:06','2017-06-18 00:00:06',0,NULL,'<p>近日，普华永道最新发布的《2015年中国金融及银行业展望》调研。大部份受访者认为不良贷款风险仍在可控范围。此外， 本次调研除了国内银行及外资银行，还包括互联网P2P借贷平台、互联网理财机构等等。虽然新参与者直接挑战了传统金融机构，但受访者认为将来两者之间合作 胜于竞争。调研预期，对于互联网金融更严格监管将在2015年得到落实。参与调研的受访者认为，商业银行的净息差将被进一步压缩至约2%，这个水平与大部份发达国家市场相似。受访者认为，中国银行业必须减少对存贷业务的依赖。调研显示，越来越多的传统金融机构也进行互联网探索，比如一些信托公司觊觎互联网产品销售平台，以求降低成本。分析认为，互联网理财产品除了拥有高收益外， 还有传统货币及银行理财产品无法比拟的流动性优势。但随着央行向商业提供流动性，银行同业拆借利率有所回落，上述产品的收益率优势在缩小。此外，传统商业银行的中间业务收入也受到了互联网第三方支付平台的挑战，比如支付宝及财付通等。调研认为，第三方支付平台的出现，导致商业银行从传统银行卡业务中能收取的费用越来越少。预计2015年，线上支付会突破10万亿人民币，移动支付会突破4万亿人民币。</p>',0,0,'','\0',NULL,NULL,NULL,'2015年我国移动支付或突破4万亿元',1),(3,'2017-06-18 00:00:07','2017-06-18 00:00:07',0,NULL,'<p>2014年是移动电商大爆发的一年。微信和手机QQ购物、微店、天猫和京东移动端交易、网上支付、电商+虚拟运营商等成为2014年移动电商的关键词。各大电商如阿里、京东、苏宁、唯品会等也在向移动电商倾斜。同时，中国互联网协会秘书长卢卫表示，2014年我国互联网领域迎来新一轮融资高峰，新兴O2O商务应用服务在国内全面布局，涉及招聘、电影票、交通票务、旅游门票、打车代驾租车、餐饮、美容、汽车保养等领域的移动互联网热点不断涌现，服务民生的智能应有体系逐步成熟，市场规模加速扩大。截至2014年第三季度，我国移动网购交易规模已超2100亿元，比2013年增长了近3倍。据中国电子商务研究中心监测数据显示，2014年中国移动购物的交易规模接近10万亿元，增长率达到270%。</p>',0,0,'','\0',NULL,NULL,NULL,'2015年我国移动电商交易规模或将超千亿',1),(4,'2017-06-18 00:00:08','2017-06-18 00:00:08',0,NULL,'<p>从2014年看，B2C市场中，天猫市场份额占比超六成，京东占比为18.6%，其余B2C企业中唯品会、1号店、国美的增速均高于B2C市场整体增速。从自主销售为主B2C市场来看，京东占比近五成，苏宁易购占比达到8.5%，唯品会占比达到7.7%，其他项中小米手机官网发展迅速，整个市场集中度依然较高。</p><p><br/></p><p>艾瑞分析认为，阿里及京东等综合性电商在进行多元化发展的同时，其他电商企业也纷纷在行业内寻找自己的生存空间，从供应链整合、产品拓展、品牌打造、服务优化等各方面持续发力，提升企业的核心竞争优势，网络购物行业竞争格局将持续演进。</p><p><br/></p><p>未来趋势：渠道下沉、行业渗透范围扩大及跨境电商将成为行业未来发展趋势</p><p><br/></p><p>渠道下沉：三四线城市及乡镇地区的居民收入水平的不断提高，购物需求日益旺盛，在一二线城市网购渗透率逐渐饱和的情况下，需求旺盛的农村市场开始成为各电商企业发力的新重点，近两年来大量电商企业通过刷墙、建立服务点等方式进入农村，物流公司也开始覆盖乡镇等配送范围，未来几年，电商将持续向三四线城市及乡镇地区渗透。</p><p><br/></p><p>加速向各行业渗透：随着电子商务进程的加深及网络销售商品品类的不断扩充，除了电商行业内先发品类如服装、3C家电、化妆品等线上渗透率不断提升外，偏服务及体验的产品如商旅、保险、基金等产品的线上发展水平也在不断提升，此外，重服务的家装电商、医药电商等也开始快速发展。</p><p><br/></p><p>跨境电商快速发展：从政策层面看，国家出台了一系列跨境电商促进政策并先后批准上海、宁波、郑州等市开展跨境电商试点，为跨境电商提供政策支持。从市场需求看，除了国外消费者对中国国内物美价廉商品的巨大需求外，随着社会消费水平的提高中国消费者对海外优质的品牌商品也有同样旺盛的购买需求。从企业来看，除了既有行业内的大量外贸电商企业外，内贸电商企业也纷纷实施国际化战略，布局跨境电商业务。未来几年，在行业前景明朗、政策利好及市场需求旺盛的共同推动下，未来跨境电商行业将会获得快速发展。</p>',0,0,'','\0',NULL,NULL,NULL,'2014我国网络购物交易规模2.8万亿 增48%',1),(5,'2017-06-18 00:00:09','2017-06-18 00:00:09',0,NULL,'<p>据新华社电奢侈品研究和顾问机构财富品质研究院昨天发布的《中国奢侈品报告》表明，中国消费者奢侈品消费76％在境外。</p><p><br/></p><p>财富品质研究院调研显示，中国消费者2014年在本土消费额明显下降，为250亿美元，同比下降11％，中国奢侈品市场占全球奢侈品市场比重由2013年的13％下降到2014年的11％。虽然奥特莱斯和网络销售都有明显增长，但都没有改变2014年中国奢侈品市场整体下滑态势；中国消费者境外消费进一步加强，2014年境外消费达810亿美元，同比增长超过9％。</p><p><br/></p><p>“这说明2014年中国消费者76％的奢侈品消费发生在境外，中国消费者奢侈品消费外流已经到了非常严重的地步。”财富品质研究院院长周婷说。</p><p><br/></p><p>虽然全球奢侈品市场2014年依然面临诸多压力，但是全球奢侈品市场总容量仍达到创纪录的2320亿美元，预计全年增长率达到7％。其增长主要来源于高端小众品牌，特别是定制类品牌的快速发展，而传统奢侈品牌的相对市场份额明显下降。</p><p><br/></p><p>据统计，中国消费者全球奢侈品消费达到1060亿美元，同比增长4％，这表明中国人2014年买走了全球46％的奢侈品，虽然占比略有下降，但中国消费者仍是全球奢侈品市场无可争议的最大买家。</p>',0,0,'','\0',NULL,NULL,NULL,'中国消费者奢侈品消费76％在境外',1),(6,'2017-06-18 00:00:10','2017-06-18 00:00:10',0,NULL,'<p>据媒体报道，中国互联网信息中心表示，截至去年底，中国网民达6.48亿。该数字较2013年增加3000万。</p><p><br/></p><p>中国有关网民的定义为半年内至少使用过一次互联网的人。中国的网民数量已超过世界上任何其他国家。中国还拥有庞大电商市场，互联网正被中国公民用以曝光官员滥权行为并已引发中共关注。</p>',0,0,'','\0',NULL,NULL,NULL,'中国网民接近6.5亿 较2013年增加3000万',1),(7,'2017-06-18 00:00:11','2017-06-18 00:00:11',0,NULL,'<p>我国跨境电商的发展速度惊人。昨日中国海关总署表示，从2013年7月启动以来，截至去年底，中国跨境电子商务试点已突破30亿元人民币，其中约1/3为进口业务。</p><p><br/></p><p>在出口方面，截至2014年12月底，上海、重庆、杭州等16个城市先后开展出口业务，累计验放清单3823.5万份，出口到181个国家和地区，价值约20.4亿元。在进口方面，截至2014年12月底，上海、重庆、杭州、宁波、郑州、广州、深圳先后开展了进口业务，共验放包裹411万余件，价值约10.1亿元。</p><p><br/></p><p>海关总署新闻发言人张广志表示，为避免地方重复建设，海关总署2014年开发了适用于全国的统一版跨境电子商务出口通关管理系统，并于当年7月1日在东莞率先上线运行。该系统依托电子口岸平台，实现与电商、物流、支付企业和平台的高效对接，全程掌握跨境电子商务的准确数据和状态。目前，大龙网、亿赞普、傲基等50余家企业已经完成与中国电子口岸数据中心的联网对接，并实现数据交换。</p>',0,0,'','\0',NULL,NULL,NULL,'2014年全年我国跨境电商试点突破30亿元',1),(8,'2017-06-18 00:00:12','2017-06-18 00:00:12',0,NULL,'<p>2014年可穿戴设备成为消费者的新宠，预示着另一种先进的电子消费品正在普及中：技术正在成为我们身体的一部分。根据eMarketer新报告“Wearables:10 Insights on Device Adoption and Business Opportunities.”，利用这些可穿戴设备的品牌也将成为我们身体的一部分。</p><p><br/></p><p>可穿戴设备</p><p><br/></p><p>今年可穿戴设备的出货量增长率将达到3位数，International Data Corporation预测2014年全球可穿戴设备出货量将达到192亿单位，增长超过200%。可穿戴设备受追捧主要有两个原因。首先，快速增长在新技术类别并不稀奇，尤其是一个大类别。身体的每个主要部位都有对应的可穿戴设备。其次，这种神奇的商品吸引了大量的消费者，但还未进入市场。Apple Watch将会在2015年初推出。但是，各个种类的可穿戴设备在美国消费者中的普及率都比较低。</p><p><br/></p><p>但是，忽视可穿戴设备是个失误。早期使用这些设备很有吸引力，这标志着美国市场已经准备好迎接下一个技术革新。而且，前瞻性企业已经开始采取行动，屏幕出现在更多可穿戴设备上，展示技术正在改进。但是，消费者使用可穿戴设备跟多的是因为其可以穿戴、跟踪和通知，这使得营销商将注意力集中在可穿戴上而不是互动上。</p><p><br/></p><p>全球移动广告网络运营商InMobi副总裁Atul Satija表示“可穿戴设备的互动不会是通过两个大拇指的方式，而是通过单个手指选择‘是’或‘否’来进行的。”</p><p><br/></p><p>例如，许多营销商相信用智能手表接收信息会促进互动。由于接触互动的受限，Satija和其他人都认为声音将会是更友好、更有效的互动方式。</p><p><br/></p><p>房地产搜索网站Trulia的CEO Kira Wampler表示，发送到可穿戴设备的信息的目的应该是“给用户选择是否采取下一步行动的信息”，更复杂的交流是不可能的。</p>',0,0,'','\0',NULL,NULL,NULL,'2014全球可穿戴设备出货量将增超200%',1),(9,'2017-06-18 00:00:13','2017-06-18 00:00:13',0,NULL,'<p>狂欢节活动</p>',0,0,'','\0',NULL,NULL,NULL,'狂欢节活动',2),(10,'2017-06-18 00:00:14','2017-06-18 00:00:14',0,NULL,'<p>手机全场低至9.5折</p>',0,0,'','\0',NULL,NULL,NULL,'手机全场低至9.5折',2),(11,'2017-06-18 00:00:15','2017-06-18 00:00:15',0,NULL,'<p>劲爆限时抢购</p>',0,0,'','\0',NULL,NULL,NULL,'劲爆限时抢购',2),(12,'2017-06-18 00:00:16','2017-06-18 00:00:16',0,NULL,'<p>家电狂降五折起</p>',0,0,'','\0',NULL,NULL,NULL,'家电狂降五折起',2),(13,'2017-06-18 00:00:17','2017-06-18 00:00:17',0,NULL,'<p>年终排行榜盛惠</p>',0,0,'','\0',NULL,NULL,NULL,'年终排行榜盛惠',2),(14,'2017-06-18 00:00:18','2017-06-18 00:00:18',0,NULL,'<p>将限量”温情”带回家</p>',0,0,'','\0',NULL,NULL,NULL,'将限量”温情”带回家',2);

/*Table structure for table `xx_article_category` */

DROP TABLE IF EXISTS `xx_article_category`;

CREATE TABLE `xx_article_category` (
  `id` bigint(20) NOT NULL AUTO_INCREMENT,
  `create_date` datetime NOT NULL,
  `modify_date` datetime NOT NULL,
  `version` bigint(20) NOT NULL,
  `orders` int(11) DEFAULT NULL,
  `grade` int(11) NOT NULL,
  `name` varchar(255) NOT NULL,
  `seo_description` varchar(255) DEFAULT NULL,
  `seo_keywords` varchar(255) DEFAULT NULL,
  `seo_title` varchar(255) DEFAULT NULL,
  `tree_path` varchar(255) NOT NULL,
  `parent` bigint(20) DEFAULT NULL,
  PRIMARY KEY (`id`),
  KEY `ind_article_category_parent` (`parent`),
  CONSTRAINT `fk_article_category_parent` FOREIGN KEY (`parent`) REFERENCES `xx_article_category` (`id`)
) ENGINE=InnoDB AUTO_INCREMENT=4 DEFAULT CHARSET=utf8;

/*Data for the table `xx_article_category` */

insert  into `xx_article_category`(`id`,`create_date`,`modify_date`,`version`,`orders`,`grade`,`name`,`seo_description`,`seo_keywords`,`seo_title`,`tree_path`,`parent`) values (1,'2017-06-18 00:00:02','2017-06-18 00:00:02',0,1,0,'商城动态',NULL,NULL,NULL,',',NULL),(2,'2017-06-18 00:00:03','2017-06-18 00:00:03',0,2,0,'活动促销',NULL,NULL,NULL,',',NULL),(3,'2017-06-18 00:00:04','2017-06-18 00:00:04',0,3,0,'帮助中心',NULL,NULL,NULL,',',NULL);

/*Table structure for table `xx_article_tag` */

DROP TABLE IF EXISTS `xx_article_tag`;

CREATE TABLE `xx_article_tag` (
  `articles` bigint(20) NOT NULL,
  `tags` bigint(20) NOT NULL,
  PRIMARY KEY (`articles`,`tags`),
  KEY `ind_article_tag_tags` (`tags`),
  CONSTRAINT `fk_article_tag_articles` FOREIGN KEY (`articles`) REFERENCES `xx_article` (`id`),
  CONSTRAINT `fk_article_tag_tags` FOREIGN KEY (`tags`) REFERENCES `xx_tag` (`id`)
) ENGINE=InnoDB DEFAULT CHARSET=utf8;

/*Data for the table `xx_article_tag` */

/*Table structure for table `xx_attribute` */

DROP TABLE IF EXISTS `xx_attribute`;

CREATE TABLE `xx_attribute` (
  `id` bigint(20) NOT NULL AUTO_INCREMENT,
  `create_date` datetime NOT NULL,
  `modify_date` datetime NOT NULL,
  `version` bigint(20) NOT NULL,
  `orders` int(11) DEFAULT NULL,
  `name` varchar(255) NOT NULL,
  `options` longtext NOT NULL,
  `property_index` int(11) NOT NULL,
  `product_category` bigint(20) NOT NULL,
  PRIMARY KEY (`id`),
  KEY `ind_attribute_product_category` (`product_category`),
  CONSTRAINT `fk_attribute_product_category` FOREIGN KEY (`product_category`) REFERENCES `xx_product_category` (`id`)
) ENGINE=InnoDB DEFAULT CHARSET=utf8;

/*Data for the table `xx_attribute` */

/*Table structure for table `xx_brand` */

DROP TABLE IF EXISTS `xx_brand`;

CREATE TABLE `xx_brand` (
  `id` bigint(20) NOT NULL AUTO_INCREMENT,
  `create_date` datetime NOT NULL,
  `modify_date` datetime NOT NULL,
  `version` bigint(20) NOT NULL,
  `orders` int(11) DEFAULT NULL,
  `introduction` longtext,
  `logo` varchar(255) DEFAULT NULL,
  `name` varchar(255) NOT NULL,
  `type` int(11) NOT NULL,
  `url` varchar(255) DEFAULT NULL,
  PRIMARY KEY (`id`)
) ENGINE=InnoDB AUTO_INCREMENT=15 DEFAULT CHARSET=utf8;

/*Data for the table `xx_brand` */

insert  into `xx_brand`(`id`,`create_date`,`modify_date`,`version`,`orders`,`introduction`,`logo`,`name`,`type`,`url`) values (1,'2017-06-18 00:02:46','2017-06-18 00:02:46',0,1,'<p>华鑫集团成立于1998年，现有总资产60亿元，旗下拥有采煤、洗选、焦炭、化产、化肥、热电、贸易、房地产、旅游等相关产业，是一家集生产、经营、文化、生态建设为一体的循环型、现代化、规模化企业集团。华鑫集团集团发扬艰苦创业、勇于创新的精神，坚持科学经营、规范管理的理念，经过数年发展迅速跻身于全省重点企业行列，是中国炼焦行业五十强企业，山西省循环经济企业，山西省炼焦行业十强企业。</p>','http://localhost:8080/yngs/upload/image/201611/202f97be-eece-4504-b68b-7d19e527e7ca.gif','山西华鑫',1,'http://www.sxhuaxin.cn'),(2,'2017-06-18 00:02:47','2017-06-18 00:02:47',0,2,'<p class=\"p0\"><span style=\"line-height:1.5;font-size:14px;\">&nbsp;&nbsp;&nbsp;&nbsp;<span style=\"line-height: 1.5; font-size: 16px;\">&nbsp; 山东米高生物科技有限公司由苏州东洋化肥有限公司与高密市高农生产资料连锁有限公司公司合资设立，公司位于高密大牟家工业园。</span></span></p><p class=\"p0\"><span style=\"font-size: 16px;\">&nbsp;&nbsp;&nbsp;&nbsp;&nbsp; 高密有良好的区位优势和便利的交通条件。东临旅游名城青岛，西依世界风筝古都潍坊。境内胶济铁路、胶新铁路、济青高速公司、省道潍胶公路、平日公路、胶王公路纵横贯穿，高等级公路四通八达，连接济南、青岛、潍坊、烟台、日照等开放城市和港口城市，距青岛、潍坊机场不足70公里，厂区周围四面环路，与外界联系十分方便。</span></p><p><br/></p>','http://localhost:8080/yngs/upload/image/201611/97ee1baf-0262-42f9-b748-9255c4ca4997.gif','米高生物',1,'http://www.sdmigo.com'),(3,'2017-06-18 00:02:48','2017-06-18 00:02:48',0,3,'<p>江苏恒康肥业有限公司是县质监局招商引资项目，由南京云台集团投资4100万元兴建，占地面积30亩，总建筑面积1.1万平方米，计划用工200余人，生产工艺采用目前国内最先进的氨酸造粒技术，年可生产氨酸复合肥10万吨.江苏恒康肥也有限公司是一家经国家相关部门批准注册的企业。江苏恒康肥也有限公司凭着良好的信用、优良的服务与多家企业建立了长期的合作关系。江苏恒康肥也有限公司热诚欢迎各界朋友前来参观、考察、洽谈业务。\r\n &nbsp; &nbsp; &nbsp; &nbsp; &nbsp; &nbsp; &nbsp; &nbsp;\r\n &nbsp; &nbsp; &nbsp; &nbsp; &nbsp; &nbsp; &nbsp; &nbsp;\r\n &nbsp; &nbsp; &nbsp; &nbsp; &nbsp; &nbsp; &nbsp; &nbsp;</p>','http://localhost:8080/yngs/upload/image/201611/a2726d33-61e0-4bce-b8dc-60e7c0068f5d.gif','恒康肥业',1,'http://www.sony.com.cn'),(4,'2017-06-18 00:02:49','2017-06-18 00:02:49',0,4,'<p>江苏华昌（集团）有限公司已有39年历史，是一家以化工为主体的国家大型二类企业，中国化工百强，张家港市十大重点骨干企业之一。集团公司现有15家生产、经营企业（公司），其中1家国家级高新技术企业，6家省级高新技术企业，1家上市公司，经营范围涉及化工、机电、建筑和宾馆服务等。所有生产企业均通过ISO2000版质量体系和ISO14001、ISO18001环境、安全体系认证，出口产品达30种。\r\n 集团现有总固定资产约30亿元，总员工超5000人。2008年实现销售收入超50亿元，外贸出口额约10亿元，自营出口额约1亿美元。<br/></p>','http://localhost:8080/yngs/upload/image/201611/c38febfa-9bd8-4534-a680-91421661fd02.gif','江苏华昌',1,'http://www.huachangchem.cn'),(5,'2017-06-18 00:02:50','2017-06-18 00:02:50',0,5,'<p>河南晋开化工投资控股集团有限责任公司（简称“晋开集团”）的前身是开封晋开化工有限责任公司，成立于2004年5月28日，是中国500强企业山西晋煤集团在山西省境外设立的第一家煤化工子公司。2008年5月28日，以开封晋开化工有限责任公司为母公司组建河南晋开投资控股集团，公司变更为现名。s</p><p><br/></p>','http://localhost:8080/yngs/upload/image/201611/b53fa37b-47e9-45d9-afcd-64b9cfe1145a.gif','河南晋开',1,'http://www.jinkaihg.com'),(6,'2017-06-18 00:02:51','2017-06-18 00:02:51',0,6,'<p>瓮福（集团）有限责任公司是集磷矿采选、磷复肥、磷煤化工、氟碘化工生产、科研、贸易和国际工程总承包为一体的国有大型磷化工企业。</p>','http://localhost:8080/yngs/upload/image/201611/255ac3d2-119a-45a3-9590-0a1a34e1da83.gif','瓮福集团',1,'http://wfnz.wengfu.com'),(7,'2017-06-18 00:02:52','2017-06-18 00:02:52',0,7,'<p>兴发集团位于湖北省<a target=\"_blank\" href=\"http://baike.baidu.com/view/79527.htm\">宜昌市</a><a target=\"_blank\" href=\"http://baike.baidu.com/view/119152.htm\">兴山县</a>，是一家依托<a target=\"_blank\" href=\"http://baike.baidu.com/view/5211.htm\">宜昌</a>及周边地区丰富的水电和磷矿资源发展起来的“化工为主导，电矿为基础，科工贸结合”的大型精细磷化工企业。现控股一家上市公司，总资产50亿元，员工约4500人。是目前世界上最大的六偏磷酸钠和中国最大的三聚磷酸钠生产企业。</p>','http://localhost:8080/yngs/upload/image/201611/423b0458-7ecf-4e84-a792-17db93cd5ae4.gif','兴发集团',1,'http://www.xingfagroup.com'),(8,'2017-06-18 00:02:53','2017-06-18 00:02:53',0,8,'<p>广东友宁贸易有限公司简介广东友宁贸易有限公司成立于1995年，主要经营医用和研究用的医疗器械、试剂和消耗品，在辅助生殖、分子遗传和男性学方面建立了遍布全国的销售网络和一批专业的售后服务队伍。近十年来，公司与国内外的辅助生殖中心、遗传研究所及世界著名的相关生产厂家保持着长期紧密的技术交流和业务来往，并以至诚、忠恳的服务宗旨及优惠的产品价格为客户所称赞。公司的主要客户有：中山大学附属第一医院、中山大学附属第二医院、中山大学附属第三医院、中山大学附属肿瘤医院、广东省人民医院血液、南方医院、南方医院、浙江大学附属妇产科医院、温州医学院附属第一医院、上海瑞金医院、云南省第一人民医院、广西壮族自治区妇幼保健院、广西壮族自治区人民医院等等。二、\r\n	\r\n广东友宁贸易有限公司组织结构广东友宁贸易有限公司下设销售部、技术服务部、物流部和财务部。总经理蓝俊先生1984年毕业于华南理工大学计算机专业，曾服务于国际著名的公司BIO-RAD，任专业工程师。</p>','http://localhost:8080/yngs/upload/image/201611/0ee0a656-f6e9-410d-b267-198c3d14728d.gif','友宁',1,'http://www.panasonic.cn'),(9,'2017-06-18 00:02:54','2017-06-18 00:02:54',0,9,'<p>北京颖泰嘉和科技股份有限公司是一家以市场为先导、研发为动力、生产为支撑,以创新为方向的中型高科技企业。公司主要从事农用化学品、医药及其中间体、其他精细化工品。</p>','http://localhost:8080/yngs/upload/image/201611/7c1f107a-3d5b-4081-8032-71e8c9922571.png','Nutrichem',1,'http://www.nutrichem.cn'),(10,'2017-06-18 00:02:55','2017-06-18 00:02:55',0,10,'<p>江苏扬农化工集团有限公司是生产农药、氯碱、精细化工产品的企业。其控股的江苏扬农化工股份有限公司是国内规模最大的新型仿生农药--拟除虫菊酯生产基地，已于2002年4月成功上市。在苯的硝化氯化产品、环氧氯丙烷、农用和卫生用菊酯等产业具有领先的市场地位和全球影响力，年盈利规模超3.5亿元人民币，现有三个配套齐全的精细化工产业基地。</p>','http://localhost:8080/yngs/upload/image/201611/6ab66c21-7f0d-4a09-a187-5f0c907c8fae.gif','江苏扬农',1,'http://www.yangnong.com.cn'),(11,'2017-06-18 00:02:56','2017-06-18 00:02:56',0,11,'<p><span class=\"pp_1\">“溉朴”是深圳市金</span><span class=\"pp_1\">佰诺投资担保有限公司投资倾力打造的系列农业产业商标之一。“溉朴”品牌水溶肥是该产业的龙头产品，由深圳溉朴农业科技有限公司高端运营的中国水溶肥冠军品牌，专注于提供水肥一体化解决方案、作物营养解决方案。</span></p>','http://localhost:8080/yngs/upload/image/201611/d273ad2f-d335-4fe4-9b98-77882b9e49a3.jpg','溉朴',1,'http://www.sinogap.com'),(12,'2017-06-18 00:02:57','2017-06-18 00:02:57',0,12,'<p><span style=\"font-size: 12px; font-family: 宋体,tahoma,arial,sans-serif; line-height: 150%;\">公司为国有控股企业，成立于2004年底，注册资本12718.98万元。公司前身核工业华新生物化学制品厂始建于1989年，是江西省第一家赤霉酸生产定点企业......</span><span style=\"font-size: 16px;\"></span></p>','http://localhost:8080/yngs/upload/image/201611/288405ba-5554-46cc-82bb-da9037471a64.png','NEW REYPHON',1,'http://www.jxxrf.com'),(13,'2017-06-18 00:02:58','2017-06-18 00:02:58',0,13,'<p><strong>青岛海鲸灵海藻集团 &nbsp; 青岛鲸灵海洋科技有限公司 &nbsp;</strong><strong>青岛海鲸灵农资连锁有限公司 &nbsp; </strong><strong>青岛海鲸灵农业机械有限公司 &nbsp; 筹建青岛海鲸灵海鸥斯曼作物营养技术有限公司 &nbsp;</strong><strong>青岛巨浪海藻生物技术有限公司</strong></p>','http://localhost:8080/yngs/upload/image/201611/5f35d7a0-4de1-4dbd-9b21-d2075c5802b9.png','青岛海鲸灵',1,'http://www.jlfert.com'),(14,'2017-06-18 00:03:02','2017-06-18 00:03:02',0,14,'<p><em>江西沪航</em>实业有限公司坐落于国家级技术开发区---江西省南昌市经济技术开发区。公司距离赣江水运码头仅1.5公里之遥,通过赣江及长江流域。</p>','http://localhost:8080/yngs/upload/image/201612/33323a88-107f-4b73-a9f1-7384c0844569.jpg','江西沪航',1,'http://www.jxhuhang.com');

/*Table structure for table `xx_cart` */

DROP TABLE IF EXISTS `xx_cart`;

CREATE TABLE `xx_cart` (
  `id` bigint(20) NOT NULL AUTO_INCREMENT,
  `create_date` datetime NOT NULL,
  `modify_date` datetime NOT NULL,
  `version` bigint(20) NOT NULL,
  `expire` datetime NOT NULL,
  `cart_key` varchar(255) NOT NULL,
  `member` bigint(20) DEFAULT NULL,
  PRIMARY KEY (`id`),
  UNIQUE KEY `uni_cart_cart_key` (`cart_key`),
  KEY `ind_cart_member` (`member`),
  CONSTRAINT `fk_cart_member` FOREIGN KEY (`member`) REFERENCES `xx_member` (`id`)
) ENGINE=InnoDB AUTO_INCREMENT=3 DEFAULT CHARSET=utf8;

/*Data for the table `xx_cart` */

insert  into `xx_cart`(`id`,`create_date`,`modify_date`,`version`,`expire`,`cart_key`,`member`) values (2,'2017-06-18 19:59:32','2017-06-19 17:49:49',2,'2017-06-26 17:48:01','1f15360d9a2882631be1aed53aaec405',4);

/*Table structure for table `xx_cart_item` */

DROP TABLE IF EXISTS `xx_cart_item`;

CREATE TABLE `xx_cart_item` (
  `id` bigint(20) NOT NULL AUTO_INCREMENT,
  `create_date` datetime NOT NULL,
  `modify_date` datetime NOT NULL,
  `version` bigint(20) NOT NULL,
  `quantity` int(11) NOT NULL,
  `cart` bigint(20) NOT NULL,
  `product` bigint(20) NOT NULL,
  PRIMARY KEY (`id`),
  KEY `ind_cart_item_cart` (`cart`),
  KEY `ind_cart_item_product` (`product`),
  CONSTRAINT `fk_cart_item_cart` FOREIGN KEY (`cart`) REFERENCES `xx_cart` (`id`),
  CONSTRAINT `fk_cart_item_product` FOREIGN KEY (`product`) REFERENCES `xx_product` (`id`)
) ENGINE=InnoDB AUTO_INCREMENT=4 DEFAULT CHARSET=utf8;

/*Data for the table `xx_cart_item` */

insert  into `xx_cart_item`(`id`,`create_date`,`modify_date`,`version`,`quantity`,`cart`,`product`) values (3,'2017-06-18 19:59:32','2017-06-18 19:59:32',0,1,2,28);

/*Table structure for table `xx_consultation` */

DROP TABLE IF EXISTS `xx_consultation`;

CREATE TABLE `xx_consultation` (
  `id` bigint(20) NOT NULL AUTO_INCREMENT,
  `create_date` datetime NOT NULL,
  `modify_date` datetime NOT NULL,
  `version` bigint(20) NOT NULL,
  `content` varchar(255) NOT NULL,
  `ip` varchar(255) NOT NULL,
  `is_show` bit(1) NOT NULL,
  `for_consultation` bigint(20) DEFAULT NULL,
  `goods` bigint(20) NOT NULL,
  `member` bigint(20) DEFAULT NULL,
  PRIMARY KEY (`id`),
  KEY `ind_consultation_for_c` (`for_consultation`),
  KEY `ind_consultation_goods` (`goods`),
  KEY `ind_consultation_member` (`member`),
  CONSTRAINT `fk_consultation_for_c` FOREIGN KEY (`for_consultation`) REFERENCES `xx_consultation` (`id`),
  CONSTRAINT `fk_consultation_goods` FOREIGN KEY (`goods`) REFERENCES `xx_goods` (`id`),
  CONSTRAINT `fk_consultation_member` FOREIGN KEY (`member`) REFERENCES `xx_member` (`id`)
) ENGINE=InnoDB DEFAULT CHARSET=utf8;

/*Data for the table `xx_consultation` */

/*Table structure for table `xx_coupon` */

DROP TABLE IF EXISTS `xx_coupon`;

CREATE TABLE `xx_coupon` (
  `id` bigint(20) NOT NULL AUTO_INCREMENT,
  `create_date` datetime NOT NULL,
  `modify_date` datetime NOT NULL,
  `version` bigint(20) NOT NULL,
  `begin_date` datetime DEFAULT NULL,
  `end_date` datetime DEFAULT NULL,
  `introduction` longtext,
  `is_enabled` bit(1) NOT NULL,
  `is_exchange` bit(1) NOT NULL,
  `maximum_price` decimal(21,6) DEFAULT NULL,
  `maximum_quantity` int(11) DEFAULT NULL,
  `minimum_price` decimal(21,6) DEFAULT NULL,
  `minimum_quantity` int(11) DEFAULT NULL,
  `name` varchar(255) NOT NULL,
  `point` bigint(20) DEFAULT NULL,
  `prefix` varchar(255) NOT NULL,
  `price_expression` varchar(255) DEFAULT NULL,
  PRIMARY KEY (`id`)
) ENGINE=InnoDB AUTO_INCREMENT=3 DEFAULT CHARSET=utf8;

/*Data for the table `xx_coupon` */

insert  into `xx_coupon`(`id`,`create_date`,`modify_date`,`version`,`begin_date`,`end_date`,`introduction`,`is_enabled`,`is_exchange`,`maximum_price`,`maximum_quantity`,`minimum_price`,`minimum_quantity`,`name`,`point`,`prefix`,`price_expression`) values (1,'2017-06-18 00:59:54','2017-06-18 00:59:54',0,NULL,NULL,NULL,'','',NULL,NULL,NULL,NULL,'100元优惠券',100000,'xx_','price - 100'),(2,'2017-06-18 00:59:55','2017-06-18 00:59:55',0,NULL,NULL,NULL,'','',NULL,NULL,NULL,NULL,'200元优惠券',200000,'xx_','price - 200');

/*Table structure for table `xx_coupon_code` */

DROP TABLE IF EXISTS `xx_coupon_code`;

CREATE TABLE `xx_coupon_code` (
  `id` bigint(20) NOT NULL AUTO_INCREMENT,
  `create_date` datetime NOT NULL,
  `modify_date` datetime NOT NULL,
  `version` bigint(20) NOT NULL,
  `code` varchar(255) NOT NULL,
  `is_used` bit(1) NOT NULL,
  `used_date` datetime DEFAULT NULL,
  `coupon` bigint(20) NOT NULL,
  `member` bigint(20) DEFAULT NULL,
  PRIMARY KEY (`id`),
  UNIQUE KEY `uni_coupon_code_code` (`code`),
  KEY `ind_coupon_code_coupon` (`coupon`),
  KEY `ind_coupon_code_member` (`member`),
  CONSTRAINT `fk_coupon_code_coupon` FOREIGN KEY (`coupon`) REFERENCES `xx_coupon` (`id`),
  CONSTRAINT `fk_coupon_code_member` FOREIGN KEY (`member`) REFERENCES `xx_member` (`id`)
) ENGINE=InnoDB DEFAULT CHARSET=utf8;

/*Data for the table `xx_coupon_code` */

/*Table structure for table `xx_delivery_center` */

DROP TABLE IF EXISTS `xx_delivery_center`;

CREATE TABLE `xx_delivery_center` (
  `id` bigint(20) NOT NULL AUTO_INCREMENT,
  `create_date` datetime NOT NULL,
  `modify_date` datetime NOT NULL,
  `version` bigint(20) NOT NULL,
  `address` varchar(255) NOT NULL,
  `area_name` varchar(255) NOT NULL,
  `contact` varchar(255) NOT NULL,
  `is_default` bit(1) NOT NULL,
  `memo` varchar(255) DEFAULT NULL,
  `mobile` varchar(255) DEFAULT NULL,
  `name` varchar(255) NOT NULL,
  `phone` varchar(255) DEFAULT NULL,
  `zip_code` varchar(255) DEFAULT NULL,
  `area` bigint(20) DEFAULT NULL,
  PRIMARY KEY (`id`),
  KEY `ind_delivery_center_area` (`area`),
  CONSTRAINT `fk_delivery_center_area` FOREIGN KEY (`area`) REFERENCES `xx_area` (`id`)
) ENGINE=InnoDB AUTO_INCREMENT=2 DEFAULT CHARSET=utf8;

/*Data for the table `xx_delivery_center` */

insert  into `xx_delivery_center`(`id`,`create_date`,`modify_date`,`version`,`address`,`area_name`,`contact`,`is_default`,`memo`,`mobile`,`name`,`phone`,`zip_code`,`area`) values (1,'2017-06-18 00:59:16','2017-06-18 00:59:16',0,'安德路888号','北京市东城区','北京配送中心','',NULL,'13888888888','北京配送中心','010-88888888','100000',2);

/*Table structure for table `xx_delivery_corp` */

DROP TABLE IF EXISTS `xx_delivery_corp`;

CREATE TABLE `xx_delivery_corp` (
  `id` bigint(20) NOT NULL AUTO_INCREMENT,
  `create_date` datetime NOT NULL,
  `modify_date` datetime NOT NULL,
  `version` bigint(20) NOT NULL,
  `orders` int(11) DEFAULT NULL,
  `code` varchar(255) DEFAULT NULL,
  `name` varchar(255) NOT NULL,
  `url` varchar(255) DEFAULT NULL,
  PRIMARY KEY (`id`)
) ENGINE=InnoDB AUTO_INCREMENT=5 DEFAULT CHARSET=utf8;

/*Data for the table `xx_delivery_corp` */

insert  into `xx_delivery_corp`(`id`,`create_date`,`modify_date`,`version`,`orders`,`code`,`name`,`url`) values (1,'2017-06-18 00:59:12','2017-06-18 00:59:12',0,1,'yuantong','圆通速递','http://www.yto.net.cn'),(2,'2017-06-18 00:59:13','2017-06-18 00:59:13',0,2,'shentong','申通快递','http://www.sto.cn'),(3,'2017-06-18 00:59:14','2017-06-18 00:59:14',0,3,'shunfeng','顺丰速运','http://www.sf-express.com'),(4,'2017-06-18 00:59:15','2017-06-18 00:59:15',0,4,'yunda','韵达快递','http://www.yundaex.com');

/*Table structure for table `xx_delivery_template` */

DROP TABLE IF EXISTS `xx_delivery_template`;

CREATE TABLE `xx_delivery_template` (
  `id` bigint(20) NOT NULL AUTO_INCREMENT,
  `create_date` datetime NOT NULL,
  `modify_date` datetime NOT NULL,
  `version` bigint(20) NOT NULL,
  `background` varchar(255) DEFAULT NULL,
  `content` longtext NOT NULL,
  `height` int(11) NOT NULL,
  `is_default` bit(1) NOT NULL,
  `memo` varchar(255) DEFAULT NULL,
  `name` varchar(255) NOT NULL,
  `offsetx` int(11) NOT NULL,
  `offsety` int(11) NOT NULL,
  `width` int(11) NOT NULL,
  PRIMARY KEY (`id`)
) ENGINE=InnoDB DEFAULT CHARSET=utf8;

/*Data for the table `xx_delivery_template` */

/*Table structure for table `xx_demand` */

DROP TABLE IF EXISTS `xx_demand`;

CREATE TABLE `xx_demand` (
  `id` bigint(20) NOT NULL AUTO_INCREMENT,
  `create_date` datetime NOT NULL,
  `modify_date` datetime NOT NULL,
  `version` bigint(20) NOT NULL,
  `product_category` bigint(20) NOT NULL,
  `product_quantity` int(11) DEFAULT NULL,
  `member` bigint(20) DEFAULT NULL,
  `status` int(11) NOT NULL,
  `admin` bigint(20) DEFAULT NULL,
  PRIMARY KEY (`id`),
  KEY `FK_iaowkqg9d180wknfrw40a0xln` (`admin`),
  KEY `FK_1c5bgjmpsquaa40idgq17p05l` (`member`),
  KEY `FK_soqf55mdh2i10vgt8l035dfor` (`product_category`),
  CONSTRAINT `FK_1c5bgjmpsquaa40idgq17p05l` FOREIGN KEY (`member`) REFERENCES `xx_member` (`id`),
  CONSTRAINT `FK_iaowkqg9d180wknfrw40a0xln` FOREIGN KEY (`admin`) REFERENCES `xx_admin` (`id`),
  CONSTRAINT `FK_soqf55mdh2i10vgt8l035dfor` FOREIGN KEY (`product_category`) REFERENCES `xx_product_category` (`id`)
) ENGINE=InnoDB DEFAULT CHARSET=utf8;

/*Data for the table `xx_demand` */

/*Table structure for table `xx_deposit_log` */

DROP TABLE IF EXISTS `xx_deposit_log`;

CREATE TABLE `xx_deposit_log` (
  `id` bigint(20) NOT NULL AUTO_INCREMENT,
  `create_date` datetime NOT NULL,
  `modify_date` datetime NOT NULL,
  `version` bigint(20) NOT NULL,
  `balance` decimal(21,6) NOT NULL,
  `credit` decimal(21,6) NOT NULL,
  `debit` decimal(21,6) NOT NULL,
  `memo` varchar(255) DEFAULT NULL,
  `operator` varchar(255) DEFAULT NULL,
  `type` int(11) NOT NULL,
  `member` bigint(20) NOT NULL,
  PRIMARY KEY (`id`),
  KEY `ind_deposit_log_member` (`member`),
  CONSTRAINT `fk_deposit_log_member` FOREIGN KEY (`member`) REFERENCES `xx_member` (`id`)
) ENGINE=InnoDB DEFAULT CHARSET=utf8;

/*Data for the table `xx_deposit_log` */

/*Table structure for table `xx_freight` */

DROP TABLE IF EXISTS `xx_freight`;

CREATE TABLE `xx_freight` (
  `id` bigint(20) NOT NULL AUTO_INCREMENT,
  `create_date` datetime NOT NULL,
  `modify_date` datetime NOT NULL,
  `version` bigint(20) NOT NULL,
  `price` decimal(21,6) NOT NULL,
  `area` bigint(20) NOT NULL,
  `goods` bigint(20) NOT NULL,
  PRIMARY KEY (`id`),
  KEY `fk_freight_goods` (`goods`),
  KEY `fk_freight_area` (`area`),
  CONSTRAINT `fk_freight_area` FOREIGN KEY (`area`) REFERENCES `xx_area` (`id`),
  CONSTRAINT `fk_freight_goods` FOREIGN KEY (`goods`) REFERENCES `xx_goods` (`id`)
) ENGINE=InnoDB DEFAULT CHARSET=utf8;

/*Data for the table `xx_freight` */

/*Table structure for table `xx_freight_config` */

DROP TABLE IF EXISTS `xx_freight_config`;

CREATE TABLE `xx_freight_config` (
  `id` bigint(20) NOT NULL AUTO_INCREMENT,
  `create_date` datetime NOT NULL,
  `modify_date` datetime NOT NULL,
  `version` bigint(20) NOT NULL,
  `continue_price` decimal(21,6) NOT NULL,
  `first_price` decimal(21,6) NOT NULL,
  `area` bigint(20) NOT NULL,
  `shipping_method` bigint(20) NOT NULL,
  PRIMARY KEY (`id`),
  KEY `ind_freight_config_area` (`area`),
  KEY `ind_freight_config_shipping_m` (`shipping_method`),
  CONSTRAINT `fk_freight_config_area` FOREIGN KEY (`area`) REFERENCES `xx_area` (`id`),
  CONSTRAINT `fk_freight_config_shipping_m` FOREIGN KEY (`shipping_method`) REFERENCES `xx_shipping_method` (`id`)
) ENGINE=InnoDB DEFAULT CHARSET=utf8;

/*Data for the table `xx_freight_config` */

/*Table structure for table `xx_friend_link` */

DROP TABLE IF EXISTS `xx_friend_link`;

CREATE TABLE `xx_friend_link` (
  `id` bigint(20) NOT NULL AUTO_INCREMENT,
  `create_date` datetime NOT NULL,
  `modify_date` datetime NOT NULL,
  `version` bigint(20) NOT NULL,
  `orders` int(11) DEFAULT NULL,
  `logo` varchar(255) DEFAULT NULL,
  `name` varchar(255) NOT NULL,
  `type` int(11) NOT NULL,
  `url` varchar(255) NOT NULL,
  PRIMARY KEY (`id`)
) ENGINE=InnoDB AUTO_INCREMENT=9 DEFAULT CHARSET=utf8;

/*Data for the table `xx_friend_link` */

insert  into `xx_friend_link`(`id`,`create_date`,`modify_date`,`version`,`orders`,`logo`,`name`,`type`,`url`) values (1,'2017-06-18 00:58:58','2017-06-18 00:58:58',0,1,'','云农公社',1,'http://www.yunnonggongshe.com/'),(2,'2017-06-18 00:58:59','2017-06-18 00:58:59',0,2,'http://localhost:8080/yngs/upload/image/201501/ae13eddc-25ac-427a-875d-d1799d751076.gif','支付宝',1,'http://www.alipay.com'),(3,'2017-06-18 00:59:00','2017-06-18 00:59:00',0,3,'http://localhost:8080/yngs/upload/image/201501/adaa9ac5-9994-4aa3-a336-b65613c85d50.gif','财付通',1,'http://www.tenpay.com'),(4,'2017-06-18 00:59:01','2017-06-18 00:59:01',0,4,'http://localhost:8080/yngs/upload/image/201501/41c18c8d-f69a-49fe-ace3-f16c2eb07983.gif','中国银联',1,'https://www.95516.com'),(5,'2017-06-18 00:59:02','2017-06-18 00:59:02',0,5,'http://localhost:8080/yngs/upload/image/201501/ea46ca0a-e8f0-4e2c-938a-5cb19a07cb9a.gif','快递100',1,'http://www.kuaidi100.com'),(6,'2017-06-18 00:59:03','2017-06-18 00:59:03',0,6,'http://localhost:8080/yngs/upload/image/201501/e12f226b-07f9-4895-bcc2-78dbe551964b.gif','站长统计',1,'http://www.cnzz.com'),(7,'2017-06-18 00:59:04','2017-06-18 00:59:04',0,7,'http://localhost:8080/yngs/upload/image/201501/fd9d6268-e4e2-41f6-856d-4cb8a49eadd1.gif','A5下载',1,'http://down.admin5.com'),(8,'2017-06-18 00:59:05','2017-06-18 00:59:05',0,8,'http://localhost:8080/yngs/upload/image/201501/6c57f398-0498-4044-80d8-20f6c40d5cef.gif','中国建设银行',1,'http://www.ccb.com');

/*Table structure for table `xx_goods` */

DROP TABLE IF EXISTS `xx_goods`;

CREATE TABLE `xx_goods` (
  `id` bigint(20) NOT NULL AUTO_INCREMENT,
  `create_date` datetime NOT NULL,
  `modify_date` datetime NOT NULL,
  `version` bigint(20) NOT NULL,
  `attribute_value0` varchar(255) DEFAULT NULL,
  `attribute_value1` varchar(255) DEFAULT NULL,
  `attribute_value10` varchar(255) DEFAULT NULL,
  `attribute_value11` varchar(255) DEFAULT NULL,
  `attribute_value12` varchar(255) DEFAULT NULL,
  `attribute_value13` varchar(255) DEFAULT NULL,
  `attribute_value14` varchar(255) DEFAULT NULL,
  `attribute_value15` varchar(255) DEFAULT NULL,
  `attribute_value16` varchar(255) DEFAULT NULL,
  `attribute_value17` varchar(255) DEFAULT NULL,
  `attribute_value18` varchar(255) DEFAULT NULL,
  `attribute_value19` varchar(255) DEFAULT NULL,
  `attribute_value2` varchar(255) DEFAULT NULL,
  `attribute_value3` varchar(255) DEFAULT NULL,
  `attribute_value4` varchar(255) DEFAULT NULL,
  `attribute_value5` varchar(255) DEFAULT NULL,
  `attribute_value6` varchar(255) DEFAULT NULL,
  `attribute_value7` varchar(255) DEFAULT NULL,
  `attribute_value8` varchar(255) DEFAULT NULL,
  `attribute_value9` varchar(255) DEFAULT NULL,
  `caption` varchar(255) DEFAULT NULL,
  `generate_method` int(11) NOT NULL,
  `hits` bigint(20) NOT NULL,
  `image` varchar(255) DEFAULT NULL,
  `introduction` longtext,
  `is_delivery` bit(1) NOT NULL,
  `is_list` bit(1) NOT NULL,
  `is_marketable` bit(1) NOT NULL,
  `is_top` bit(1) NOT NULL,
  `keyword` varchar(255) DEFAULT NULL,
  `market_price` decimal(21,6) NOT NULL,
  `pricing_money` decimal(21,6) DEFAULT NULL,
  `expire_time` datetime DEFAULT NULL,
  `moq` int(11) NOT NULL,
  `memo` varchar(255) DEFAULT NULL,
  `month_hits` bigint(20) NOT NULL,
  `month_hits_date` datetime NOT NULL,
  `month_sales` bigint(20) NOT NULL,
  `month_sales_date` datetime NOT NULL,
  `name` varchar(255) NOT NULL,
  `parameter_values` longtext,
  `price` decimal(21,6) NOT NULL,
  `product_images` longtext,
  `sales` bigint(20) NOT NULL,
  `score` float NOT NULL,
  `score_count` bigint(20) NOT NULL,
  `seo_description` varchar(255) DEFAULT NULL,
  `seo_keywords` varchar(255) DEFAULT NULL,
  `seo_title` varchar(255) DEFAULT NULL,
  `sn` varchar(255) NOT NULL,
  `specification_items` longtext,
  `total_score` bigint(20) NOT NULL,
  `type` int(11) NOT NULL,
  `deliver` int(11) NOT NULL,
  `unit` varchar(255) DEFAULT NULL,
  `week_hits` bigint(20) NOT NULL,
  `week_hits_date` datetime NOT NULL,
  `week_sales` bigint(20) NOT NULL,
  `week_sales_date` datetime NOT NULL,
  `weight` int(11) DEFAULT NULL,
  `brand` bigint(20) DEFAULT NULL,
  `product_category` bigint(20) NOT NULL,
  `admin` bigint(20) DEFAULT NULL,
  `shop` bigint(20) DEFAULT NULL,
  PRIMARY KEY (`id`),
  UNIQUE KEY `uni_goods_sn` (`sn`),
  KEY `ind_goods_brand` (`brand`),
  KEY `ind_goods_product_category` (`product_category`),
  KEY `fk_goods_admin` (`admin`),
  KEY `fk_goods_shop` (`shop`),
  CONSTRAINT `fk_goods_admin` FOREIGN KEY (`admin`) REFERENCES `xx_admin` (`id`),
  CONSTRAINT `fk_goods_brand` FOREIGN KEY (`brand`) REFERENCES `xx_brand` (`id`),
  CONSTRAINT `fk_goods_product_category` FOREIGN KEY (`product_category`) REFERENCES `xx_product_category` (`id`),
  CONSTRAINT `fk_goods_shop` FOREIGN KEY (`shop`) REFERENCES `xx_shop` (`id`)
) ENGINE=InnoDB AUTO_INCREMENT=26 DEFAULT CHARSET=utf8;

/*Data for the table `xx_goods` */

insert  into `xx_goods`(`id`,`create_date`,`modify_date`,`version`,`attribute_value0`,`attribute_value1`,`attribute_value10`,`attribute_value11`,`attribute_value12`,`attribute_value13`,`attribute_value14`,`attribute_value15`,`attribute_value16`,`attribute_value17`,`attribute_value18`,`attribute_value19`,`attribute_value2`,`attribute_value3`,`attribute_value4`,`attribute_value5`,`attribute_value6`,`attribute_value7`,`attribute_value8`,`attribute_value9`,`caption`,`generate_method`,`hits`,`image`,`introduction`,`is_delivery`,`is_list`,`is_marketable`,`is_top`,`keyword`,`market_price`,`pricing_money`,`expire_time`,`moq`,`memo`,`month_hits`,`month_hits_date`,`month_sales`,`month_sales_date`,`name`,`parameter_values`,`price`,`product_images`,`sales`,`score`,`score_count`,`seo_description`,`seo_keywords`,`seo_title`,`sn`,`specification_items`,`total_score`,`type`,`deliver`,`unit`,`week_hits`,`week_hits_date`,`week_sales`,`week_sales_date`,`weight`,`brand`,`product_category`,`admin`,`shop`) values (23,'2017-04-11 14:40:00','2017-04-11 16:43:54',7,NULL,NULL,NULL,NULL,NULL,NULL,NULL,NULL,NULL,NULL,NULL,NULL,NULL,NULL,NULL,NULL,NULL,NULL,NULL,NULL,NULL,0,1,'http://114.55.173.205/yngs/upload/image/201704/8c7d8554-2952-4cb2-ac97-209a630d5ad2-thumbnail.jpg',NULL,'\0','\0','','\0',NULL,'1200.000000',NULL,NULL,1,NULL,0,'2017-04-11 14:40:00',0,'2017-04-11 14:40:00','开店保证金','[]','1000.000000','[{\"title\":null,\"source\":\"http://114.55.173.205/yngs/upload/image/201704/8c7d8554-2952-4cb2-ac97-209a630d5ad2-source.png\",\"large\":\"http://114.55.173.205/yngs/upload/image/201704/8c7d8554-2952-4cb2-ac97-209a630d5ad2-large.jpg\",\"medium\":\"http://114.55.173.205/yngs/upload/image/201704/8c7d8554-2952-4cb2-ac97-209a630d5ad2-medium.jpg\",\"thumbnail\":\"http://114.55.173.205/yngs/upload/image/201704/8c7d8554-2952-4cb2-ac97-209a630d5ad2-thumbnail.jpg\",\"order\":null}]',0,0,0,NULL,NULL,NULL,'1829299303306','[]',0,0,2,NULL,0,'2017-04-11 14:40:00',0,'2017-04-11 14:40:00',NULL,NULL,241,NULL,NULL),(24,'2017-06-18 19:52:19','2017-06-19 20:00:12',5,NULL,NULL,NULL,NULL,NULL,NULL,NULL,NULL,NULL,NULL,NULL,NULL,NULL,NULL,NULL,NULL,NULL,NULL,NULL,NULL,NULL,0,0,NULL,NULL,'','','','\0',NULL,'123123.000000',NULL,NULL,1,NULL,0,'2017-06-18 19:52:19',0,'2017-06-18 19:52:19','苦果','[]','1000.000000','[]',0,0,0,NULL,NULL,NULL,'31311352','[]',0,0,2,NULL,0,'2017-06-18 19:52:19',0,'2017-06-18 19:52:19',NULL,NULL,125,8,NULL),(25,'2017-06-18 19:53:35','2017-06-19 20:00:12',7,NULL,NULL,NULL,NULL,NULL,NULL,NULL,NULL,NULL,NULL,NULL,NULL,NULL,NULL,NULL,NULL,NULL,NULL,NULL,NULL,NULL,0,0,NULL,NULL,'','','','\0',NULL,'254545.200000',NULL,NULL,1,NULL,0,'2017-06-18 19:53:35',0,'2017-06-18 19:53:35','伤心花','[]','212121.000000','[]',0,0,0,NULL,NULL,NULL,'11111111','[]',0,0,2,NULL,0,'2017-06-18 19:53:35',0,'2017-06-18 19:53:35',NULL,NULL,125,8,NULL);

/*Table structure for table `xx_goods_promotion` */

DROP TABLE IF EXISTS `xx_goods_promotion`;

CREATE TABLE `xx_goods_promotion` (
  `goods` bigint(20) NOT NULL,
  `promotions` bigint(20) NOT NULL,
  PRIMARY KEY (`goods`,`promotions`),
  KEY `ind_goods_promotion_promotions` (`promotions`),
  CONSTRAINT `fk_goods_promotion_goods` FOREIGN KEY (`goods`) REFERENCES `xx_goods` (`id`),
  CONSTRAINT `fk_goods_promotion_promotions` FOREIGN KEY (`promotions`) REFERENCES `xx_promotion` (`id`)
) ENGINE=InnoDB DEFAULT CHARSET=utf8;

/*Data for the table `xx_goods_promotion` */

/*Table structure for table `xx_goods_tag` */

DROP TABLE IF EXISTS `xx_goods_tag`;

CREATE TABLE `xx_goods_tag` (
  `goods` bigint(20) NOT NULL,
  `tags` bigint(20) NOT NULL,
  PRIMARY KEY (`goods`,`tags`),
  KEY `ind_goods_tag_tags` (`tags`),
  CONSTRAINT `fk_goods_tag_goods` FOREIGN KEY (`goods`) REFERENCES `xx_goods` (`id`),
  CONSTRAINT `fk_goods_tag_tags` FOREIGN KEY (`tags`) REFERENCES `xx_tag` (`id`)
) ENGINE=InnoDB DEFAULT CHARSET=utf8;

/*Data for the table `xx_goods_tag` */

/*Table structure for table `xx_log` */

DROP TABLE IF EXISTS `xx_log`;

CREATE TABLE `xx_log` (
  `id` bigint(20) NOT NULL AUTO_INCREMENT,
  `create_date` datetime NOT NULL,
  `modify_date` datetime NOT NULL,
  `version` bigint(20) NOT NULL,
  `content` longtext,
  `ip` varchar(255) NOT NULL,
  `operation` varchar(255) NOT NULL,
  `operator` varchar(255) DEFAULT NULL,
  `parameter` longtext,
  PRIMARY KEY (`id`)
) ENGINE=InnoDB AUTO_INCREMENT=6 DEFAULT CHARSET=utf8;

/*Data for the table `xx_log` */

insert  into `xx_log`(`id`,`create_date`,`modify_date`,`version`,`content`,`ip`,`operation`,`operator`,`parameter`) values (1,'2017-06-18 19:52:19','2017-06-18 19:52:19',0,NULL,'0:0:0:0:0:0:0:1','添加商品','admin','product.isDefault = true\nproduct.marketPrice = 123123\ndeliver = person\ncaption = \nmemo = \ntype = general\nseoTitle = \nseoKeywords = \nisList = true\nmoq = 1\nproduct.rewardPoint = \nproduct.cost = 100\n_isList = false\nproductCategoryId = 125\n_isTop = false\nproduct.stock = 1111\n_isMarketable = false\nadminId = 8\nsn = 31311352\nkeyword = \nproduct.price = 1000\nintroduction = \nimage = \nseoDescription = \nisMarketable = true\nweight = \ntoken = 174226d782dd72c9f762cb5ba6c2d649\nunit = \nisDelivery = true\n_isDelivery = false\nbrandId = \nname = 苦果\n'),(2,'2017-06-18 19:53:36','2017-06-18 19:53:36',0,NULL,'0:0:0:0:0:0:0:1','添加商品','admin','product.isDefault = true\nproduct.marketPrice = \ndeliver = person\ncaption = \nmemo = \ntype = general\nseoTitle = \nseoKeywords = \nisList = true\nmoq = 1\nproduct.rewardPoint = \nproduct.cost = \n_isList = false\nproductCategoryId = 125\n_isTop = false\nproduct.stock = 1222\n_isMarketable = false\nadminId = 8\nsn = 11111111\nkeyword = \nproduct.price = 212121\nintroduction = \nimage = \nseoDescription = \nisMarketable = true\nweight = \ntoken = 174226d782dd72c9f762cb5ba6c2d649\nunit = \nisDelivery = true\n_isDelivery = false\nbrandId = \nname = 伤心花\n'),(3,'2017-06-19 17:43:44','2017-06-19 17:43:44',0,NULL,'0:0:0:0:0:0:0:1','添加会员','admin','memberAttribute_1 = \nmemberAttribute_6 = \nmemberAttribute_5 = \nmemberRankId = 1\ntype = normal\ntoken = 79577efb89d3a4911c0cbd92970e9fe4\n1497865382648 = \nisEnabled = true\nadminId = 6\nnickname = aa\n_isEnabled = false\nemail = 123@qq.com\nusername = aa\n'),(4,'2017-06-19 17:44:01','2017-06-19 17:44:01',0,NULL,'0:0:0:0:0:0:0:1','添加会员','admin','memberAttribute_1 = \nmemberAttribute_6 = \nmemberAttribute_5 = \nmemberRankId = 1\ntype = normal\ntoken = 79577efb89d3a4911c0cbd92970e9fe4\nisEnabled = true\nadminId = 6\nnickname = aa\n_isEnabled = false\n1497865427189 = \nemail = 123615@qq.com\nusername = aa\n'),(5,'2017-06-19 17:44:17','2017-06-19 17:44:17',0,NULL,'0:0:0:0:0:0:0:1','添加会员','admin','memberAttribute_1 = \nmemberAttribute_6 = \nmemberAttribute_5 = \nmemberRankId = 1\ntype = normal\ntoken = 79577efb89d3a4911c0cbd92970e9fe4\n1497865443306 = \nisEnabled = true\nadminId = 6\nnickname = 51656\n_isEnabled = false\nemail = 123615@qq.com\nusername = aaaa\n');

/*Table structure for table `xx_member` */

DROP TABLE IF EXISTS `xx_member`;

CREATE TABLE `xx_member` (
  `id` bigint(20) NOT NULL AUTO_INCREMENT,
  `create_date` datetime NOT NULL,
  `modify_date` datetime NOT NULL,
  `version` bigint(20) NOT NULL,
  `address` varchar(255) DEFAULT NULL,
  `amount` decimal(27,12) NOT NULL,
  `attribute_value0` varchar(255) DEFAULT NULL,
  `attribute_value1` varchar(255) DEFAULT NULL,
  `attribute_value2` varchar(255) DEFAULT NULL,
  `attribute_value3` varchar(255) DEFAULT NULL,
  `attribute_value4` varchar(255) DEFAULT NULL,
  `attribute_value5` varchar(255) DEFAULT NULL,
  `attribute_value6` varchar(255) DEFAULT NULL,
  `attribute_value7` varchar(255) DEFAULT NULL,
  `attribute_value8` varchar(255) DEFAULT NULL,
  `attribute_value9` varchar(255) DEFAULT NULL,
  `balance` decimal(27,12) NOT NULL,
  `birth` datetime DEFAULT NULL,
  `email` varchar(255) DEFAULT NULL,
  `gender` int(11) DEFAULT NULL,
  `type` int(11) DEFAULT NULL,
  `is_enabled` bit(1) NOT NULL,
  `is_locked` bit(1) NOT NULL,
  `lock_key` varchar(255) NOT NULL,
  `locked_date` datetime DEFAULT NULL,
  `login_date` datetime DEFAULT NULL,
  `login_failure_count` int(11) NOT NULL,
  `login_ip` varchar(255) DEFAULT NULL,
  `login_plugin_id` varchar(255) DEFAULT NULL,
  `mobile` varchar(255) DEFAULT NULL,
  `name` varchar(255) DEFAULT NULL,
  `id_card` varchar(18) DEFAULT NULL,
  `nickname` varchar(255) DEFAULT NULL,
  `open_id` varchar(255) DEFAULT NULL,
  `password` varchar(255) NOT NULL,
  `phone` varchar(255) DEFAULT NULL,
  `point` bigint(20) NOT NULL,
  `register_ip` varchar(255) NOT NULL,
  `safe_key_expire` datetime DEFAULT NULL,
  `safe_key_value` varchar(255) DEFAULT NULL,
  `username` varchar(255) NOT NULL,
  `zip_code` varchar(255) DEFAULT NULL,
  `area` bigint(20) DEFAULT NULL,
  `admin` bigint(20) DEFAULT NULL,
  `member_rank` bigint(20) NOT NULL,
  PRIMARY KEY (`id`),
  UNIQUE KEY `uni_member_username` (`username`),
  KEY `ind_member_email` (`email`),
  KEY `ind_member_login_plugin_id_o_i` (`login_plugin_id`,`open_id`),
  KEY `ind_member_area` (`area`),
  KEY `ind_member_member_rank` (`member_rank`),
  KEY `FK_an21y6m92969om2k3rqq4xwvu` (`admin`),
  CONSTRAINT `FK_an21y6m92969om2k3rqq4xwvu` FOREIGN KEY (`admin`) REFERENCES `xx_admin` (`id`),
  CONSTRAINT `fk_member_area` FOREIGN KEY (`area`) REFERENCES `xx_area` (`id`),
  CONSTRAINT `fk_member_member_rank` FOREIGN KEY (`member_rank`) REFERENCES `xx_member_rank` (`id`)
) ENGINE=InnoDB AUTO_INCREMENT=5 DEFAULT CHARSET=utf8;

/*Data for the table `xx_member` */

insert  into `xx_member`(`id`,`create_date`,`modify_date`,`version`,`address`,`amount`,`attribute_value0`,`attribute_value1`,`attribute_value2`,`attribute_value3`,`attribute_value4`,`attribute_value5`,`attribute_value6`,`attribute_value7`,`attribute_value8`,`attribute_value9`,`balance`,`birth`,`email`,`gender`,`type`,`is_enabled`,`is_locked`,`lock_key`,`locked_date`,`login_date`,`login_failure_count`,`login_ip`,`login_plugin_id`,`mobile`,`name`,`id_card`,`nickname`,`open_id`,`password`,`phone`,`point`,`register_ip`,`safe_key_expire`,`safe_key_value`,`username`,`zip_code`,`area`,`admin`,`member_rank`) values (1,'2017-06-18 00:00:01','2017-06-19 17:22:16',5,NULL,'0.000000000000',NULL,NULL,NULL,NULL,NULL,NULL,NULL,NULL,NULL,NULL,'0.000000000000',NULL,'test@qq.com',1,NULL,'','\0','79b9b82b354d17d21c8d024c9134c473',NULL,'2017-06-19 17:22:16',0,'0:0:0:0:0:0:0:1',NULL,'13888888888',NULL,NULL,NULL,NULL,'098f6bcd4621d373cade4e832627b4f6','010-00000000',0,'0:0:0:0:0:0:0:1',NULL,NULL,'test',NULL,NULL,5,1),(4,'2017-06-06 17:44:55','2017-06-19 17:51:31',8,NULL,'0.000000000000',NULL,NULL,NULL,NULL,NULL,NULL,NULL,NULL,NULL,NULL,'0.000000000000',NULL,NULL,NULL,NULL,'','\0','79b9b82b354d17d21c8d024c9134c473',NULL,'2017-06-19 17:51:31',0,'0:0:0:0:0:0:0:1',NULL,'13888888888',NULL,NULL,NULL,NULL,'098f6bcd4621d373cade4e832627b4f6',NULL,0,'0:0:0:0:0:0:0:1',NULL,NULL,'aa',NULL,NULL,5,1);

/*Table structure for table `xx_member_attribute` */

DROP TABLE IF EXISTS `xx_member_attribute`;

CREATE TABLE `xx_member_attribute` (
  `id` bigint(20) NOT NULL AUTO_INCREMENT,
  `create_date` datetime NOT NULL,
  `modify_date` datetime NOT NULL,
  `version` bigint(20) NOT NULL,
  `orders` int(11) DEFAULT NULL,
  `is_enabled` bit(1) NOT NULL,
  `is_required` bit(1) NOT NULL,
  `name` varchar(255) NOT NULL,
  `options` longtext,
  `pattern` varchar(255) DEFAULT NULL,
  `property_index` int(11) DEFAULT NULL,
  `type` int(11) NOT NULL,
  PRIMARY KEY (`id`)
) ENGINE=InnoDB AUTO_INCREMENT=9 DEFAULT CHARSET=utf8;

/*Data for the table `xx_member_attribute` */

insert  into `xx_member_attribute`(`id`,`create_date`,`modify_date`,`version`,`orders`,`is_enabled`,`is_required`,`name`,`options`,`pattern`,`property_index`,`type`) values (1,'2017-06-18 00:59:24','2017-06-18 00:59:24',0,1,'','\0','姓名',NULL,NULL,NULL,0),(2,'2017-06-18 00:59:25','2017-06-18 00:59:25',0,2,'','\0','性别',NULL,NULL,NULL,1),(3,'2017-06-18 00:59:26','2017-06-18 00:59:26',0,3,'','','身份证号',NULL,'^[1-9]\\d{7}((0\\d)|(1[0-2]))(([0|1|2]\\d)|3[0-1])\\d{3}$|^[1-9]\\d{5}[1-9]\\d{3}((0\\d)|(1[0-2]))(([0|1|2]\\d)|3[0-1])\\d{3}([0-9]|X)$',NULL,2),(4,'2017-06-18 00:59:27','2017-06-18 00:59:27',0,4,'\0','\0','出生日期',NULL,NULL,NULL,3),(5,'2017-06-18 00:59:28','2017-06-18 00:59:28',0,5,'','\0','地区',NULL,NULL,NULL,4),(6,'2017-06-18 00:59:29','2017-06-18 00:59:29',0,6,'','\0','地址',NULL,NULL,NULL,5),(7,'2017-06-18 00:59:30','2017-06-18 00:59:30',0,7,'\0','\0','邮编',NULL,'^\\d{6}$',NULL,6),(8,'2017-06-18 00:59:31','2017-06-18 00:59:31',0,8,'\0','\0','电话',NULL,'^\\d{3,4}-?\\d{7,9}$',NULL,7);

/*Table structure for table `xx_member_favorite_goods` */

DROP TABLE IF EXISTS `xx_member_favorite_goods`;

CREATE TABLE `xx_member_favorite_goods` (
  `favorite_members` bigint(20) NOT NULL,
  `favorite_goods` bigint(20) NOT NULL,
  PRIMARY KEY (`favorite_members`,`favorite_goods`),
  KEY `ind_member_favorite_goods_f_g` (`favorite_goods`),
  CONSTRAINT `fk_member_favorite_goods_f_g` FOREIGN KEY (`favorite_goods`) REFERENCES `xx_goods` (`id`),
  CONSTRAINT `fk_member_favorite_goods_f_m` FOREIGN KEY (`favorite_members`) REFERENCES `xx_member` (`id`)
) ENGINE=InnoDB DEFAULT CHARSET=utf8;

/*Data for the table `xx_member_favorite_goods` */

/*Table structure for table `xx_member_rank` */

DROP TABLE IF EXISTS `xx_member_rank`;

CREATE TABLE `xx_member_rank` (
  `id` bigint(20) NOT NULL AUTO_INCREMENT,
  `create_date` datetime NOT NULL,
  `modify_date` datetime NOT NULL,
  `version` bigint(20) NOT NULL,
  `amount` decimal(21,6) DEFAULT NULL,
  `is_default` bit(1) NOT NULL,
  `is_special` bit(1) NOT NULL,
  `name` varchar(255) NOT NULL,
  `scale` double NOT NULL,
  PRIMARY KEY (`id`),
  UNIQUE KEY `uni_member_rank_name` (`name`),
  KEY `ind_member_rank_amount` (`amount`)
) ENGINE=InnoDB AUTO_INCREMENT=5 DEFAULT CHARSET=utf8;

/*Data for the table `xx_member_rank` */

insert  into `xx_member_rank`(`id`,`create_date`,`modify_date`,`version`,`amount`,`is_default`,`is_special`,`name`,`scale`) values (1,'2017-06-18 00:59:20','2017-06-18 00:59:20',0,'0.000000','','\0','普通会员',1),(2,'2017-06-18 00:59:21','2017-06-18 00:59:21',0,'1000.000000','\0','\0','铜牌会员',1),(3,'2017-06-18 00:59:22','2017-06-18 00:59:22',0,'10000.000000','\0','\0','银牌会员',1),(4,'2017-06-18 00:59:23','2017-06-18 00:59:23',0,'100000.000000','\0','\0','金牌会员',1);

/*Table structure for table `xx_message` */

DROP TABLE IF EXISTS `xx_message`;

CREATE TABLE `xx_message` (
  `id` bigint(20) NOT NULL AUTO_INCREMENT,
  `create_date` datetime NOT NULL,
  `modify_date` datetime NOT NULL,
  `version` bigint(20) NOT NULL,
  `content` longtext NOT NULL,
  `ip` varchar(255) NOT NULL,
  `is_draft` bit(1) NOT NULL,
  `receiver_delete` bit(1) NOT NULL,
  `receiver_read` bit(1) NOT NULL,
  `sender_delete` bit(1) NOT NULL,
  `sender_read` bit(1) NOT NULL,
  `title` varchar(255) NOT NULL,
  `for_message` bigint(20) DEFAULT NULL,
  `receiver` bigint(20) DEFAULT NULL,
  `sender` bigint(20) DEFAULT NULL,
  PRIMARY KEY (`id`),
  KEY `ind_message_for_message` (`for_message`),
  KEY `ind_message_receiver` (`receiver`),
  KEY `ind_message_sender` (`sender`),
  CONSTRAINT `fk_message_for_message` FOREIGN KEY (`for_message`) REFERENCES `xx_message` (`id`),
  CONSTRAINT `fk_message_receiver` FOREIGN KEY (`receiver`) REFERENCES `xx_member` (`id`),
  CONSTRAINT `fk_message_sender` FOREIGN KEY (`sender`) REFERENCES `xx_member` (`id`)
) ENGINE=InnoDB AUTO_INCREMENT=3 DEFAULT CHARSET=utf8;

/*Data for the table `xx_message` */

insert  into `xx_message`(`id`,`create_date`,`modify_date`,`version`,`content`,`ip`,`is_draft`,`receiver_delete`,`receiver_read`,`sender_delete`,`sender_read`,`title`,`for_message`,`receiver`,`sender`) values (1,'2017-06-19 17:39:57','2017-06-19 17:39:57',0,'你好sb','0:0:0:0:0:0:0:1','\0','\0','\0','\0','','你好',NULL,NULL,1),(2,'2017-06-19 17:46:31','2017-06-19 18:03:02',1,'fafdf','0:0:0:0:0:0:0:1','\0','\0','','\0','','f',NULL,4,1);

/*Table structure for table `xx_message_config` */

DROP TABLE IF EXISTS `xx_message_config`;

CREATE TABLE `xx_message_config` (
  `id` bigint(20) NOT NULL AUTO_INCREMENT,
  `create_date` datetime NOT NULL,
  `modify_date` datetime NOT NULL,
  `version` bigint(20) NOT NULL,
  `is_mail_enabled` bit(1) NOT NULL,
  `is_sms_enabled` bit(1) NOT NULL,
  `type` int(11) NOT NULL,
  PRIMARY KEY (`id`),
  UNIQUE KEY `uni_message_config_type` (`type`)
) ENGINE=InnoDB AUTO_INCREMENT=14 DEFAULT CHARSET=utf8;

/*Data for the table `xx_message_config` */

insert  into `xx_message_config`(`id`,`create_date`,`modify_date`,`version`,`is_mail_enabled`,`is_sms_enabled`,`type`) values (1,'2017-06-18 00:57:57','2017-06-18 00:57:57',0,'\0','\0',0),(2,'2017-06-18 00:57:58','2017-06-18 00:57:58',0,'\0','\0',1),(3,'2017-06-18 00:57:59','2017-06-18 00:57:59',0,'\0','\0',2),(4,'2017-06-18 00:58:00','2017-06-18 00:58:00',0,'\0','\0',3),(5,'2017-06-18 00:58:01','2017-06-18 00:58:01',0,'\0','\0',4),(6,'2017-06-18 00:58:02','2017-06-18 00:58:02',0,'\0','\0',5),(7,'2017-06-18 00:58:03','2017-06-18 00:58:03',0,'\0','\0',6),(8,'2017-06-18 00:58:04','2017-06-18 00:58:04',0,'\0','\0',7),(9,'2017-06-18 00:58:05','2017-06-18 00:58:05',0,'\0','\0',8),(10,'2017-06-18 00:58:06','2017-06-18 00:58:06',0,'\0','\0',9),(11,'2017-06-18 00:58:07','2017-06-18 00:58:07',0,'\0','\0',10),(12,'2017-06-18 00:58:08','2017-06-18 00:58:08',0,'\0','\0',11),(13,'2017-06-18 00:58:09','2017-06-18 00:58:09',0,'\0','\0',12);

/*Table structure for table `xx_mobile_captcha` */

DROP TABLE IF EXISTS `xx_mobile_captcha`;

CREATE TABLE `xx_mobile_captcha` (
  `id` bigint(20) NOT NULL AUTO_INCREMENT,
  `create_date` datetime NOT NULL,
  `modify_date` datetime NOT NULL,
  `version` bigint(20) NOT NULL,
  `captcha` varchar(255) DEFAULT NULL,
  `mobile` varchar(255) DEFAULT NULL,
  `send_time` bigint(20) NOT NULL,
  PRIMARY KEY (`id`)
) ENGINE=InnoDB DEFAULT CHARSET=utf8;

/*Data for the table `xx_mobile_captcha` */

/*Table structure for table `xx_navigation` */

DROP TABLE IF EXISTS `xx_navigation`;

CREATE TABLE `xx_navigation` (
  `id` bigint(20) NOT NULL AUTO_INCREMENT,
  `create_date` datetime NOT NULL,
  `modify_date` datetime NOT NULL,
  `version` bigint(20) NOT NULL,
  `orders` int(11) DEFAULT NULL,
  `is_blank_target` bit(1) NOT NULL,
  `name` varchar(255) NOT NULL,
  `position` int(11) NOT NULL,
  `url` varchar(255) NOT NULL,
  PRIMARY KEY (`id`)
) ENGINE=InnoDB AUTO_INCREMENT=17 DEFAULT CHARSET=utf8;

/*Data for the table `xx_navigation` */

insert  into `xx_navigation`(`id`,`create_date`,`modify_date`,`version`,`orders`,`is_blank_target`,`name`,`position`,`url`) values (1,'2017-06-18 00:58:43','2017-06-18 00:58:43',0,1,'\0','我的云农',0,'/yngs/member/index.jhtml'),(2,'2017-06-18 00:58:44','2017-06-18 00:58:44',0,2,'\0','帮助中心',0,'/yngs/article/list/3.jhtml'),(3,'2017-06-18 00:58:45','2017-06-18 00:58:45',0,3,'\0','首页',1,'/yngs/'),(4,'2017-06-18 00:58:46','2017-06-18 00:58:46',0,4,'\0','农资商品',1,'/yngs/agricultural.html'),(5,'2017-06-18 00:58:47','2017-06-18 00:58:47',0,5,'\0','泰山金融',1,'/yngs/goods/list/2.jhtml'),(6,'2017-06-18 00:58:48','2017-06-18 00:58:48',0,6,'\0','农产品',1,'/yngs/goods/list/3.jhtml'),(7,'2017-06-18 00:58:49','2017-06-18 00:58:49',0,7,'\0','保险',1,'/yngs/goods/list/4.jhtml'),(9,'2017-06-18 00:58:50','2017-06-18 00:58:50',0,9,'\0','积分商城',1,'/yngs/goods/list/241.jhtml'),(10,'2017-06-18 00:58:51','2017-06-18 00:58:51',0,10,'\0','关于我们',2,'#'),(11,'2017-06-18 00:58:52','2017-06-18 00:58:52',0,11,'\0','联系我们',2,'#'),(12,'2017-06-18 00:58:53','2017-06-18 00:58:53',0,12,'\0','诚聘英才',2,'#'),(13,'2017-06-18 00:58:54','2017-06-18 00:58:54',0,13,'\0','隐私政策',2,'#'),(14,'2017-06-18 00:58:55','2017-06-18 00:58:55',0,14,'\0','法律声明',2,'#'),(15,'2017-06-18 00:58:56','2017-06-18 00:58:56',0,15,'\0','客户服务',2,'#'),(16,'2017-06-18 00:58:57','2017-06-18 00:58:57',0,16,'\0','友情链接',2,'/yngs/friend_link.jhtml');

/*Table structure for table `xx_order` */

DROP TABLE IF EXISTS `xx_order`;

CREATE TABLE `xx_order` (
  `id` bigint(20) NOT NULL AUTO_INCREMENT,
  `create_date` datetime NOT NULL,
  `modify_date` datetime NOT NULL,
  `version` bigint(20) NOT NULL,
  `address` varchar(255) DEFAULT NULL,
  `amount` decimal(21,6) NOT NULL,
  `amount_paid` decimal(21,6) NOT NULL,
  `area_name` varchar(255) DEFAULT NULL,
  `complete_date` datetime DEFAULT NULL,
  `consignee` varchar(255) DEFAULT NULL,
  `coupon_discount` decimal(21,6) NOT NULL,
  `exchange_point` bigint(20) NOT NULL,
  `expire` datetime DEFAULT NULL,
  `fee` decimal(21,6) NOT NULL,
  `freight` decimal(21,6) NOT NULL,
  `invoice_content` varchar(255) DEFAULT NULL,
  `invoice_title` varchar(255) DEFAULT NULL,
  `is_allocated_stock` bit(1) NOT NULL,
  `is_exchange_point` bit(1) NOT NULL,
  `is_use_coupon_code` bit(1) NOT NULL,
  `lock_expire` datetime DEFAULT NULL,
  `lock_key` varchar(255) DEFAULT NULL,
  `memo` varchar(255) DEFAULT NULL,
  `offset_amount` decimal(21,6) NOT NULL,
  `payment_method_name` varchar(255) DEFAULT NULL,
  `payment_method_type` int(11) DEFAULT NULL,
  `phone` varchar(255) DEFAULT NULL,
  `price` decimal(21,6) NOT NULL,
  `promotion_discount` decimal(21,6) NOT NULL,
  `promotion_names` longtext,
  `quantity` int(11) NOT NULL,
  `refund_amount` decimal(21,6) NOT NULL,
  `returned_quantity` int(11) NOT NULL,
  `reward_point` bigint(20) NOT NULL,
  `shipped_quantity` int(11) NOT NULL,
  `shipping_method_name` varchar(255) DEFAULT NULL,
  `sn` varchar(255) NOT NULL,
  `status` int(11) NOT NULL,
  `tax` decimal(21,6) NOT NULL,
  `type` int(11) NOT NULL,
  `deliver` int(11) NOT NULL,
  `weight` int(11) NOT NULL,
  `zip_code` varchar(255) DEFAULT NULL,
  `area` bigint(20) DEFAULT NULL,
  `coupon_code` bigint(20) DEFAULT NULL,
  `member` bigint(20) NOT NULL,
  `payment_method` bigint(20) DEFAULT NULL,
  `shipping_method` bigint(20) DEFAULT NULL,
  PRIMARY KEY (`id`),
  UNIQUE KEY `uni_order_sn` (`sn`),
  KEY `ind_order_area` (`area`),
  KEY `ind_order_coupon_code` (`coupon_code`),
  KEY `ind_order_member` (`member`),
  KEY `ind_order_payment_method` (`payment_method`),
  KEY `ind_order_shipping_method` (`shipping_method`),
  CONSTRAINT `fk_order_area` FOREIGN KEY (`area`) REFERENCES `xx_area` (`id`),
  CONSTRAINT `fk_order_coupon_code` FOREIGN KEY (`coupon_code`) REFERENCES `xx_coupon_code` (`id`),
  CONSTRAINT `fk_order_member` FOREIGN KEY (`member`) REFERENCES `xx_member` (`id`),
  CONSTRAINT `fk_order_payment_method` FOREIGN KEY (`payment_method`) REFERENCES `xx_payment_method` (`id`),
  CONSTRAINT `fk_order_shipping_method` FOREIGN KEY (`shipping_method`) REFERENCES `xx_shipping_method` (`id`)
) ENGINE=InnoDB AUTO_INCREMENT=7 DEFAULT CHARSET=utf8;

/*Data for the table `xx_order` */

insert  into `xx_order`(`id`,`create_date`,`modify_date`,`version`,`address`,`amount`,`amount_paid`,`area_name`,`complete_date`,`consignee`,`coupon_discount`,`exchange_point`,`expire`,`fee`,`freight`,`invoice_content`,`invoice_title`,`is_allocated_stock`,`is_exchange_point`,`is_use_coupon_code`,`lock_expire`,`lock_key`,`memo`,`offset_amount`,`payment_method_name`,`payment_method_type`,`phone`,`price`,`promotion_discount`,`promotion_names`,`quantity`,`refund_amount`,`returned_quantity`,`reward_point`,`shipped_quantity`,`shipping_method_name`,`sn`,`status`,`tax`,`type`,`deliver`,`weight`,`zip_code`,`area`,`coupon_code`,`member`,`payment_method`,`shipping_method`) values (1,'2017-06-18 19:55:01','2017-06-19 20:00:00',3,'da','212121.000000','0.000000','天津市河东区',NULL,'ycc','0.000000',0,'2017-06-19 19:55:01','0.000000','0.000000',NULL,NULL,'\0','\0','\0','2017-06-18 19:56:02','79b9b82b354d17d21c8d024c9134c473',NULL,'0.000000','网上支付',0,'15555555555','212121.000000','0.000000','[]',1,'0.000000',0,212121,0,'普通快递','2017061820200',13,'0.000000',0,2,0,'000000',20,NULL,1,1,1),(2,'2017-06-18 19:55:09','2017-06-19 20:00:00',3,'da','212121.000000','0.000000','天津市河东区',NULL,'ycc','0.000000',0,'2017-06-19 19:55:09','0.000000','0.000000',NULL,NULL,'\0','\0','\0','2017-06-18 19:56:09','79b9b82b354d17d21c8d024c9134c473',NULL,'0.000000','网上支付',0,'15555555555','212121.000000','0.000000','[]',1,'0.000000',0,212121,0,'普通快递','2017061820201',1,'0.000000',0,2,0,'000000',20,NULL,1,1,1),(3,'2017-06-18 19:55:13','2017-06-19 20:00:00',4,'da','212121.000000','0.000000','天津市河东区',NULL,'ycc','0.000000',0,'2017-06-19 19:55:13','0.000000','0.000000',NULL,NULL,'\0','\0','\0','2017-06-18 19:56:15','79b9b82b354d17d21c8d024c9134c473',NULL,'0.000000','网上支付',0,'15555555555','212121.000000','0.000000','[]',1,'0.000000',0,212121,0,'普通快递','2017061820202',3,'0.000000',0,2,0,'000000',20,NULL,1,1,1),(4,'2017-06-18 19:55:33','2017-06-19 20:00:00',3,'da','212121.000000','0.000000','天津市河东区',NULL,'ycc','0.000000',0,'2017-06-19 19:55:33','0.000000','0.000000',NULL,NULL,'\0','\0','\0','2017-06-18 19:56:33','79b9b82b354d17d21c8d024c9134c473',NULL,'0.000000','网上支付',0,'15555555555','212121.000000','0.000000','[]',1,'0.000000',0,212121,0,'普通快递','2017061820203',0,'0.000000',0,2,0,'000000',20,NULL,1,1,1),(5,'2017-06-18 19:55:53','2017-06-19 20:00:00',3,'da','212121.000000','0.000000','天津市河东区',NULL,'ycc','0.000000',0,'2017-06-19 19:55:53','0.000000','0.000000',NULL,NULL,'\0','\0','\0','2017-06-18 19:56:53','79b9b82b354d17d21c8d024c9134c473',NULL,'0.000000','网上支付',0,'15555555555','212121.000000','0.000000','[]',1,'0.000000',0,212121,0,'普通快递','2017061820204',7,'0.000000',0,2,0,'000000',20,NULL,1,1,1),(6,'2017-06-18 19:56:51','2017-06-19 20:00:00',3,'da','213121.000000','0.000000','天津市河东区',NULL,'ycc','0.000000',0,'2017-06-19 19:56:51','0.000000','0.000000',NULL,NULL,'\0','\0','\0','2017-06-18 19:57:52','79b9b82b354d17d21c8d024c9134c473',NULL,'0.000000','网上支付',0,'15555555555','213121.000000','0.000000','[]',2,'0.000000',0,213121,0,'普通快递','2017061820205',6,'0.000000',0,2,0,'000000',20,NULL,1,1,1);

/*Table structure for table `xx_order_coupon` */

DROP TABLE IF EXISTS `xx_order_coupon`;

CREATE TABLE `xx_order_coupon` (
  `orders` bigint(20) NOT NULL,
  `coupons` bigint(20) NOT NULL,
  KEY `ind_order_coupon_coupons` (`coupons`),
  KEY `ind_order_coupon_orders` (`orders`),
  CONSTRAINT `fk_order_coupon_coupons` FOREIGN KEY (`coupons`) REFERENCES `xx_coupon` (`id`),
  CONSTRAINT `fk_order_coupon_orders` FOREIGN KEY (`orders`) REFERENCES `xx_order` (`id`)
) ENGINE=InnoDB DEFAULT CHARSET=utf8;

/*Data for the table `xx_order_coupon` */

/*Table structure for table `xx_order_item` */

DROP TABLE IF EXISTS `xx_order_item`;

CREATE TABLE `xx_order_item` (
  `id` bigint(20) NOT NULL AUTO_INCREMENT,
  `create_date` datetime NOT NULL,
  `modify_date` datetime NOT NULL,
  `version` bigint(20) NOT NULL,
  `is_delivery` bit(1) NOT NULL,
  `name` varchar(255) NOT NULL,
  `price` decimal(21,6) NOT NULL,
  `quantity` int(11) NOT NULL,
  `returned_quantity` int(11) NOT NULL,
  `shipped_quantity` int(11) NOT NULL,
  `status` int(11) NOT NULL,
  `sn` varchar(255) NOT NULL,
  `specifications` longtext,
  `thumbnail` varchar(255) DEFAULT NULL,
  `type` int(11) NOT NULL,
  `weight` int(11) DEFAULT NULL,
  `orders` bigint(20) NOT NULL,
  `product` bigint(20) DEFAULT NULL,
  `admin` bigint(20) DEFAULT NULL,
  PRIMARY KEY (`id`),
  KEY `ind_order_item_orders` (`orders`),
  KEY `ind_order_item_product` (`product`),
  KEY `FK_jtrhq5ysw6shtcymjg7pgswps` (`admin`),
  CONSTRAINT `FK_jtrhq5ysw6shtcymjg7pgswps` FOREIGN KEY (`admin`) REFERENCES `xx_admin` (`id`),
  CONSTRAINT `fk_order_item_orders` FOREIGN KEY (`orders`) REFERENCES `xx_order` (`id`),
  CONSTRAINT `fk_order_item_product` FOREIGN KEY (`product`) REFERENCES `xx_product` (`id`)
) ENGINE=InnoDB AUTO_INCREMENT=8 DEFAULT CHARSET=utf8;

/*Data for the table `xx_order_item` */

insert  into `xx_order_item`(`id`,`create_date`,`modify_date`,`version`,`is_delivery`,`name`,`price`,`quantity`,`returned_quantity`,`shipped_quantity`,`status`,`sn`,`specifications`,`thumbnail`,`type`,`weight`,`orders`,`product`,`admin`) values (1,'2017-06-18 19:55:01','2017-06-18 19:55:01',0,'','伤心花','212121.000000',1,0,0,0,'11111111','[]',NULL,0,NULL,1,28,8),(2,'2017-06-18 19:55:09','2017-06-18 19:55:09',0,'','伤心花','212121.000000',1,0,0,0,'11111111','[]',NULL,0,NULL,2,28,8),(3,'2017-06-18 19:55:13','2017-06-18 19:55:13',0,'','伤心花','212121.000000',1,0,0,0,'11111111','[]',NULL,0,NULL,3,28,8),(4,'2017-06-18 19:55:33','2017-06-18 19:55:33',0,'','伤心花','212121.000000',1,0,0,0,'11111111','[]',NULL,0,NULL,4,28,8),(5,'2017-06-18 19:55:53','2017-06-18 19:55:53',0,'','伤心花','212121.000000',1,0,0,0,'11111111','[]',NULL,0,NULL,5,28,8),(6,'2017-06-18 19:56:51','2017-06-18 19:56:51',0,'','伤心花','212121.000000',1,0,0,0,'11111111','[]',NULL,0,NULL,6,28,8),(7,'2017-06-18 19:56:51','2017-06-18 19:56:51',0,'','苦果','1000.000000',1,0,0,0,'31311352','[]',NULL,0,NULL,6,27,8);

/*Table structure for table `xx_order_log` */

DROP TABLE IF EXISTS `xx_order_log`;

CREATE TABLE `xx_order_log` (
  `id` bigint(20) NOT NULL AUTO_INCREMENT,
  `create_date` datetime NOT NULL,
  `modify_date` datetime NOT NULL,
  `version` bigint(20) NOT NULL,
  `content` varchar(255) DEFAULT NULL,
  `operator` varchar(255) DEFAULT NULL,
  `type` int(11) NOT NULL,
  `orders` bigint(20) NOT NULL,
  PRIMARY KEY (`id`),
  KEY `ind_order_log_orders` (`orders`),
  CONSTRAINT `fk_order_log_orders` FOREIGN KEY (`orders`) REFERENCES `xx_order` (`id`)
) ENGINE=InnoDB AUTO_INCREMENT=7 DEFAULT CHARSET=utf8;

/*Data for the table `xx_order_log` */

insert  into `xx_order_log`(`id`,`create_date`,`modify_date`,`version`,`content`,`operator`,`type`,`orders`) values (1,'2017-06-18 19:55:01','2017-06-18 19:55:01',0,NULL,NULL,0,1),(2,'2017-06-18 19:55:09','2017-06-18 19:55:09',0,NULL,NULL,0,2),(3,'2017-06-18 19:55:13','2017-06-18 19:55:13',0,NULL,NULL,0,3),(4,'2017-06-18 19:55:33','2017-06-18 19:55:33',0,NULL,NULL,0,4),(5,'2017-06-18 19:55:53','2017-06-18 19:55:53',0,NULL,NULL,0,5),(6,'2017-06-18 19:56:51','2017-06-18 19:56:51',0,NULL,NULL,0,6);

/*Table structure for table `xx_parameter` */

DROP TABLE IF EXISTS `xx_parameter`;

CREATE TABLE `xx_parameter` (
  `id` bigint(20) NOT NULL AUTO_INCREMENT,
  `create_date` datetime NOT NULL,
  `modify_date` datetime NOT NULL,
  `version` bigint(20) NOT NULL,
  `orders` int(11) DEFAULT NULL,
  `parameter_group` varchar(255) NOT NULL,
  `names` longtext NOT NULL,
  `product_category` bigint(20) NOT NULL,
  PRIMARY KEY (`id`),
  KEY `ind_parameter_product_category` (`product_category`),
  CONSTRAINT `fk_parameter_product_category` FOREIGN KEY (`product_category`) REFERENCES `xx_product_category` (`id`)
) ENGINE=InnoDB DEFAULT CHARSET=utf8;

/*Data for the table `xx_parameter` */

/*Table structure for table `xx_payment` */

DROP TABLE IF EXISTS `xx_payment`;

CREATE TABLE `xx_payment` (
  `id` bigint(20) NOT NULL AUTO_INCREMENT,
  `create_date` datetime NOT NULL,
  `modify_date` datetime NOT NULL,
  `version` bigint(20) NOT NULL,
  `account` varchar(255) DEFAULT NULL,
  `amount` decimal(21,6) NOT NULL,
  `bank` varchar(255) DEFAULT NULL,
  `fee` decimal(21,6) NOT NULL,
  `memo` varchar(255) DEFAULT NULL,
  `method` int(11) NOT NULL,
  `operator` varchar(255) DEFAULT NULL,
  `payer` varchar(255) DEFAULT NULL,
  `payment_method` varchar(255) DEFAULT NULL,
  `sn` varchar(255) NOT NULL,
  `orders` bigint(20) NOT NULL,
  PRIMARY KEY (`id`),
  UNIQUE KEY `uni_payment_sn` (`sn`),
  KEY `ind_payment_orders` (`orders`),
  CONSTRAINT `fk_payment_orders` FOREIGN KEY (`orders`) REFERENCES `xx_order` (`id`)
) ENGINE=InnoDB DEFAULT CHARSET=utf8;

/*Data for the table `xx_payment` */

/*Table structure for table `xx_payment_log` */

DROP TABLE IF EXISTS `xx_payment_log`;

CREATE TABLE `xx_payment_log` (
  `id` bigint(20) NOT NULL AUTO_INCREMENT,
  `create_date` datetime NOT NULL,
  `modify_date` datetime NOT NULL,
  `version` bigint(20) NOT NULL,
  `amount` decimal(21,6) NOT NULL,
  `fee` decimal(21,6) NOT NULL,
  `payment_plugin_id` varchar(255) DEFAULT NULL,
  `payment_plugin_name` varchar(255) DEFAULT NULL,
  `sn` varchar(255) NOT NULL,
  `trade_no` varchar(255) DEFAULT NULL,
  `url_code` varchar(255) DEFAULT NULL,
  `status` int(11) NOT NULL,
  `device` int(11) NOT NULL,
  `type` int(11) NOT NULL,
  `member` bigint(20) DEFAULT NULL,
  `orders` bigint(20) DEFAULT NULL,
  PRIMARY KEY (`id`),
  UNIQUE KEY `uni_payment_log_sn` (`sn`),
  KEY `ind_payment_log_member` (`member`),
  KEY `ind_payment_log_orders` (`orders`),
  CONSTRAINT `fk_payment_log_member` FOREIGN KEY (`member`) REFERENCES `xx_member` (`id`),
  CONSTRAINT `fk_payment_log_orders` FOREIGN KEY (`orders`) REFERENCES `xx_order` (`id`)
) ENGINE=InnoDB AUTO_INCREMENT=2 DEFAULT CHARSET=utf8;

/*Data for the table `xx_payment_log` */

insert  into `xx_payment_log`(`id`,`create_date`,`modify_date`,`version`,`amount`,`fee`,`payment_plugin_id`,`payment_plugin_name`,`sn`,`trade_no`,`url_code`,`status`,`device`,`type`,`member`,`orders`) values (1,'2017-06-18 19:55:15','2017-06-18 19:55:15',0,'212121.000000','0.000000','alipayDirectPaymentPlugin','支付宝(即时交易)','2017061820202',NULL,NULL,0,0,1,NULL,3);

/*Table structure for table `xx_payment_method` */

DROP TABLE IF EXISTS `xx_payment_method`;

CREATE TABLE `xx_payment_method` (
  `id` bigint(20) NOT NULL AUTO_INCREMENT,
  `create_date` datetime NOT NULL,
  `modify_date` datetime NOT NULL,
  `version` bigint(20) NOT NULL,
  `orders` int(11) DEFAULT NULL,
  `content` longtext,
  `description` varchar(255) DEFAULT NULL,
  `icon` varchar(255) DEFAULT NULL,
  `method` int(11) NOT NULL,
  `name` varchar(255) NOT NULL,
  `timeout` int(11) DEFAULT NULL,
  `type` int(11) NOT NULL,
  PRIMARY KEY (`id`)
) ENGINE=InnoDB AUTO_INCREMENT=3 DEFAULT CHARSET=utf8;

/*Data for the table `xx_payment_method` */

insert  into `xx_payment_method`(`id`,`create_date`,`modify_date`,`version`,`orders`,`content`,`description`,`icon`,`method`,`name`,`timeout`,`type`) values (1,'2017-06-18 00:59:10','2017-06-18 00:59:10',0,1,NULL,'支持支付宝、财付通、快钱以及大多数网上银行支付','http://localhost:8080/yngs/upload/image/201611/b0b6da31-6abf-4824-8dfa-c1f251732e20.gif',0,'网上支付',1440,0),(2,'2017-06-18 00:59:11','2017-06-18 00:59:11',0,2,'<p><img src=\"http://localhost:8080/yngs/upload/image/201611/c4e81c9e-7ce0-4cb8-b7b4-1473d2233110.jpg\"/></p>','支持工商银行、建设银行、农业银行汇款支付，收款时间一般为汇款后的1-2个工作日','http://localhost:8080/yngs/upload/image/201611/c0a00d6b-b144-43c3-ad49-ac226be9288f.gif',1,'银行汇款',10080,0);

/*Table structure for table `xx_plugin_config` */

DROP TABLE IF EXISTS `xx_plugin_config`;

CREATE TABLE `xx_plugin_config` (
  `id` bigint(20) NOT NULL AUTO_INCREMENT,
  `create_date` datetime NOT NULL,
  `modify_date` datetime NOT NULL,
  `version` bigint(20) NOT NULL,
  `orders` int(11) DEFAULT NULL,
  `attributes` longtext,
  `is_enabled` bit(1) NOT NULL,
  `plugin_id` varchar(255) NOT NULL,
  PRIMARY KEY (`id`),
  UNIQUE KEY `uni_plugin_config_plugin_id` (`plugin_id`)
) ENGINE=InnoDB AUTO_INCREMENT=3 DEFAULT CHARSET=utf8;

/*Data for the table `xx_plugin_config` */

insert  into `xx_plugin_config`(`id`,`create_date`,`modify_date`,`version`,`orders`,`attributes`,`is_enabled`,`plugin_id`) values (1,'2017-06-18 00:57:55','2017-06-18 00:57:55',0,100,NULL,'','localStoragePlugin'),(2,'2017-06-18 00:57:56','2017-06-18 00:57:56',0,1,'{\"partner\":\"2088421558325740\",\"fee\":\"0\",\"logo\":\"http://localhost:8080/yngs/upload/image/201611/004b1b5b-256f-483b-945a-55a5d4a748c8.gif\",\"description\":null,\"feeType\":\"fixed\",\"paymentName\":\"支付宝支付\",\"key\":\"ipjv6vt2okbw6bxxhs0gdia34nbzvodw\"}','','alipayDirectPaymentPlugin');

/*Table structure for table `xx_point_log` */

DROP TABLE IF EXISTS `xx_point_log`;

CREATE TABLE `xx_point_log` (
  `id` bigint(20) NOT NULL AUTO_INCREMENT,
  `create_date` datetime NOT NULL,
  `modify_date` datetime NOT NULL,
  `version` bigint(20) NOT NULL,
  `balance` bigint(20) NOT NULL,
  `credit` bigint(20) NOT NULL,
  `debit` bigint(20) NOT NULL,
  `memo` varchar(255) DEFAULT NULL,
  `operator` varchar(255) DEFAULT NULL,
  `type` int(11) NOT NULL,
  `member` bigint(20) NOT NULL,
  PRIMARY KEY (`id`),
  KEY `ind_point_log_member` (`member`),
  CONSTRAINT `fk_point_log_member` FOREIGN KEY (`member`) REFERENCES `xx_member` (`id`)
) ENGINE=InnoDB DEFAULT CHARSET=utf8;

/*Data for the table `xx_point_log` */

/*Table structure for table `xx_product` */

DROP TABLE IF EXISTS `xx_product`;

CREATE TABLE `xx_product` (
  `id` bigint(20) NOT NULL AUTO_INCREMENT,
  `create_date` datetime NOT NULL,
  `modify_date` datetime NOT NULL,
  `version` bigint(20) NOT NULL,
  `allocated_stock` int(11) NOT NULL,
  `cost` decimal(21,6) DEFAULT NULL,
  `exchange_point` bigint(20) NOT NULL,
  `is_default` bit(1) NOT NULL,
  `market_price` decimal(21,6) NOT NULL,
  `price` decimal(21,6) NOT NULL,
  `reward_point` bigint(20) NOT NULL,
  `sn` varchar(255) NOT NULL,
  `specification_values` longtext,
  `stock` int(11) NOT NULL,
  `goods` bigint(20) NOT NULL,
  PRIMARY KEY (`id`),
  UNIQUE KEY `uni_product_sn` (`sn`),
  KEY `ind_product_goods` (`goods`),
  CONSTRAINT `fk_product_goods` FOREIGN KEY (`goods`) REFERENCES `xx_goods` (`id`)
) ENGINE=InnoDB AUTO_INCREMENT=29 DEFAULT CHARSET=utf8;

/*Data for the table `xx_product` */

insert  into `xx_product`(`id`,`create_date`,`modify_date`,`version`,`allocated_stock`,`cost`,`exchange_point`,`is_default`,`market_price`,`price`,`reward_point`,`sn`,`specification_values`,`stock`,`goods`) values (26,'2017-04-11 14:40:00','2017-04-11 15:49:06',2,1,NULL,0,'','1200.000000','1000.000000',0,'1829299303306','[]',100000,23),(27,'2017-06-18 19:52:19','2017-06-19 20:00:00',2,0,'100.000000',0,'','123123.000000','1000.000000',1000,'31311352','[]',1111,24),(28,'2017-06-18 19:53:35','2017-06-19 20:00:00',12,0,NULL,0,'','254545.200000','212121.000000',212121,'11111111','[]',1222,25);

/*Table structure for table `xx_product_category` */

DROP TABLE IF EXISTS `xx_product_category`;

CREATE TABLE `xx_product_category` (
  `id` bigint(20) NOT NULL AUTO_INCREMENT,
  `create_date` datetime NOT NULL,
  `modify_date` datetime NOT NULL,
  `version` bigint(20) NOT NULL,
  `orders` int(11) DEFAULT NULL,
  `grade` int(11) NOT NULL,
  `name` varchar(255) NOT NULL,
  `image` varchar(255) DEFAULT NULL,
  `seo_description` varchar(255) DEFAULT NULL,
  `seo_keywords` varchar(255) DEFAULT NULL,
  `seo_title` varchar(255) DEFAULT NULL,
  `tree_path` varchar(255) NOT NULL,
  `parent` bigint(20) DEFAULT NULL,
  PRIMARY KEY (`id`),
  KEY `ind_product_category_parent` (`parent`),
  CONSTRAINT `fk_product_category_parent` FOREIGN KEY (`parent`) REFERENCES `xx_product_category` (`id`)
) ENGINE=InnoDB AUTO_INCREMENT=242 DEFAULT CHARSET=utf8;

/*Data for the table `xx_product_category` */

insert  into `xx_product_category`(`id`,`create_date`,`modify_date`,`version`,`orders`,`grade`,`name`,`image`,`seo_description`,`seo_keywords`,`seo_title`,`tree_path`,`parent`) values (1,'2017-06-18 00:00:19','2017-06-18 00:00:19',0,2,0,'农药',NULL,NULL,NULL,NULL,',',NULL),(2,'2017-06-18 00:00:20','2017-06-18 00:00:20',0,3,0,'肥料',NULL,NULL,NULL,NULL,',',NULL),(3,'2017-06-18 00:00:21','2017-06-18 00:00:21',0,1,0,'种子',NULL,NULL,NULL,NULL,',',NULL),(4,'2017-06-18 00:00:22','2017-06-18 00:00:22',0,4,0,'农机',NULL,NULL,NULL,NULL,',',NULL),(5,'2017-06-18 00:00:23','2017-06-18 00:00:23',0,5,0,'农产品',NULL,NULL,NULL,NULL,',',NULL),(6,'2017-06-18 00:00:24','2017-06-18 00:00:24',0,6,0,'农集定制',NULL,NULL,NULL,NULL,',',NULL),(7,'2017-06-18 00:00:25','2017-06-18 00:00:25',0,1,1,'杀虫剂',NULL,NULL,NULL,NULL,',1,',1),(8,'2017-06-18 00:00:26','2017-06-18 00:00:26',0,2,1,'杀菌剂',NULL,NULL,NULL,NULL,',1,',1),(9,'2017-06-18 00:00:27','2017-06-18 00:00:27',0,3,1,'杀螨剂',NULL,NULL,NULL,NULL,',1,',1),(10,'2017-06-18 00:00:28','2017-06-18 00:00:28',0,4,1,'除草剂',NULL,NULL,NULL,NULL,',1,',1),(11,'2017-06-18 00:00:29','2017-06-18 00:00:29',0,5,1,'植物调节剂',NULL,NULL,NULL,NULL,',1,',1),(12,'2017-06-18 00:00:30','2017-06-18 00:00:30',0,6,1,'植物免疫剂',NULL,NULL,NULL,NULL,',1,',1),(13,'2017-06-18 00:00:31','2017-06-18 00:00:31',0,7,1,'杀鼠剂',NULL,NULL,NULL,NULL,',1,',1),(14,'2017-06-18 00:00:32','2017-06-18 00:00:32',0,1,1,'复合复混肥',NULL,NULL,NULL,NULL,',2,',2),(15,'2017-06-18 00:00:33','2017-06-18 00:00:33',0,2,1,'氮肥',NULL,NULL,NULL,NULL,',2,',2),(16,'2017-06-18 00:00:34','2017-06-18 00:00:34',0,3,1,'磷肥',NULL,NULL,NULL,NULL,',2,',2),(17,'2017-06-18 00:00:35','2017-06-18 00:00:35',0,4,1,'钾肥',NULL,NULL,NULL,NULL,',2,',2),(18,'2017-06-18 00:00:36','2017-06-18 00:00:36',0,5,1,'生物肥',NULL,NULL,NULL,NULL,',2,',2),(19,'2017-06-18 00:00:37','2017-06-18 00:00:37',0,6,1,'有机肥',NULL,NULL,NULL,NULL,',2,',2),(20,'2017-06-18 00:00:38','2017-06-18 00:00:38',0,7,1,'药肥',NULL,NULL,NULL,NULL,',2,',2),(21,'2017-06-18 00:00:39','2017-06-18 00:00:39',0,1,1,'小麦种子',NULL,NULL,NULL,NULL,',3,',3),(22,'2017-06-18 00:00:40','2017-06-18 00:00:40',0,2,1,'玉米种子',NULL,NULL,NULL,NULL,',3,',3),(23,'2017-06-18 00:00:41','2017-06-18 00:00:41',0,3,1,'大田种子',NULL,NULL,NULL,NULL,',3,',3),(24,'2017-06-18 00:00:42','2017-06-18 00:00:42',0,4,1,'茄果类',NULL,NULL,NULL,NULL,',3,',3),(25,'2017-06-18 00:00:43','2017-06-18 00:00:43',0,5,1,'根菜类',NULL,NULL,NULL,NULL,',3,',3),(26,'2017-06-18 00:00:44','2017-06-18 00:00:44',0,1,1,'田间管理机械',NULL,NULL,NULL,NULL,',4,',4),(27,'2017-06-18 00:00:45','2017-06-18 00:00:45',0,2,1,'耕整地机械',NULL,NULL,NULL,NULL,',4,',4),(28,'2017-06-18 00:00:46','2017-06-18 00:00:46',0,3,1,'排灌机械',NULL,NULL,NULL,NULL,',4,',4),(29,'2017-06-18 00:00:47','2017-06-18 00:00:47',0,4,1,'收获机械',NULL,NULL,NULL,NULL,',4,',4),(30,'2017-06-18 00:00:48','2017-06-18 00:00:48',0,5,1,'农产品加工',NULL,NULL,NULL,NULL,',4,',4),(31,'2017-06-18 00:00:49','2017-06-18 00:00:49',0,1,1,'水果',NULL,NULL,NULL,NULL,',5,',5),(32,'2017-06-18 00:00:50','2017-06-18 00:00:50',0,2,1,'蔬菜',NULL,NULL,NULL,NULL,',5,',5),(33,'2017-06-18 00:00:51','2017-06-18 00:00:51',0,3,1,'特产副食',NULL,NULL,NULL,NULL,',5,',5),(34,'2017-06-18 00:00:52','2017-06-18 00:00:52',0,4,1,'农副产品',NULL,NULL,NULL,NULL,',5,',5),(35,'2017-06-18 00:00:53','2017-06-18 00:00:53',0,5,1,'粮油作物',NULL,NULL,NULL,NULL,',5,',5),(36,'2017-06-18 00:00:54','2017-06-18 00:00:54',0,1,1,'手机',NULL,NULL,NULL,NULL,',6,',6),(37,'2017-06-18 00:00:55','2017-06-18 00:00:55',0,2,1,'办公',NULL,NULL,NULL,NULL,',6,',6),(38,'2017-06-18 00:00:56','2017-06-18 00:00:56',0,3,1,'服装',NULL,NULL,NULL,NULL,',6,',6),(39,'2017-06-18 00:00:57','2017-06-18 00:00:57',0,4,1,'其他',NULL,NULL,NULL,NULL,',6,',6),(41,'2017-06-18 00:00:58','2017-06-18 00:00:58',0,1,2,'胃毒剂',NULL,NULL,NULL,NULL,',1,7,',7),(42,'2017-06-18 00:00:59','2017-06-18 00:00:59',0,2,2,'触杀剂',NULL,NULL,NULL,NULL,',1,7,',7),(43,'2017-06-18 00:01:00','2017-06-18 00:01:00',0,3,2,'内吸剂',NULL,NULL,NULL,NULL,',1,7,',7),(44,'2017-06-18 00:01:01','2017-06-18 00:01:01',0,4,2,'拒食剂',NULL,NULL,NULL,NULL,',1,7,',7),(45,'2017-06-18 00:01:02','2017-06-18 00:01:02',0,3,2,'保护性',NULL,NULL,NULL,NULL,',1,8,',8),(46,'2017-06-18 00:01:03','2017-06-18 00:01:03',0,4,2,'治疗性',NULL,NULL,NULL,NULL,',1,8,',8),(47,'2017-06-18 00:01:04','2017-06-18 00:01:04',0,5,2,'铲除性',NULL,NULL,NULL,NULL,',1,8,',8),(48,'2017-06-18 00:01:05','2017-06-18 00:01:05',0,1,2,'胃毒剂',NULL,NULL,NULL,NULL,',1,9,',9),(49,'2017-06-18 00:01:06','2017-06-18 00:01:06',0,2,2,'触杀剂',NULL,NULL,NULL,NULL,',1,9,',9),(50,'2017-06-18 00:01:07','2017-06-18 00:01:07',0,3,2,'内吸剂',NULL,NULL,NULL,NULL,',1,9,',9),(51,'2017-06-18 00:01:08','2017-06-18 00:01:08',0,4,2,'拒食剂',NULL,NULL,NULL,NULL,',1,9,',9),(52,'2017-06-18 00:01:09','2017-06-18 00:01:09',0,1,2,'内吸性除草剂',NULL,NULL,NULL,NULL,',1,10,',10),(53,'2017-06-18 00:01:10','2017-06-18 00:01:10',0,2,2,'触杀性除草剂',NULL,NULL,NULL,NULL,',1,10,',10),(54,'2017-06-18 00:01:11','2017-06-18 00:01:11',0,3,2,'灭生性除草剂',NULL,NULL,NULL,NULL,',1,10,',10),(55,'2017-06-18 00:01:12','2017-06-18 00:01:12',0,4,2,'选择性除草剂',NULL,NULL,NULL,NULL,',1,10,',10),(56,'2017-06-18 00:01:13','2017-06-18 00:01:13',0,1,2,'延长贮藏器官休眠',NULL,NULL,NULL,NULL,',1,11,',11),(57,'2017-06-18 00:01:14','2017-06-18 00:01:14',0,2,2,'打破休眠促进萌发',NULL,NULL,NULL,NULL,',1,11,',11),(58,'2017-06-18 00:01:15','2017-06-18 00:01:15',0,3,2,'促进茎叶生长',NULL,NULL,NULL,NULL,',1,11,',11),(59,'2017-06-18 00:01:16','2017-06-18 00:01:16',0,4,2,'促进生根',NULL,NULL,NULL,NULL,',1,11,',11),(60,'2017-06-18 00:01:17','2017-06-18 00:01:17',0,5,2,'抑制茎叶芽的生长',NULL,NULL,NULL,NULL,',1,11,',11),(61,'2017-06-18 00:01:18','2017-06-18 00:01:18',0,6,2,'促进花芽形成',NULL,NULL,NULL,NULL,',1,11,',11),(62,'2017-06-18 00:01:19','2017-06-18 00:01:19',0,7,2,'抑制花芽形成',NULL,NULL,NULL,NULL,',1,11,',11),(63,'2017-06-18 00:01:20','2017-06-18 00:01:20',0,1,2,'植物免疫诱抗剂',NULL,NULL,NULL,NULL,',1,12,',12),(64,'2017-06-18 00:01:21','2017-06-18 00:01:21',0,2,2,'植物疫苗',NULL,NULL,NULL,NULL,',1,12,',12),(65,'2017-06-18 00:01:22','2017-06-18 00:01:22',0,1,2,'慢性药剂',NULL,NULL,NULL,NULL,',1,13,',13),(66,'2017-06-18 00:01:23','2017-06-18 00:01:23',0,2,2,'急性药剂',NULL,NULL,NULL,NULL,',1,13,',13),(67,'2017-06-18 00:01:24','2017-06-18 00:01:24',0,3,2,'抗凝血杀鼠剂',NULL,NULL,NULL,NULL,',1,13,',13),(68,'2017-06-18 00:01:25','2017-06-18 00:01:25',0,1,2,'常用含量',NULL,NULL,NULL,NULL,',2,14,',14),(69,'2017-06-18 00:01:26','2017-06-18 00:01:26',0,2,2,'无机复混肥料',NULL,NULL,NULL,NULL,',2,14,',14),(70,'2017-06-18 00:01:27','2017-06-18 00:01:27',0,3,2,'有机无机复混肥料',NULL,NULL,NULL,NULL,',2,14,',14),(71,'2017-06-18 00:01:28','2017-06-18 00:01:28',0,4,2,'喷施用复混肥料',NULL,NULL,NULL,NULL,',2,14,',14),(72,'2017-06-18 00:01:29','2017-06-18 00:01:29',0,5,2,'液体复混肥料',NULL,NULL,NULL,NULL,',2,14,',14),(73,'2017-06-18 00:01:30','2017-06-18 00:01:30',0,6,2,'含腐殖酸复混肥料',NULL,NULL,NULL,NULL,',2,14,',14),(74,'2017-06-18 00:01:31','2017-06-18 00:01:31',0,1,2,'尿素',NULL,NULL,NULL,NULL,',2,15,',15),(75,'2017-06-18 00:01:32','2017-06-18 00:01:32',0,2,2,'碳酸氢铵',NULL,NULL,NULL,NULL,',2,15,',15),(76,'2017-06-18 00:01:33','2017-06-18 00:01:33',0,1,2,'过磷酸钙',NULL,NULL,NULL,NULL,',2,16,',16),(77,'2017-06-18 00:01:34','2017-06-18 00:01:34',0,2,2,'重过磷酸钙',NULL,NULL,NULL,NULL,',2,16,',16),(78,'2017-06-18 00:01:35','2017-06-18 00:01:35',0,3,2,'水溶性磷肥',NULL,NULL,NULL,NULL,',2,16,',16),(79,'2017-06-18 00:01:36','2017-06-18 00:01:36',0,1,2,'氯化钾',NULL,NULL,NULL,NULL,',2,17,',17),(80,'2017-06-18 00:01:37','2017-06-18 00:01:37',0,2,2,'硫酸钾',NULL,NULL,NULL,NULL,',2,17,',17),(81,'2017-06-18 00:01:38','2017-06-18 00:01:38',0,3,2,'水溶性钾肥',NULL,NULL,NULL,NULL,',2,17,',17),(82,'2017-06-18 00:01:39','2017-06-18 00:01:39',0,1,2,'生物有机肥料',NULL,NULL,NULL,NULL,',2,18,',18),(83,'2017-06-18 00:01:40','2017-06-18 00:01:40',0,2,2,'微生物接种剂',NULL,NULL,NULL,NULL,',2,18,',18),(84,'2017-06-18 00:01:41','2017-06-18 00:01:41',0,3,2,'光合细菌肥料',NULL,NULL,NULL,NULL,',2,18,',18),(85,'2017-06-18 00:01:42','2017-06-18 00:01:42',0,1,2,'绿肥',NULL,NULL,NULL,NULL,',2,19,',19),(86,'2017-06-18 00:01:43','2017-06-18 00:01:43',0,2,2,'厩肥',NULL,NULL,NULL,NULL,',2,19,',19),(87,'2017-06-18 00:01:44','2017-06-18 00:01:44',0,3,2,'作物秸秆',NULL,NULL,NULL,NULL,',2,19,',19),(88,'2017-06-18 00:01:45','2017-06-18 00:01:45',0,1,2,'除草药肥',NULL,NULL,NULL,NULL,',2,20,',20),(89,'2017-06-18 00:01:46','2017-06-18 00:01:46',0,2,2,'杀地下害虫药肥',NULL,NULL,NULL,NULL,',2,20,',20),(90,'2017-06-18 00:01:47','2017-06-18 00:01:47',0,3,2,'防土传病害药肥',NULL,NULL,NULL,NULL,',2,20,',20),(91,'2017-06-18 00:01:48','2017-06-18 00:01:48',0,4,2,'缓释药肥',NULL,NULL,NULL,NULL,',2,20,',20),(92,'2017-06-18 00:01:49','2017-06-18 00:01:49',0,1,2,'春小麦',NULL,NULL,NULL,NULL,',3,21,',21),(93,'2017-06-18 00:01:50','2017-06-18 00:01:50',0,2,2,'冬小麦',NULL,NULL,NULL,NULL,',3,21,',21),(94,'2017-06-18 00:01:51','2017-06-18 00:01:51',0,3,2,'红麦',NULL,NULL,NULL,NULL,',3,21,',21),(95,'2017-06-18 00:01:52','2017-06-18 00:01:52',0,4,2,'白麦',NULL,NULL,NULL,NULL,',3,21,',21),(96,'2017-06-18 00:01:53','2017-06-18 00:01:53',0,1,2,'常规玉米',NULL,NULL,NULL,NULL,',3,22,',22),(97,'2017-06-18 00:01:54','2017-06-18 00:01:54',0,2,2,'商品玉米',NULL,NULL,NULL,NULL,',3,22,',22),(98,'2017-06-18 00:01:55','2017-06-18 00:01:55',0,1,2,'花生',NULL,NULL,NULL,NULL,',3,23,',23),(99,'2017-06-18 00:01:56','2017-06-18 00:01:56',0,2,2,'水稻',NULL,NULL,NULL,NULL,',3,23,',23),(100,'2017-06-18 00:01:57','2017-06-18 00:01:57',0,3,2,'棉花',NULL,NULL,NULL,NULL,',3,23,',23),(101,'2017-06-18 00:01:58','2017-06-18 00:01:58',0,4,2,'绿豆',NULL,NULL,NULL,NULL,',3,23,',23),(102,'2017-06-18 00:01:59','2017-06-18 00:01:59',0,5,2,'大豆',NULL,NULL,NULL,NULL,',3,23,',23),(103,'2017-06-18 00:02:00','2017-06-18 00:02:00',0,6,2,'油菜',NULL,NULL,NULL,NULL,',3,23,',23),(104,'2017-06-18 00:02:01','2017-06-18 00:02:01',0,1,2,'番茄类',NULL,NULL,NULL,NULL,',3,24,',24),(105,'2017-06-18 00:02:02','2017-06-18 00:02:02',0,2,2,'辣椒类',NULL,NULL,NULL,NULL,',3,24,',24),(106,'2017-06-18 00:02:03','2017-06-18 00:02:03',0,1,2,'萝卜类',NULL,NULL,NULL,NULL,',3,25,',25),(107,'2017-06-18 00:02:04','2017-06-18 00:02:04',0,2,2,'大蒜类',NULL,NULL,NULL,NULL,',3,25,',25),(108,'2017-06-18 00:02:05','2017-06-18 00:02:05',0,3,2,'根菜类',NULL,NULL,NULL,NULL,',3,25,',25),(109,'2017-06-18 00:02:06','2017-06-18 00:02:06',0,1,2,'喷药机械',NULL,NULL,NULL,NULL,',4,26,',26),(110,'2017-06-18 00:02:07','2017-06-18 00:02:07',0,2,2,'施肥机械',NULL,NULL,NULL,NULL,',4,26,',26),(111,'2017-06-18 00:02:08','2017-06-18 00:02:08',0,3,2,'田间管理',NULL,NULL,NULL,NULL,',4,26,',26),(112,'2017-06-18 00:02:09','2017-06-18 00:02:09',0,1,2,'耕地机械',NULL,NULL,NULL,NULL,',4,27,',27),(113,'2017-06-18 00:02:10','2017-06-18 00:02:10',0,2,2,'整地机械',NULL,NULL,NULL,NULL,',4,27,',27),(114,'2017-06-18 00:02:11','2017-06-18 00:02:11',0,1,2,'离心泵',NULL,NULL,NULL,NULL,',4,28,',28),(115,'2017-06-18 00:02:12','2017-06-18 00:02:12',0,2,2,'灌溉机',NULL,NULL,NULL,NULL,',4,28,',28),(116,'2017-06-18 00:02:13','2017-06-18 00:02:13',0,3,2,'洒水车',NULL,NULL,NULL,NULL,',4,28,',28),(117,'2017-06-18 00:02:14','2017-06-18 00:02:14',0,4,2,'喷洒机',NULL,NULL,NULL,NULL,',4,28,',28),(118,'2017-06-18 00:02:15','2017-06-18 00:02:15',0,1,2,'收获机械',NULL,NULL,NULL,NULL,',4,29,',29),(119,'2017-06-18 00:02:16','2017-06-18 00:02:16',0,2,2,'收获后处理机械',NULL,NULL,NULL,NULL,',4,29,',29),(120,'2017-06-18 00:02:17','2017-06-18 00:02:17',0,1,2,'磨粉机',NULL,NULL,NULL,NULL,',4,30,',30),(121,'2017-06-18 00:02:18','2017-06-18 00:02:18',0,2,2,'碾粉机',NULL,NULL,NULL,NULL,',4,30,',30),(122,'2017-06-18 00:02:19','2017-06-18 00:02:19',0,3,2,'榨油机',NULL,NULL,NULL,NULL,',4,30,',30),(123,'2017-06-18 00:02:20','2017-06-18 00:02:20',0,4,2,'食品加工机械',NULL,NULL,NULL,NULL,',4,30,',30),(124,'2017-06-18 00:02:21','2017-06-18 00:02:21',0,5,2,'果蔬加工机械',NULL,NULL,NULL,NULL,',4,30,',30),(125,'2017-06-18 00:02:22','2017-06-18 00:02:22',0,1,2,'浆果类',NULL,NULL,NULL,NULL,',5,31,',31),(126,'2017-06-18 00:02:23','2017-06-18 00:02:23',0,2,2,'仁果类',NULL,NULL,NULL,NULL,',5,31,',31),(127,'2017-06-18 00:02:24','2017-06-18 00:02:24',0,3,2,'瓜类',NULL,NULL,NULL,NULL,',5,31,',31),(128,'2017-06-18 00:02:25','2017-06-18 00:02:25',0,4,2,'柑橘类',NULL,NULL,NULL,NULL,',5,31,',31),(129,'2017-06-18 00:02:26','2017-06-18 00:02:26',0,5,2,'核果类',NULL,NULL,NULL,NULL,',5,31,',31),(130,'2017-06-18 00:02:27','2017-06-18 00:02:27',0,6,2,'其他',NULL,NULL,NULL,NULL,',5,31,',31),(131,'2017-06-18 00:02:28','2017-06-18 00:02:28',0,1,2,'叶菜类',NULL,NULL,NULL,NULL,',5,32,',32),(132,'2017-06-18 00:02:29','2017-06-18 00:02:29',0,2,2,'根茎类',NULL,NULL,NULL,NULL,',5,32,',32),(133,'2017-06-18 00:02:30','2017-06-18 00:02:30',0,3,2,'芽苗菜',NULL,NULL,NULL,NULL,',5,32,',32),(134,'2017-06-18 00:02:31','2017-06-18 00:02:31',0,4,2,'花菜类',NULL,NULL,NULL,NULL,',5,32,',32),(135,'2017-06-18 00:02:32','2017-06-18 00:02:32',0,5,2,'果菜类',NULL,NULL,NULL,NULL,',5,32,',32),(136,'2017-06-18 00:02:33','2017-06-18 00:02:33',0,6,2,'菌类',NULL,NULL,NULL,NULL,',5,32,',32),(137,'2017-06-18 00:02:34','2017-06-18 00:02:34',0,1,2,'枣类',NULL,NULL,NULL,NULL,',5,33,',33),(138,'2017-06-18 00:02:35','2017-06-18 00:02:35',0,2,2,'干果类',NULL,NULL,NULL,NULL,',5,33,',33),(139,'2017-06-18 00:02:36','2017-06-18 00:02:36',0,3,2,'果干类',NULL,NULL,NULL,NULL,',5,33,',33),(140,'2017-06-18 00:02:37','2017-06-18 00:02:37',0,4,2,'蜜饯类',NULL,NULL,NULL,NULL,',5,33,',33),(141,'2017-06-18 00:02:38','2017-06-18 00:02:38',0,1,2,'蛋类',NULL,NULL,NULL,NULL,',5,34,',34),(142,'2017-06-18 00:02:39','2017-06-18 00:02:39',0,2,2,'面食',NULL,NULL,NULL,NULL,',5,34,',34),(143,'2017-06-18 00:02:40','2017-06-18 00:02:40',0,3,2,'压榨类',NULL,NULL,NULL,NULL,',5,34,',34),(144,'2017-06-18 00:02:41','2017-06-18 00:02:41',0,1,2,'粮食',NULL,NULL,NULL,NULL,',5,35,',35),(145,'2017-06-18 00:02:42','2017-06-18 00:02:42',0,2,2,'豆类',NULL,NULL,NULL,NULL,',5,35,',35),(146,'2017-06-18 00:02:43','2017-06-18 00:02:43',0,3,2,'油料作物',NULL,NULL,NULL,NULL,',5,35,',35),(147,'2017-06-18 00:02:44','2017-06-18 00:02:44',0,4,2,'薯类',NULL,NULL,NULL,NULL,',5,35,',35),(241,'2017-06-18 00:02:45','2017-06-18 00:02:45',0,7,0,'积分商城',NULL,NULL,NULL,NULL,',',NULL);

/*Table structure for table `xx_product_category_brand` */

DROP TABLE IF EXISTS `xx_product_category_brand`;

CREATE TABLE `xx_product_category_brand` (
  `product_categories` bigint(20) NOT NULL,
  `brands` bigint(20) NOT NULL,
  PRIMARY KEY (`product_categories`,`brands`),
  KEY `ind_product_category_brand_b` (`brands`),
  CONSTRAINT `fk_product_category_brand_b` FOREIGN KEY (`brands`) REFERENCES `xx_brand` (`id`),
  CONSTRAINT `fk_product_category_brand_p_c` FOREIGN KEY (`product_categories`) REFERENCES `xx_product_category` (`id`)
) ENGINE=InnoDB DEFAULT CHARSET=utf8;

/*Data for the table `xx_product_category_brand` */

/*Table structure for table `xx_product_category_promotion` */

DROP TABLE IF EXISTS `xx_product_category_promotion`;

CREATE TABLE `xx_product_category_promotion` (
  `product_categories` bigint(20) NOT NULL,
  `promotions` bigint(20) NOT NULL,
  PRIMARY KEY (`product_categories`,`promotions`),
  KEY `ind_product_category_p_p` (`promotions`),
  CONSTRAINT `fk_product_category_p_p` FOREIGN KEY (`promotions`) REFERENCES `xx_promotion` (`id`),
  CONSTRAINT `fk_product_category_p_p_c` FOREIGN KEY (`product_categories`) REFERENCES `xx_product_category` (`id`)
) ENGINE=InnoDB DEFAULT CHARSET=utf8;

/*Data for the table `xx_product_category_promotion` */

/*Table structure for table `xx_product_notify` */

DROP TABLE IF EXISTS `xx_product_notify`;

CREATE TABLE `xx_product_notify` (
  `id` bigint(20) NOT NULL AUTO_INCREMENT,
  `create_date` datetime NOT NULL,
  `modify_date` datetime NOT NULL,
  `version` bigint(20) NOT NULL,
  `email` varchar(255) NOT NULL,
  `has_sent` bit(1) NOT NULL,
  `member` bigint(20) DEFAULT NULL,
  `product` bigint(20) NOT NULL,
  PRIMARY KEY (`id`),
  KEY `ind_product_notify_member` (`member`),
  KEY `ind_product_notify_product` (`product`),
  CONSTRAINT `fk_product_notify_member` FOREIGN KEY (`member`) REFERENCES `xx_member` (`id`),
  CONSTRAINT `fk_product_notify_product` FOREIGN KEY (`product`) REFERENCES `xx_product` (`id`)
) ENGINE=InnoDB DEFAULT CHARSET=utf8;

/*Data for the table `xx_product_notify` */

/*Table structure for table `xx_promotion` */

DROP TABLE IF EXISTS `xx_promotion`;

CREATE TABLE `xx_promotion` (
  `id` bigint(20) NOT NULL AUTO_INCREMENT,
  `create_date` datetime NOT NULL,
  `modify_date` datetime NOT NULL,
  `version` bigint(20) NOT NULL,
  `orders` int(11) DEFAULT NULL,
  `begin_date` datetime DEFAULT NULL,
  `end_date` datetime DEFAULT NULL,
  `image` varchar(255) DEFAULT NULL,
  `introduction` longtext,
  `is_coupon_allowed` bit(1) NOT NULL,
  `is_free_shipping` bit(1) NOT NULL,
  `maximum_price` decimal(21,6) DEFAULT NULL,
  `maximum_quantity` int(11) DEFAULT NULL,
  `minimum_price` decimal(21,6) DEFAULT NULL,
  `minimum_quantity` int(11) DEFAULT NULL,
  `name` varchar(255) NOT NULL,
  `point_expression` varchar(255) DEFAULT NULL,
  `price_expression` varchar(255) DEFAULT NULL,
  `title` varchar(255) NOT NULL,
  PRIMARY KEY (`id`)
) ENGINE=InnoDB AUTO_INCREMENT=4 DEFAULT CHARSET=utf8;

/*Data for the table `xx_promotion` */

insert  into `xx_promotion`(`id`,`create_date`,`modify_date`,`version`,`orders`,`begin_date`,`end_date`,`image`,`introduction`,`is_coupon_allowed`,`is_free_shipping`,`maximum_price`,`maximum_quantity`,`minimum_price`,`minimum_quantity`,`name`,`point_expression`,`price_expression`,`title`) values (1,'2017-06-18 00:59:56','2017-06-18 00:59:56',0,1,NULL,NULL,'http://localhost:8080/yngs/upload/image/201501/0a1ceb47-f51c-4dfb-9d51-cb723c2f8e78.jpg','<p>购买iPhone手机单笔订单满5000元立减100元优惠</p>','','\0',NULL,NULL,'5000.000000',NULL,'满减促销',NULL,'price - 100','iPhone促销专场'),(2,'2017-06-18 00:59:57','2017-06-18 00:59:57',0,2,NULL,NULL,'http://localhost:8080/yngs/upload/image/201501/98229d3b-08b7-4888-a99e-cf21a2a03b65.jpg','<p><img src=\"http://localhost:8080/yngs/upload/image/201501/1b57e495-210e-49e9-b98b-99f5c7cd2a7f.jpg\"/></p>','','\0',NULL,NULL,NULL,NULL,'折扣促销',NULL,'price * 0.95','联想笔记本促销专场'),(3,'2017-06-18 00:59:58','2017-06-18 00:59:58',0,3,NULL,NULL,'http://localhost:8080/yngs/upload/image/201501/2b71bacf-bd18-46fb-adab-072dd544ed66.jpg','<p>购买平板电视单笔订单满5000元赠送100元优惠券</p>','\0','\0',NULL,NULL,'5000.000000',NULL,'返券促销',NULL,NULL,'平板电视促销专场');

/*Table structure for table `xx_promotion_coupon` */

DROP TABLE IF EXISTS `xx_promotion_coupon`;

CREATE TABLE `xx_promotion_coupon` (
  `promotions` bigint(20) NOT NULL,
  `coupons` bigint(20) NOT NULL,
  PRIMARY KEY (`promotions`,`coupons`),
  KEY `ind_promotion_coupon_coupons` (`coupons`),
  CONSTRAINT `fk_promotion_coupon_coupons` FOREIGN KEY (`coupons`) REFERENCES `xx_coupon` (`id`),
  CONSTRAINT `fk_promotion_coupon_promotions` FOREIGN KEY (`promotions`) REFERENCES `xx_promotion` (`id`)
) ENGINE=InnoDB DEFAULT CHARSET=utf8;

/*Data for the table `xx_promotion_coupon` */

insert  into `xx_promotion_coupon`(`promotions`,`coupons`) values (3,1);

/*Table structure for table `xx_promotion_gift` */

DROP TABLE IF EXISTS `xx_promotion_gift`;

CREATE TABLE `xx_promotion_gift` (
  `gift_promotions` bigint(20) NOT NULL,
  `gifts` bigint(20) NOT NULL,
  PRIMARY KEY (`gift_promotions`,`gifts`),
  KEY `ind_promotion_gift_gifts` (`gifts`),
  CONSTRAINT `fk_promotion_gift_gifts` FOREIGN KEY (`gifts`) REFERENCES `xx_product` (`id`),
  CONSTRAINT `fk_promotion_gift_gift_p` FOREIGN KEY (`gift_promotions`) REFERENCES `xx_promotion` (`id`)
) ENGINE=InnoDB DEFAULT CHARSET=utf8;

/*Data for the table `xx_promotion_gift` */

/*Table structure for table `xx_promotion_member_rank` */

DROP TABLE IF EXISTS `xx_promotion_member_rank`;

CREATE TABLE `xx_promotion_member_rank` (
  `promotions` bigint(20) NOT NULL,
  `member_ranks` bigint(20) NOT NULL,
  PRIMARY KEY (`promotions`,`member_ranks`),
  KEY `ind_promotion_member_rank_m_r` (`member_ranks`),
  CONSTRAINT `fk_promotion_member_rank_m_r` FOREIGN KEY (`member_ranks`) REFERENCES `xx_member_rank` (`id`),
  CONSTRAINT `fk_promotion_member_rank_p` FOREIGN KEY (`promotions`) REFERENCES `xx_promotion` (`id`)
) ENGINE=InnoDB DEFAULT CHARSET=utf8;

/*Data for the table `xx_promotion_member_rank` */

insert  into `xx_promotion_member_rank`(`promotions`,`member_ranks`) values (1,1),(2,1),(3,1),(1,2),(2,2),(3,2),(1,3),(2,3),(3,3),(1,4),(2,4),(3,4);

/*Table structure for table `xx_receiver` */

DROP TABLE IF EXISTS `xx_receiver`;

CREATE TABLE `xx_receiver` (
  `id` bigint(20) NOT NULL AUTO_INCREMENT,
  `create_date` datetime NOT NULL,
  `modify_date` datetime NOT NULL,
  `version` bigint(20) NOT NULL,
  `address` varchar(255) NOT NULL,
  `area_name` varchar(255) NOT NULL,
  `consignee` varchar(255) NOT NULL,
  `is_default` bit(1) NOT NULL,
  `phone` varchar(255) NOT NULL,
  `zip_code` varchar(255) NOT NULL,
  `area` bigint(20) NOT NULL,
  `member` bigint(20) NOT NULL,
  PRIMARY KEY (`id`),
  KEY `ind_receiver_area` (`area`),
  KEY `ind_receiver_member` (`member`),
  CONSTRAINT `fk_receiver_area` FOREIGN KEY (`area`) REFERENCES `xx_area` (`id`),
  CONSTRAINT `fk_receiver_member` FOREIGN KEY (`member`) REFERENCES `xx_member` (`id`)
) ENGINE=InnoDB AUTO_INCREMENT=2 DEFAULT CHARSET=utf8;

/*Data for the table `xx_receiver` */

insert  into `xx_receiver`(`id`,`create_date`,`modify_date`,`version`,`address`,`area_name`,`consignee`,`is_default`,`phone`,`zip_code`,`area`,`member`) values (1,'2017-06-18 19:54:58','2017-06-18 19:54:58',0,'da','天津市河东区','ycc','\0','15555555555','000000',20,1);

/*Table structure for table `xx_refunds` */

DROP TABLE IF EXISTS `xx_refunds`;

CREATE TABLE `xx_refunds` (
  `id` bigint(20) NOT NULL AUTO_INCREMENT,
  `create_date` datetime NOT NULL,
  `modify_date` datetime NOT NULL,
  `version` bigint(20) NOT NULL,
  `account` varchar(255) DEFAULT NULL,
  `amount` decimal(21,6) NOT NULL,
  `bank` varchar(255) DEFAULT NULL,
  `memo` varchar(255) DEFAULT NULL,
  `method` int(11) NOT NULL,
  `operator` varchar(255) NOT NULL,
  `payee` varchar(255) DEFAULT NULL,
  `payment_method` varchar(255) DEFAULT NULL,
  `sn` varchar(255) NOT NULL,
  `orders` bigint(20) NOT NULL,
  PRIMARY KEY (`id`),
  UNIQUE KEY `uni_refunds_sn` (`sn`),
  KEY `ind_refunds_orders` (`orders`),
  CONSTRAINT `fk_refunds_orders` FOREIGN KEY (`orders`) REFERENCES `xx_order` (`id`)
) ENGINE=InnoDB DEFAULT CHARSET=utf8;

/*Data for the table `xx_refunds` */

/*Table structure for table `xx_returns` */

DROP TABLE IF EXISTS `xx_returns`;

CREATE TABLE `xx_returns` (
  `id` bigint(20) NOT NULL AUTO_INCREMENT,
  `create_date` datetime NOT NULL,
  `modify_date` datetime NOT NULL,
  `version` bigint(20) NOT NULL,
  `address` varchar(255) DEFAULT NULL,
  `area` varchar(255) DEFAULT NULL,
  `delivery_corp` varchar(255) DEFAULT NULL,
  `freight` decimal(21,6) DEFAULT NULL,
  `memo` varchar(255) DEFAULT NULL,
  `operator` varchar(255) NOT NULL,
  `phone` varchar(255) DEFAULT NULL,
  `shipper` varchar(255) DEFAULT NULL,
  `shipping_method` varchar(255) DEFAULT NULL,
  `sn` varchar(255) NOT NULL,
  `tracking_no` varchar(255) DEFAULT NULL,
  `zip_code` varchar(255) DEFAULT NULL,
  `orders` bigint(20) NOT NULL,
  PRIMARY KEY (`id`),
  UNIQUE KEY `uni_returns_sn` (`sn`),
  KEY `ind_returns_orders` (`orders`),
  CONSTRAINT `fk_returns_orders` FOREIGN KEY (`orders`) REFERENCES `xx_order` (`id`)
) ENGINE=InnoDB DEFAULT CHARSET=utf8;

/*Data for the table `xx_returns` */

/*Table structure for table `xx_returns_item` */

DROP TABLE IF EXISTS `xx_returns_item`;

CREATE TABLE `xx_returns_item` (
  `id` bigint(20) NOT NULL AUTO_INCREMENT,
  `create_date` datetime NOT NULL,
  `modify_date` datetime NOT NULL,
  `version` bigint(20) NOT NULL,
  `name` varchar(255) NOT NULL,
  `quantity` int(11) NOT NULL,
  `sn` varchar(255) NOT NULL,
  `specifications` longtext,
  `returns` bigint(20) NOT NULL,
  PRIMARY KEY (`id`),
  KEY `ind_returns_item_returns` (`returns`),
  CONSTRAINT `fk_returns_item_returns` FOREIGN KEY (`returns`) REFERENCES `xx_returns` (`id`)
) ENGINE=InnoDB DEFAULT CHARSET=utf8;

/*Data for the table `xx_returns_item` */

/*Table structure for table `xx_review` */

DROP TABLE IF EXISTS `xx_review`;

CREATE TABLE `xx_review` (
  `id` bigint(20) NOT NULL AUTO_INCREMENT,
  `create_date` datetime NOT NULL,
  `modify_date` datetime NOT NULL,
  `version` bigint(20) NOT NULL,
  `content` varchar(255) NOT NULL,
  `ip` varchar(255) NOT NULL,
  `is_show` bit(1) NOT NULL,
  `score` int(11) NOT NULL,
  `goods` bigint(20) NOT NULL,
  `member` bigint(20) DEFAULT NULL,
  PRIMARY KEY (`id`),
  KEY `ind_review_goods` (`goods`),
  KEY `ind_review_member` (`member`),
  CONSTRAINT `fk_review_goods` FOREIGN KEY (`goods`) REFERENCES `xx_goods` (`id`),
  CONSTRAINT `fk_review_member` FOREIGN KEY (`member`) REFERENCES `xx_member` (`id`)
) ENGINE=InnoDB DEFAULT CHARSET=utf8;

/*Data for the table `xx_review` */

/*Table structure for table `xx_role` */

DROP TABLE IF EXISTS `xx_role`;

CREATE TABLE `xx_role` (
  `id` bigint(20) NOT NULL AUTO_INCREMENT,
  `create_date` datetime NOT NULL,
  `modify_date` datetime NOT NULL,
  `version` bigint(20) NOT NULL,
  `authorities` longtext NOT NULL,
  `description` varchar(255) DEFAULT NULL,
  `is_system` bit(1) NOT NULL,
  `name` varchar(255) NOT NULL,
  PRIMARY KEY (`id`)
) ENGINE=InnoDB AUTO_INCREMENT=7 DEFAULT CHARSET=utf8;

/*Data for the table `xx_role` */

insert  into `xx_role`(`id`,`create_date`,`modify_date`,`version`,`authorities`,`description`,`is_system`,`name`) values (1,'2017-06-18 00:59:32','2017-06-18 00:59:32',0,'[\"admin:goods\",\"admin:stock\",\"admin:productCategory\",\"admin:parameter\",\"admin:attribute\",\"admin:specification\",\"admin:brand\",\"admin:productNotify\",\"admin:order\",\"admin:print\",\"admin:payment\",\"admin:refunds\",\"admin:shipping\",\"admin:returns\",\"admin:deliveryCenter\",\"admin:deliveryTemplate\",\"admin:untreatedDemand\",\"admin:myDemand\",\"admin:member\",\"admin:memberRank\",\"admin:memberAttribute\",\"admin:point\",\"admin:deposit\",\"admin:review\",\"admin:consultation\",\"admin:messageConfig\",\"admin:navigation\",\"admin:article\",\"admin:articleCategory\",\"admin:tag\",\"admin:friendLink\",\"admin:adPosition\",\"admin:ad\",\"admin:template\",\"admin:theme\",\"admin:cache\",\"admin:static\",\"admin:index\",\"admin:promotion\",\"admin:coupon\",\"admin:seo\",\"admin:sitemap\",\"admin:statistics\",\"admin:memberStatistic\",\"admin:orderStatistic\",\"admin:memberRanking\",\"admin:goodsRanking\",\"admin:unauditedShop\",\"admin:auditedShop\",\"admin:applyWithdrawAdminList\",\"admin:setting\",\"admin:area\",\"admin:paymentMethod\",\"admin:shippingMethod\",\"admin:deliveryCorp\",\"admin:paymentPlugin\",\"admin:storagePlugin\",\"admin:loginPlugin\",\"admin:admin\",\"admin:role\",\"admin:message\",\"admin:log\"]','拥有管理后台最高权限','','超级管理员'),(2,'2017-06-18 00:59:34','2017-06-18 00:59:34',0,'[\"admin:order\",\"admin:notify\",\"admin:print\",\"admin:member\",\"admin:statistics\",\"admin:memberStatistic\",\"admin:orderStatistic\",\"admin:memberRanking\",\"admin:goodsRanking\"]','县级服务站','\0','县级服务站'),(3,'2017-06-18 00:59:35','2017-06-18 00:59:35',0,'[\"admin:order\",\"admin:print\",\"admin:member\",\"admin:statistics\",\"admin:memberStatistic\",\"admin:orderStatistic\",\"admin:memberRanking\",\"admin:goodsRanking\"]','村级服务站','\0','村级服务站'),(4,'2017-06-18 00:59:36','2017-06-18 00:59:36',0,'[\"admin:itemShipping\",\"admin:statistics\",\"admin:memberStatistic\",\"admin:orderStatistic\",\"admin:memberRanking\",\"admin:goodsRanking\"]','生产企业','\0','生产企业'),(5,'2017-06-18 00:59:33','2017-06-18 00:59:33',0,'[\"admin:goods\",\"admin:stock\",\"admin:productCategory\",\"admin:parameter\",\"admin:attribute\",\"admin:specification\",\"admin:brand\",\"admin:productNotify\",\"admin:order\",\"admin:print\",\"admin:payment\",\"admin:refunds\",\"admin:shipping\",\"admin:returns\",\"admin:deliveryCenter\",\"admin:deliveryTemplate\",\"admin:untreatedDemand\",\"admin:myDemand\",\"admin:member\",\"admin:memberRank\",\"admin:memberAttribute\",\"admin:point\",\"admin:deposit\",\"admin:review\",\"admin:consultation\",\"admin:messageConfig\",\"admin:navigation\",\"admin:article\",\"admin:articleCategory\",\"admin:tag\",\"admin:friendLink\",\"admin:adPosition\",\"admin:ad\",\"admin:template\",\"admin:theme\",\"admin:cache\",\"admin:static\",\"admin:index\",\"admin:promotion\",\"admin:coupon\",\"admin:seo\",\"admin:sitemap\",\"admin:statistics\",\"admin:memberStatistic\",\"admin:orderStatistic\",\"admin:memberRanking\",\"admin:goodsRanking\",\"admin:unauditedShop\",\"admin:auditedShop\",\"admin:applyWithdrawAdminList\",\"admin:setting\",\"admin:area\",\"admin:paymentMethod\",\"admin:shippingMethod\",\"admin:deliveryCorp\",\"admin:paymentPlugin\",\"admin:storagePlugin\",\"admin:loginPlugin\",\"admin:admin\",\"admin:role\",\"admin:message\",\"admin:log\"]','拥有管理后台最高权限','\0','市场内勤'),(6,'2017-06-18 00:59:37','2017-06-18 00:59:37',0,'[\"admin:goods\",\"admin:stock\",\"admin:order\",\"admin:itemShipping\",\"admin:print\",\"admin:payment\",\"admin:refunds\",\"admin:shipping\",\"admin:statistics\",\"admin:orderStatistic\",\"admin:shopAccount\",\"admin:orderMessageStatistic\",\"admin:orderList\",\"admin:applyWithdrawList\",\"admin:applyWithdrawAdminList\"]','商户','\0','商户');

/*Table structure for table `xx_seo` */

DROP TABLE IF EXISTS `xx_seo`;

CREATE TABLE `xx_seo` (
  `id` bigint(20) NOT NULL AUTO_INCREMENT,
  `create_date` datetime NOT NULL,
  `modify_date` datetime NOT NULL,
  `version` bigint(20) NOT NULL,
  `description` varchar(255) DEFAULT NULL,
  `keywords` varchar(255) DEFAULT NULL,
  `title` varchar(255) DEFAULT NULL,
  `type` int(11) NOT NULL,
  PRIMARY KEY (`id`),
  UNIQUE KEY `uni_seo_type` (`type`)
) ENGINE=InnoDB AUTO_INCREMENT=10 DEFAULT CHARSET=utf8;

/*Data for the table `xx_seo` */

insert  into `xx_seo`(`id`,`create_date`,`modify_date`,`version`,`description`,`keywords`,`title`,`type`) values (1,'2017-06-18 00:58:10','2017-06-18 00:58:10',0,'${setting.siteName}','${setting.siteName}','${setting.siteName}',0),(2,'2017-06-18 00:58:11','2017-06-18 00:58:11',0,'${articleCategory.name}','${articleCategory.name}','${articleCategory.name}',1),(3,'2017-06-18 00:58:12','2017-06-18 00:58:12',0,'${articleKeyword}','${articleKeyword}','${articleKeyword}',2),(4,'2017-06-18 00:58:13','2017-06-18 00:58:13',0,'${article.title}','${article.title}','${article.title}',3),(5,'2017-06-18 00:58:14','2017-06-18 00:58:14',0,'${productCategory.name}','${productCategory.name}','${productCategory.name}',4),(6,'2017-06-18 00:58:15','2017-06-18 00:58:15',0,'${goodsKeyword}','${goodsKeyword}','${goodsKeyword}',5),(7,'2017-06-18 00:58:16','2017-06-18 00:58:16',0,'${goods.name}','${goods.name}','${goods.name}',6),(8,'2017-06-18 00:58:17','2017-06-18 00:58:17',0,'${setting.siteName}','${setting.siteName}','${setting.siteName}',7),(9,'2017-06-18 00:58:18','2017-06-18 00:58:18',0,'${brand.name}','${brand.name}','${brand.name}',8);

/*Table structure for table `xx_shipping` */

DROP TABLE IF EXISTS `xx_shipping`;

CREATE TABLE `xx_shipping` (
  `id` bigint(20) NOT NULL AUTO_INCREMENT,
  `create_date` datetime NOT NULL,
  `modify_date` datetime NOT NULL,
  `version` bigint(20) NOT NULL,
  `address` varchar(255) DEFAULT NULL,
  `area` varchar(255) DEFAULT NULL,
  `consignee` varchar(255) DEFAULT NULL,
  `delivery_corp` varchar(255) DEFAULT NULL,
  `delivery_corp_code` varchar(255) DEFAULT NULL,
  `delivery_corp_url` varchar(255) DEFAULT NULL,
  `freight` decimal(21,6) DEFAULT NULL,
  `memo` varchar(255) DEFAULT NULL,
  `operator` varchar(255) NOT NULL,
  `phone` varchar(255) DEFAULT NULL,
  `shipping_method` varchar(255) DEFAULT NULL,
  `sn` varchar(255) NOT NULL,
  `tracking_no` varchar(255) DEFAULT NULL,
  `zip_code` varchar(255) DEFAULT NULL,
  `orders` bigint(20) NOT NULL,
  PRIMARY KEY (`id`),
  UNIQUE KEY `uni_shipping_sn` (`sn`),
  KEY `ind_shipping_orders` (`orders`),
  CONSTRAINT `fk_shipping_orders` FOREIGN KEY (`orders`) REFERENCES `xx_order` (`id`)
) ENGINE=InnoDB DEFAULT CHARSET=utf8;

/*Data for the table `xx_shipping` */

/*Table structure for table `xx_shipping_item` */

DROP TABLE IF EXISTS `xx_shipping_item`;

CREATE TABLE `xx_shipping_item` (
  `id` bigint(20) NOT NULL AUTO_INCREMENT,
  `create_date` datetime NOT NULL,
  `modify_date` datetime NOT NULL,
  `version` bigint(20) NOT NULL,
  `is_delivery` bit(1) NOT NULL,
  `name` varchar(255) NOT NULL,
  `quantity` int(11) NOT NULL,
  `sn` varchar(255) NOT NULL,
  `specifications` longtext,
  `product` bigint(20) DEFAULT NULL,
  `shipping` bigint(20) NOT NULL,
  PRIMARY KEY (`id`),
  KEY `ind_shipping_item_product` (`product`),
  KEY `ind_shipping_item_shipping` (`shipping`),
  CONSTRAINT `fk_shipping_item_product` FOREIGN KEY (`product`) REFERENCES `xx_product` (`id`),
  CONSTRAINT `fk_shipping_item_shipping` FOREIGN KEY (`shipping`) REFERENCES `xx_shipping` (`id`)
) ENGINE=InnoDB DEFAULT CHARSET=utf8;

/*Data for the table `xx_shipping_item` */

/*Table structure for table `xx_shipping_method` */

DROP TABLE IF EXISTS `xx_shipping_method`;

CREATE TABLE `xx_shipping_method` (
  `id` bigint(20) NOT NULL AUTO_INCREMENT,
  `create_date` datetime NOT NULL,
  `modify_date` datetime NOT NULL,
  `version` bigint(20) NOT NULL,
  `orders` int(11) DEFAULT NULL,
  `continue_weight` int(11) NOT NULL,
  `default_continue_price` decimal(21,6) NOT NULL,
  `default_first_price` decimal(21,6) NOT NULL,
  `description` varchar(255) DEFAULT NULL,
  `first_weight` int(11) NOT NULL,
  `icon` varchar(255) DEFAULT NULL,
  `name` varchar(255) NOT NULL,
  `default_delivery_corp` bigint(20) DEFAULT NULL,
  PRIMARY KEY (`id`),
  KEY `ind_shipping_method_d_d_c` (`default_delivery_corp`),
  CONSTRAINT `fk_shipping_method_default_d_c` FOREIGN KEY (`default_delivery_corp`) REFERENCES `xx_delivery_corp` (`id`)
) ENGINE=InnoDB AUTO_INCREMENT=2 DEFAULT CHARSET=utf8;

/*Data for the table `xx_shipping_method` */

insert  into `xx_shipping_method`(`id`,`create_date`,`modify_date`,`version`,`orders`,`continue_weight`,`default_continue_price`,`default_first_price`,`description`,`first_weight`,`icon`,`name`,`default_delivery_corp`) values (1,'2017-06-18 00:59:17','2017-06-18 00:59:17',0,1,1000,'0.000000','0.000000','系统将根据您的收货地址自动匹配快递公司进行配送，享受免运费服务',10000,'http://localhost:8080/yngs/upload/image/201611/473d43a5-f519-4d31-bc96-a90599aaf4a7.gif','普通快递',1);

/*Table structure for table `xx_shipping_payment_method` */

DROP TABLE IF EXISTS `xx_shipping_payment_method`;

CREATE TABLE `xx_shipping_payment_method` (
  `shipping_methods` bigint(20) NOT NULL,
  `payment_methods` bigint(20) NOT NULL,
  PRIMARY KEY (`shipping_methods`,`payment_methods`),
  KEY `ind_shipping_payment_m_p_m` (`payment_methods`),
  CONSTRAINT `fk_shipping_payment_method_p_m` FOREIGN KEY (`payment_methods`) REFERENCES `xx_payment_method` (`id`),
  CONSTRAINT `fk_shipping_payment_method_s_m` FOREIGN KEY (`shipping_methods`) REFERENCES `xx_shipping_method` (`id`)
) ENGINE=InnoDB DEFAULT CHARSET=utf8;

/*Data for the table `xx_shipping_payment_method` */

insert  into `xx_shipping_payment_method`(`shipping_methods`,`payment_methods`) values (1,1),(1,2);

/*Table structure for table `xx_shop` */

DROP TABLE IF EXISTS `xx_shop`;

CREATE TABLE `xx_shop` (
  `id` bigint(20) NOT NULL AUTO_INCREMENT,
  `create_date` datetime NOT NULL,
  `modify_date` datetime NOT NULL,
  `version` bigint(20) NOT NULL,
  `id_card` varchar(255) DEFAULT NULL,
  `front_id_card_picture` varchar(255) DEFAULT NULL,
  `contrary_id_card_picture` varchar(255) DEFAULT NULL,
  `company_name` varchar(255) DEFAULT NULL,
  `company_address` varchar(255) DEFAULT NULL,
  `business_license_code` varchar(255) DEFAULT NULL,
  `business_license_picture` varchar(255) DEFAULT NULL,
  `open_bank_name` varchar(255) DEFAULT NULL,
  `open_men_name` varchar(255) DEFAULT NULL,
  `company_bank_code` varchar(255) DEFAULT NULL,
  `person_bank_code` varchar(255) DEFAULT NULL,
  `order_sn` varchar(255) DEFAULT NULL,
  `withdraw_money` decimal(21,6) DEFAULT NULL,
  `freeze_money` decimal(21,6) DEFAULT NULL,
  `area` varchar(255) DEFAULT NULL,
  `member` bigint(20) DEFAULT NULL,
  `status` int(11) NOT NULL,
  `type` int(11) NOT NULL,
  `admin` bigint(20) DEFAULT NULL,
  PRIMARY KEY (`id`),
  KEY `fk_admin_shop` (`admin`),
  KEY `FK_iq8e1vspncj16smyrlsjlut4k` (`member`),
  CONSTRAINT `fk_admin_shop` FOREIGN KEY (`admin`) REFERENCES `xx_admin` (`id`),
  CONSTRAINT `FK_iq8e1vspncj16smyrlsjlut4k` FOREIGN KEY (`member`) REFERENCES `xx_member` (`id`)
) ENGINE=InnoDB DEFAULT CHARSET=utf8;

/*Data for the table `xx_shop` */

/*Table structure for table `xx_sn` */

DROP TABLE IF EXISTS `xx_sn`;

CREATE TABLE `xx_sn` (
  `id` bigint(20) NOT NULL AUTO_INCREMENT,
  `create_date` datetime NOT NULL,
  `modify_date` datetime NOT NULL,
  `version` bigint(20) NOT NULL,
  `last_value` bigint(20) NOT NULL,
  `type` int(11) NOT NULL,
  PRIMARY KEY (`id`),
  UNIQUE KEY `uni_sn_type` (`type`)
) ENGINE=InnoDB AUTO_INCREMENT=8 DEFAULT CHARSET=utf8;

/*Data for the table `xx_sn` */

insert  into `xx_sn`(`id`,`create_date`,`modify_date`,`version`,`last_value`,`type`) values (1,'2017-06-18 00:57:48','2017-06-18 00:57:48',0,200,0),(2,'2017-06-18 00:57:49','2017-06-18 00:57:49',0,200,1),(3,'2017-06-18 00:57:50','2017-06-18 19:55:01',1,201,2),(4,'2017-06-18 00:57:51','2017-06-18 00:57:51',0,200,3),(5,'2017-06-18 00:57:52','2017-06-18 00:57:52',0,200,4),(6,'2017-06-18 00:57:53','2017-06-18 00:57:53',0,200,5),(7,'2017-06-18 00:57:54','2017-06-18 00:57:54',0,200,6);

/*Table structure for table `xx_specification` */

DROP TABLE IF EXISTS `xx_specification`;

CREATE TABLE `xx_specification` (
  `id` bigint(20) NOT NULL AUTO_INCREMENT,
  `create_date` datetime NOT NULL,
  `modify_date` datetime NOT NULL,
  `version` bigint(20) NOT NULL,
  `orders` int(11) DEFAULT NULL,
  `name` varchar(255) NOT NULL,
  `options` longtext NOT NULL,
  `product_category` bigint(20) NOT NULL,
  PRIMARY KEY (`id`),
  KEY `ind_specification_product_c` (`product_category`),
  CONSTRAINT `fk_specification_product_c` FOREIGN KEY (`product_category`) REFERENCES `xx_product_category` (`id`)
) ENGINE=InnoDB DEFAULT CHARSET=utf8;

/*Data for the table `xx_specification` */

/*Table structure for table `xx_statistic` */

DROP TABLE IF EXISTS `xx_statistic`;

CREATE TABLE `xx_statistic` (
  `id` bigint(20) NOT NULL AUTO_INCREMENT,
  `create_date` datetime NOT NULL,
  `modify_date` datetime NOT NULL,
  `version` bigint(20) NOT NULL,
  `complete_order_amount` decimal(21,6) NOT NULL,
  `complete_order_count` bigint(20) NOT NULL,
  `create_order_amount` decimal(21,6) NOT NULL,
  `create_order_count` bigint(20) NOT NULL,
  `day` int(11) NOT NULL,
  `month` int(11) NOT NULL,
  `register_member_count` bigint(20) NOT NULL,
  `year` int(11) NOT NULL,
  `admin` bigint(20) DEFAULT NULL,
  PRIMARY KEY (`id`),
  KEY `FK_hgfvle44n65e7tdmk07c60l5p` (`admin`),
  CONSTRAINT `FK_hgfvle44n65e7tdmk07c60l5p` FOREIGN KEY (`admin`) REFERENCES `xx_admin` (`id`)
) ENGINE=InnoDB DEFAULT CHARSET=utf8;

/*Data for the table `xx_statistic` */

/*Table structure for table `xx_stock_log` */

DROP TABLE IF EXISTS `xx_stock_log`;

CREATE TABLE `xx_stock_log` (
  `id` bigint(20) NOT NULL AUTO_INCREMENT,
  `create_date` datetime NOT NULL,
  `modify_date` datetime NOT NULL,
  `version` bigint(20) NOT NULL,
  `in_quantity` int(11) NOT NULL,
  `memo` varchar(255) DEFAULT NULL,
  `operator` varchar(255) NOT NULL,
  `out_quantity` int(11) NOT NULL,
  `stock` int(11) NOT NULL,
  `type` int(11) NOT NULL,
  `product` bigint(20) NOT NULL,
  PRIMARY KEY (`id`),
  KEY `ind_stock_log_product` (`product`),
  CONSTRAINT `fk_stock_log_product` FOREIGN KEY (`product`) REFERENCES `xx_product` (`id`)
) ENGINE=InnoDB AUTO_INCREMENT=33 DEFAULT CHARSET=utf8;

/*Data for the table `xx_stock_log` */

insert  into `xx_stock_log`(`id`,`create_date`,`modify_date`,`version`,`in_quantity`,`memo`,`operator`,`out_quantity`,`stock`,`type`,`product`) values (30,'2017-04-11 14:40:00','2017-04-11 14:40:00',0,100000,NULL,'admin',0,100000,0,26),(31,'2017-06-18 19:52:19','2017-06-18 19:52:19',0,1111,NULL,'admin',0,1111,0,27),(32,'2017-06-18 19:53:35','2017-06-18 19:53:35',0,1222,NULL,'admin',0,1222,0,28);

/*Table structure for table `xx_tag` */

DROP TABLE IF EXISTS `xx_tag`;

CREATE TABLE `xx_tag` (
  `id` bigint(20) NOT NULL AUTO_INCREMENT,
  `create_date` datetime NOT NULL,
  `modify_date` datetime NOT NULL,
  `version` bigint(20) NOT NULL,
  `orders` int(11) DEFAULT NULL,
  `icon` varchar(255) DEFAULT NULL,
  `memo` varchar(255) DEFAULT NULL,
  `name` varchar(255) NOT NULL,
  `type` int(11) NOT NULL,
  PRIMARY KEY (`id`)
) ENGINE=InnoDB AUTO_INCREMENT=5 DEFAULT CHARSET=utf8;

/*Data for the table `xx_tag` */

insert  into `xx_tag`(`id`,`create_date`,`modify_date`,`version`,`orders`,`icon`,`memo`,`name`,`type`) values (1,'2017-06-18 00:59:06','2017-06-18 00:59:06',0,1,NULL,NULL,'热点',0),(2,'2017-06-18 00:59:07','2017-06-18 00:59:07',0,2,NULL,NULL,'推荐',0),(3,'2017-06-18 00:59:08','2017-06-18 00:59:08',0,3,NULL,NULL,'热销',1),(4,'2017-06-18 00:59:09','2017-06-18 00:59:09',0,4,NULL,NULL,'最新',1);

/*Table structure for table `xx_user_token` */

DROP TABLE IF EXISTS `xx_user_token`;

CREATE TABLE `xx_user_token` (
  `id` bigint(20) NOT NULL AUTO_INCREMENT,
  `create_date` datetime NOT NULL,
  `modify_date` datetime NOT NULL,
  `version` bigint(20) NOT NULL,
  `token` varchar(255) DEFAULT NULL,
  `member` bigint(20) NOT NULL,
  PRIMARY KEY (`id`),
  KEY `FK_f7s9twb96jwq7yvjmausaw2xa` (`member`),
  CONSTRAINT `FK_f7s9twb96jwq7yvjmausaw2xa` FOREIGN KEY (`member`) REFERENCES `xx_member` (`id`)
) ENGINE=InnoDB AUTO_INCREMENT=3 DEFAULT CHARSET=utf8;

/*Data for the table `xx_user_token` */

insert  into `xx_user_token`(`id`,`create_date`,`modify_date`,`version`,`token`,`member`) values (1,'2017-06-18 19:47:33','2017-06-19 11:41:48',1,'1382aa9198e2d5455017a9e2a99abcd9',1),(2,'2017-06-19 17:51:31','2017-06-19 17:51:31',0,'9c6e051dbabd32dd1d72614f3467f9f0',4);

/*!40101 SET SQL_MODE=@OLD_SQL_MODE */;
/*!40014 SET FOREIGN_KEY_CHECKS=@OLD_FOREIGN_KEY_CHECKS */;
/*!40014 SET UNIQUE_CHECKS=@OLD_UNIQUE_CHECKS */;
/*!40111 SET SQL_NOTES=@OLD_SQL_NOTES */;
